id,bilissel_performans_skoru
1,6.038188739191033
2,6.55243738939096
3,2.990620437254892
4,7.190528344333151
5,3.7164536639276795
6,5.435815159487243
7,3.386202775383942
8,7.354755043513693
9,3.7458201340789747
10,3.7350965049255778
11,8.512690994548525
12,4.198797048496825
13,6.355969967438711
14,6.911786722747371
15,5.86550116247444
16,4.292985802781735
17,7.243915927108728
18,8.007518810648362
19,7.385010190624308
20,4.8056475877986085
21,4.300033112708819
22,7.391407349680256
23,2.7775946791967527
24,5.290774684008381
25,7.282769511189339
26,6.806692219255722
27,7.100007577696626
28,8.268693319851673
29,4.053461608297362
30,7.694460531756585
31,6.924313597800679
32,6.66468719153651
33,5.357522434533445
34,5.2506435892188055
35,4.318503188300279
36,5.437170966186483
37,4.725449995585056
38,5.885282611972861
39,7.443457632278596
40,7.939626033760048
41,6.4933807712980665
42,6.09572630857346
43,6.9150080707996855
44,5.540317764287626
45,8.98788181836987
46,1.713416125248338
47,5.1622482124018365
48,6.761659962289856
49,4.878023394476497
50,7.858248678975286
51,7.101368993667267
52,3.2012684845179264
53,6.8869385000207775
54,7.262979844732962
55,4.354443121895167
56,5.91535248694963
57,2.4602930124711153
58,3.6027891073704748
59,4.622023731153323
60,4.076038989170405
61,8.77296643618145
62,8.651041473117935
63,7.377350982600386
64,5.48729281941506
65,4.537047677020282
66,6.24530845879761
67,4.731789878861512
68,5.544637614861225
69,7.589082209033169
70,3.0786287175472147
71,4.517611584156719
72,8.46014224495827
73,8.252717597636515
74,5.7884181074463115
75,2.7254288300529836
76,7.378734334416947
77,4.516782346441313
78,3.8609015797916157
79,8.911455190067057
80,6.04129626927144
81,4.081226592859515
82,4.9300753678058715
83,6.180905905429137
84,7.369448907038629
85,5.699846553514521
86,7.032870665436398
87,7.348870348142555
88,7.429941964278592
89,3.1726549453064026
90,8.353020866968208
91,4.113835910762922
92,2.8609154021250163
93,5.97917975920096
94,7.778865155400982
95,5.796123740214666
96,7.6813150857652115
97,4.690739755018716
98,3.9769331724382324
99,6.069474001973906
100,8.940341476763429
101,5.153290994577781
102,6.0370188283511865
103,5.286986373701591
104,3.677964194998881
105,6.226707489790714
106,5.5121831833652255
107,8.028435478817892
108,8.743392002247445
109,7.866133591167383
110,7.958087478210263
111,3.951382563972399
112,2.9206661714266593
113,6.761713644478894
114,5.687591233798073
115,7.045360955298643
116,8.296193019740935
117,7.758031560258797
118,7.624869222335612
119,8.747113792937549
120,3.555692371168092
121,1.4217201810357736
122,6.245584568937357
123,7.231267449839844
124,3.7233789158298998
125,3.2864905613133475
126,8.01763910384176
127,4.43127906898501
128,7.023445276442128
129,4.567180698826945
130,8.300842485443455
131,5.698374481165546
132,5.965028937515652
133,4.735065698376432
134,6.786933825030845
135,7.375929256739355
136,7.600919463419564
137,7.413750681520066
138,6.523287096982298
139,4.525209030564515
140,6.497635433100688
141,7.416441565139079
142,4.972413090852228
143,3.6148242982702476
144,4.5150819509987095
145,5.928855149869646
146,8.361125885346953
147,6.158570164958322
148,8.04076533090339
149,3.396697249857527
150,6.90771659042092
151,7.96905446916485
152,2.5097176916496284
153,4.937230420393954
154,7.883792799328204
155,5.901891278148154
156,8.531194989686222
157,4.475509162317955
158,4.896350922026521
159,4.8518281403333
160,4.491634378031382
161,4.165760806440228
162,6.234042490730084
163,4.503277926770776
164,3.9606592479638394
165,8.713604022709433
166,5.961352417558318
167,8.396015436238878
168,3.9899420856191963
169,7.838489729814318
170,7.704870640399264
171,6.837882049053768
172,7.719029235023369
173,3.4455940197704744
174,4.684153972377564
175,8.103872255274851
176,6.071536572721897
177,6.347980530784287
178,5.8281485480353465
179,1.4711169909798611
180,6.246687222391076
181,3.4821858933656333
182,3.4076493412335522
183,3.8257407844800864
184,4.1156848407822135
185,9.009869537570674
186,6.068551175565162
187,4.628248553708363
188,9.132795353588312
189,5.945685528012421
190,5.834953057257927
191,4.0393678078135995
192,2.918738300102208
193,5.5048457393126675
194,4.038180733888071
195,8.965042612893761
196,8.220137526185223
197,6.721391106617054
198,7.357513052177106
199,6.715594686050718
200,2.916335345754221
201,8.788271687471521
202,6.7834946754383925
203,5.580379233638519
204,4.441590428307872
205,8.74679583417957
206,6.0837696397108285
207,6.539276296312041
208,3.716188773610239
209,6.211742528155767
210,6.372790099750987
211,4.562499188151661
212,8.358438889097991
213,2.9255538754123567
214,5.225973403665289
215,6.488116965484437
216,9.471726733181447
217,8.364181463817241
218,4.333080073829027
219,5.522589400937015
220,5.0758026121706
221,0.940779960590802
222,5.421321999907412
223,2.9227671781841993
224,8.160523685429451
225,5.97682313653195
226,8.113769652169063
227,7.619038661765279
228,5.376333403774758
229,3.55958275614513
230,2.9361919794318596
231,7.423887693557015
232,7.4195858945894635
233,3.83668387727708
234,1.4841006659494012
235,6.694213292574177
236,5.638230808672049
237,7.103678354837735
238,5.72030811269773
239,7.51775050784763
240,3.8361994390943326
241,9.025791623080629
242,6.51609915582522
243,4.647673390637899
244,4.641507098880185
245,4.293360628005632
246,1.7208844639478338
247,7.596587841709422
248,6.009883392742583
249,7.252555790058981
250,8.470505381358002
251,6.342763930973616
252,6.956839033260427
253,7.203775152655069
254,5.6422779214053165
255,2.0060007695897655
256,8.791126055864165
257,4.518547688886406
258,4.704711542139962
259,6.438515415668463
260,6.382696207758897
261,2.2350110202955302
262,5.476568351962596
263,5.970541007677733
264,4.843247957849176
265,4.44394737598865
266,6.202863759353123
267,4.172165101220041
268,8.930230716828824
269,7.366238290931771
270,2.0741275917399826
271,4.8201372208720965
272,9.342513318649909
273,3.663195966032401
274,5.809999058130522
275,9.215815647934017
276,6.09933279607112
277,9.288792407424598
278,5.411447946089503
279,3.9231357891661043
280,2.2946095361162993
281,5.186176366435907
282,8.80309330607487
283,6.200919266962099
284,6.1025878997747185
285,7.729474028148028
286,3.231908322797989
287,3.2125237462193446
288,8.149801040901666
289,3.625246545412915
290,4.292686006711903
291,3.2120974329659857
292,3.8261844157850593
293,5.415987744708231
294,8.814661639238956
295,7.23356648292475
296,4.699343170245914
297,6.289212547721947
298,7.524477959690796
299,4.64225840023661
300,4.502695431536838
301,8.672188873390034
302,3.177799367215547
303,7.46604859202323
304,3.6899542126757106
305,8.870454306525279
306,8.059497070370373
307,6.8163827984608485
308,4.942471836113293
309,5.1946531053109
310,4.400321907479816
311,5.5228971471556205
312,5.146415348405986
313,9.455525850063726
314,6.9895296330090435
315,5.422719429000089
316,5.789192387149362
317,2.5732805455861114
318,5.41248200687861
319,5.211856741331554
320,4.154202294559074
321,5.6399195121244645
322,5.386394975166014
323,3.6212957744842074
324,4.906618137549875
325,7.778511675989411
326,7.3822841171403795
327,6.501057062498091
328,6.979212808374529
329,3.7000856133669586
330,8.94921408474203
331,9.062229349841889
332,6.901571137825631
333,4.766015757055285
334,8.837376900701527
335,6.6469402847335495
336,5.809864393279151
337,5.4227439324079825
338,7.7203499364559125
339,5.093368038756513
340,6.897274513894007
341,3.929346258494002
342,2.472398339373814
343,7.024416452693487
344,4.459827558218488
345,5.637019019061611
346,6.077222799941646
347,5.848552022137293
348,6.1488412982186755
349,4.462915822166231
350,4.1976613538624115
351,6.443271106049773
352,4.352524983718226
353,7.270092270075137
354,6.29329648050614
355,3.4707746279808984
356,5.632916851913663
357,6.7796641824764485
358,5.591204719464428
359,3.4348952400493715
360,8.394809901048905
361,6.867112224635672
362,5.375224598336557
363,1.7283787047363668
364,3.093434309477326
365,6.537597652650869
366,5.482166961173281
367,3.620278393834803
368,7.016197373534926
369,6.389678707085972
370,3.6046885946936205
371,8.35026774813407
372,6.588587618875819
373,6.776889198244315
374,4.05405724365862
375,6.196673451915803
376,7.666401769768854
377,6.058484918859818
378,8.186906155935032
379,6.520380821753637
380,8.677758210139615
381,8.817830720541998
382,3.2857568533108346
383,3.80628126510208
384,6.712832203909359
385,7.654014644107078
386,6.552069677853698
387,9.283817081381489
388,7.630355468792884
389,9.752108179103368
390,6.371965170247496
391,5.240550191409643
392,3.6508230790499927
393,4.003062258624722
394,8.621749365589475
395,5.269633493123113
396,5.5306998841914865
397,5.944764683127103
398,0.6649651984756677
399,8.620227706995951
400,6.744081202803151
401,7.67081968115589
402,3.3670749096842285
403,4.2873234367370445
404,6.95639083968074
405,7.92047282336152
406,3.9441611122385316
407,5.610651113701116
408,5.7319258445303465
409,6.211488173766126
410,5.2854297844735925
411,4.704789492631564
412,6.701530888605611
413,5.659373089970187
414,6.330270358028561
415,5.027633438819225
416,5.070952688938299
417,5.194097986728016
418,6.11756885667159
419,5.959961149409441
420,3.146498203674979
421,4.04934788995824
422,6.488336328152737
423,4.462763721723878
424,2.884100427247625
425,6.361181911429247
426,5.062232623068268
427,3.3763510286412592
428,4.1365063903229515
429,6.171373161996791
430,5.972084241470292
431,7.812052765645362
432,6.5384010266371
433,7.685347900436711
434,4.2948412787653645
435,4.847063169359447
436,4.434848295966015
437,6.533332760306356
438,7.39544004946445
439,3.7711123813435363
440,7.806660629584003
441,7.730906013973057
442,2.7107321713746324
443,6.259418549842024
444,5.169839675238553
445,2.139354809098409
446,3.6162411434596873
447,7.999365779614406
448,2.308973418171848
449,8.830377152801269
450,6.00974785720734
451,7.6974600886742035
452,7.0224312460199085
453,8.576378117132565
454,5.374969746080459
455,4.654500401220548
456,7.59957741734711
457,5.0828675014500195
458,4.779858453421488
459,6.439618690822587
460,6.723868095959143
461,4.069251889685226
462,7.386256654080739
463,9.075918430753777
464,4.91919364653112
465,5.692926863289556
466,8.216171047343225
467,6.612506086886357
468,5.526119741102141
469,5.053655951878985
470,6.297166749402946
471,5.853770376674129
472,7.0182631405617695
473,8.796788070952873
474,4.291179563905263
475,4.362008685772054
476,4.850439400551792
477,7.503213510736574
478,6.575167012190275
479,8.095440858621544
480,4.440371007715708
481,6.398932091717704
482,8.3388796763244
483,4.519487023317118
484,5.852798752772482
485,7.714045399381373
486,7.355634066836388
487,2.2965381741155686
488,6.557170216973777
489,6.6055492242517975
490,5.562430021113818
491,9.982957486792856
492,2.802052055613123
493,6.332465765118881
494,1.103121109265746
495,6.2284957855235135
496,7.027577699825589
497,6.8732130457280896
498,7.433998971305831
499,3.790239099363209
500,6.518593405843472
501,4.889983117419224
502,4.722522997102099
503,8.473019081518274
504,4.86563661000159
505,3.765498029805226
506,5.173779972442691
507,7.492817093937902
508,6.506833350042422
509,8.409930623378731
510,2.345960649151334
511,8.5280116637282
512,6.638816299883387
513,4.131836897981627
514,6.979343102460938
515,5.025199981352897
516,8.945667929834602
517,4.750276527042287
518,6.320761555021029
519,4.1051263256213
520,3.3708642072640793
521,7.864103830489894
522,5.643892734209689
523,1.5268575363116195
524,9.204117676650753
525,7.367759968277307
526,4.779635918910235
527,4.510815599339305
528,3.419931073435295
529,7.5917526962157105
530,7.576587127222103
531,6.30116749180144
532,2.1141156835760757
533,9.053442995801191
534,8.499269311231632
535,6.767553898682
536,5.91325987917878
537,6.903541352029817
538,8.802069665235393
539,2.8461377316751895
540,4.525233800917372
541,5.44656814030665
542,7.23571816203741
543,8.286662600836642
544,6.898857087004058
545,9.664182169388297
546,4.6468835086245015
547,4.512276811746505
548,7.299489166105028
549,6.304032896430119
550,7.335111309434483
551,4.638032278725145
552,7.412585627609136
553,8.910812999692016
554,6.598446329164517
555,6.5288730378098006
556,8.02584899045215
557,5.618240409743479
558,5.686071262609406
559,4.435544977060217
560,3.174340538990303
561,8.80559313649147
562,8.06762834537207
563,6.223770390373542
564,6.214763662183132
565,4.8788624365357345
566,3.024965708666633
567,7.519111506224864
568,6.474013016824197
569,4.502628405436966
570,8.466085490694377
571,6.30281736280511
572,8.543821321848542
573,4.716210945608905
574,8.934811026564171
575,5.676067279660835
576,4.87370274892507
577,7.698363131833968
578,4.539439901452492
579,6.719395038815703
580,6.088629057645519
581,7.036337491986378
582,4.282927391203973
583,4.983000099064374
584,4.548706271421741
585,6.4703491387033365
586,6.012996046370197
587,4.459251394727271
588,5.364553432326594
589,5.5986294205096705
590,7.215331673273464
591,4.02451851739776
592,3.173466671448346
593,7.271155841505904
594,6.060126302859954
595,6.492761188259282
596,9.77122392711723
597,5.4394228989605375
598,3.125439002811853
599,6.675466841328021
600,7.879967248942643
601,7.623778584102945
602,4.219282574551659
603,5.291045618115355
604,2.213873274852579
605,1.6816034957215635
606,8.398314650957872
607,6.533894775454849
608,5.287299801717283
609,5.707573350658497
610,5.851029585513638
611,5.170770598668369
612,4.802241259409878
613,6.645389501895274
614,3.745789119743684
615,6.566552025813721
616,8.194143315316573
617,7.118106196359703
618,8.089996778099025
619,1.339379469821313
620,5.867566991819835
621,4.520478755416986
622,4.643207710002665
623,2.3213796580737585
624,8.189860324468315
625,5.513061228335146
626,4.796593337355478
627,6.248828308603629
628,4.604497859384568
629,5.478136329421229
630,5.324543682554003
631,6.698544052881459
632,4.072179181239485
633,8.382436331399738
634,5.956062071813425
635,2.690943478704471
636,4.727729943675153
637,7.788148468369292
638,5.255096464056837
639,4.879935962926684
640,5.773076069302512
641,3.457181200552977
642,9.003423113647425
643,3.642278468413657
644,6.063300284729024
645,5.1460166853510625
646,4.346357168070961
647,9.728352853570893
648,6.649624436860128
649,7.39465554352013
650,3.1860722323060156
651,9.755469273886908
652,5.866676315249064
653,4.489648852075632
654,5.138743874006661
655,6.869359332576489
656,5.560124097301732
657,7.223510903330439
658,7.983840077984094
659,6.9152536172166865
660,3.594126727142832
661,3.424907012461945
662,7.128475498068323
663,7.49699974204472
664,7.349919747622096
665,5.056492252584706
666,9.246016350619858
667,4.422826342149903
668,6.187946909720466
669,6.511594942679871
670,8.382241228931111
671,5.040265620490208
672,7.163396185331029
673,5.181198928370147
674,8.029674119171911
675,7.08036539373596
676,8.144808498167896
677,5.851674446663482
678,8.532577266732575
679,3.838952535491151
680,7.999831744119534
681,2.523730686470004
682,5.524466139708146
683,3.4654659425866554
684,8.690901331272942
685,3.3970660173492924
686,6.616045694739507
687,5.476058026829167
688,6.193347456684954
689,8.669783891092766
690,6.437977928810385
691,6.753693933493549
692,5.636734969388206
693,5.1652306950564455
694,5.00905194996374
695,8.481787730889828
696,5.726796987892786
697,7.009934854801543
698,6.487214667136076
699,2.3465430197796513
700,3.6683030456595693
701,8.813025336521285
702,4.61600013164778
703,4.297252383371847
704,2.417873963501987
705,6.861821569813999
706,7.8264974531392
707,3.4282272645432106
708,6.958441697515566
709,7.680331891328126
710,3.7374977999458006
711,8.064947991925363
712,7.980295631376043
713,9.220942257779592
714,6.57693276388845
715,4.006860251369096
716,2.5367527221830612
717,4.001268965490858
718,6.748300031688981
719,4.922055942602296
720,6.053780477396534
721,6.188021655875861
722,5.8098204024249505
723,8.044840678737868
724,9.811894980324242
725,3.4254603732287463
726,6.117799086763987
727,6.935364610641971
728,6.457837233347989
729,6.179969457645017
730,4.666852652463529
731,8.291912973827971
732,9.497344877877982
733,4.001001977809427
734,2.476786904287783
735,7.657749973308637
736,7.366336564883573
737,5.537629632042372
738,5.241618481764071
739,4.682589747626351
740,4.6877073295533584
741,5.555403715164828
742,8.016799608030022
743,7.480254096906016
744,7.681135201869329
745,4.737476313689054
746,2.882563264405074
747,8.767624362799113
748,5.539885487979722
749,8.099677789865401
750,6.3067740415453954
751,3.8133032282451365
752,7.746840587252412
753,7.561031522051348
754,4.712378639351526
755,6.560289845826087
756,8.062979859508047
757,4.040286240972547
758,3.1632080997111274
759,4.157504410768771
760,8.226979425319707
761,5.504147129327291
762,6.27464975199306
763,5.655281499989966
764,6.886874200251459
765,9.015755350500477
766,8.374076745821242
767,7.843128757470487
768,3.2698032037892384
769,1.1721324467800933
770,7.191382331217561
771,6.478569959154143
772,4.954291381592293
773,6.551661244592354
774,7.121561187142419
775,4.977292948600828
776,7.030049785830681
777,5.4818976807001905
778,4.3832919274102276
779,5.707945812116164
780,4.264573748602372
781,7.269458737215164
782,7.792818429716809
783,8.594719387363401
784,4.463319566927804
785,7.736671714800396
786,6.350928458258282
787,5.1646878772490785
788,6.903374900058683
789,4.209372500717214
790,7.346758074185232
791,5.784291119983415
792,6.040251737732149
793,8.123406959379281
794,8.473249650490317
795,5.875673746027426
796,4.996211139950443
797,5.122424104041381
798,2.6722217807336803
799,7.237492119888252
800,6.072371678136701
801,5.007871226725497
802,6.78422803326696
803,6.57347040570296
804,6.180064071835501
805,5.733163617006706
806,4.588879101751848
807,8.010037471565186
808,3.4896058034218838
809,6.49932985668204
810,5.590154956589685
811,8.795813555696746
812,8.989992746518514
813,5.875135945467278
814,7.11735096326361
815,3.4608750800570944
816,5.780682951216174
817,4.112733646888932
818,2.3321826130682815
819,5.305140979037681
820,4.907327653224199
821,7.167342122742696
822,5.859890520254389
823,5.707010167549768
824,5.590067807439316
825,2.9050253023256634
826,5.5349948565774065
827,4.793467807888137
828,7.253270215204575
829,5.973342077741037
830,4.3609940406849645
831,5.1288044372141846
832,7.793696264600184
833,5.160640887232822
834,6.089279818805566
835,8.923281708916296
836,3.4099100052200613
837,6.8102643047186495
838,4.620874158089262
839,6.9179464388127165
840,6.704982685480922
841,8.33157246720911
842,8.017835114852694
843,7.169374180635118
844,7.4528790251930594
845,3.9849447281801584
846,5.21052389236644
847,5.301345817976017
848,7.312357948605744
849,3.3451511937275353
850,3.25758617751576
851,8.312415999738167
852,7.227145180425272
853,6.140900716077655
854,7.450943499892981
855,9.994973338094304
856,3.7243911732945056
857,2.486467048491598
858,3.3309268018096705
859,5.457695250380883
860,8.058762063238493
861,7.0406173110285755
862,6.339363045058632
863,6.055151913410857
864,6.543967554529872
865,5.097826611311874
866,8.90549377130575
867,4.224487278260099
868,4.098869586797314
869,3.1461180057944893
870,6.207129571822148
871,6.828879055302198
872,6.589438577321173
873,7.395247101638468
874,4.141013686823317
875,9.468800222365239
876,3.8800951168286475
877,7.3375592570376496
878,4.477793973325549
879,7.8187566108079665
880,7.178680614413794
881,6.6053189926917195
882,7.824449553870067
883,5.033583176086233
884,7.930793886228472
885,3.5540294166880697
886,2.5010490729089576
887,3.39805814177903
888,3.954143992809165
889,5.225956853457568
890,7.922812565537545
891,6.271187829015349
892,6.968106004756418
893,5.554656962163073
894,6.86313572547413
895,6.535226624715684
896,3.9228907322864695
897,4.556849642582241
898,4.89362950518564
899,8.474833975156844
900,8.960147989316281
901,6.854351132114428
902,4.460638662008174
903,9.241226742614694
904,1.1770152449804112
905,4.925848090275988
906,7.797059301918396
907,7.5633993285509025
908,3.949626873384645
909,3.969508560165137
910,7.043763447131619
911,2.7782805674343893
912,9.630700987322243
913,7.405423866292251
914,5.54575542547204
915,5.375426316911574
916,3.476754040035972
917,5.897309904605896
918,7.042987389041464
919,4.620313439689937
920,6.2979693829621315
921,7.113309072889807
922,7.117162314938618
923,6.932641488582399
924,5.247254562005371
925,8.386923465523148
926,8.213569236481451
927,7.798364695543392
928,6.243532835134763
929,8.541979542002336
930,5.581122741993919
931,9.473859411099491
932,7.509694775836477
933,4.098393932339804
934,3.038726262523041
935,2.9854489449798867
936,2.8768153287892724
937,7.923336774584982
938,6.810114180494369
939,7.287706440086758
940,3.5377314582529356
941,6.885928184794036
942,2.3226514832837912
943,9.40454269230715
944,5.826251409884487
945,7.945874111263654
946,7.515438875262068
947,8.12977380249352
948,9.583900866081787
949,6.152042603452571
950,7.136254999938947
951,4.836476305633532
952,4.423019208885309
953,5.4792250259529744
954,3.9168590935869396
955,6.045885806189753
956,6.722025229473579
957,4.346856019916813
958,2.756473946023218
959,3.941956119129718
960,4.318902484084311
961,7.674385399728605
962,8.568680751952927
963,4.321177296192235
964,7.894040120013848
965,3.170291388918794
966,6.281382689165943
967,3.9007215822178547
968,5.112796409283181
969,5.529910129752984
970,4.388582966596525
971,5.643283197415128
972,6.485459261847135
973,7.264528946901699
974,4.329421905460727
975,7.0184357227284595
976,5.126084510590536
977,4.705780761803767
978,8.302510855053175
979,5.60497827754672
980,5.351086853771888
981,7.6451371395294805
982,8.878426651048704
983,9.267896193442471
984,6.211870812952026
985,1.9114579797643023
986,8.181045549979105
987,8.392865813961244
988,1.6242437584044924
989,4.183827093701894
990,5.0631240829015365
991,5.629358220628919
992,4.424526554616645
993,6.741427114844056
994,4.395218577009967
995,6.91186190411595
996,4.4867265615818965
997,7.8466420846186855
998,3.9034463310043543
999,4.603445958617195
1000,6.14898445760239
1001,4.978639611621454
1002,7.484319277614307
1003,6.946029040827344
1004,7.768484676856914
1005,4.861279498852191
1006,4.422245151790583
1007,5.585422509263935
1008,7.228969508677832
1009,5.035647493972547
1010,6.524965017637819
1011,5.464716948825955
1012,7.283460537371675
1013,6.0750778612293495
1014,6.48790802055013
1015,7.630316300255786
1016,8.68294188016896
1017,8.140833941962928
1018,9.406002048686771
1019,6.201254690152909
1020,5.018277018150744
1021,3.679138070194058
1022,4.317758602729311
1023,6.827965774777754
1024,5.0914207953908415
1025,6.295690550578591
1026,7.724477930227225
1027,6.745079838818236
1028,5.409353407623731
1029,3.418796811062165
1030,5.621270542809364
1031,8.115587366554127
1032,7.7843071473736805
1033,8.468200593499933
1034,8.06370763686261
1035,6.590276281500065
1036,5.084127993940483
1037,7.925889019696639
1038,5.501380998377705
1039,8.117803905770359
1040,7.812244542636993
1041,6.184952783506963
1042,5.788705930828284
1043,6.461815772916368
1044,8.628334663163407
1045,5.644609629965972
1046,4.946623694940868
1047,6.607874938506095
1048,3.4517094016543504
1049,4.304267287940989
1050,7.018936799464228
1051,8.594156384055248
1052,6.360469026964953
1053,3.578293088422699
1054,6.039739514351692
1055,3.2578571274618016
1056,4.372738167031556
1057,2.760120349632321
1058,7.752940460247762
1059,6.518734120029664
1060,5.187403515431445
1061,9.173350714363327
1062,7.1297856643871835
1063,5.092254760073927
1064,6.15537413741554
1065,5.003532699246145
1066,5.353351877752785
1067,8.40744969957109
1068,7.676874663117662
1069,8.73085532670115
1070,6.214266791275027
1071,9.580461330257648
1072,7.200184481498656
1073,5.8490448710208245
1074,9.139461786257403
1075,7.634762229566193
1076,4.393802755037973
1077,5.7240639423958815
1078,7.51468249883836
1079,4.154892490769629
1080,4.4481497599700655
1081,10.006352323020614
1082,6.62640244795254
1083,5.027415003134814
1084,3.3547893244875904
1085,5.013213321328648
1086,4.038321671085985
1087,4.007754093912227
1088,3.0281825906039495
1089,2.5636006726359297
1090,7.816765311039474
1091,3.7203584098910114
1092,5.4054163769526005
1093,6.6164496088158495
1094,6.522793228385445
1095,6.0370918880007896
1096,9.101792775260462
1097,5.862246257081568
1098,5.192015555293079
1099,6.009581972400826
1100,5.305507525440129
1101,5.730045003174786
1102,7.342432375435857
1103,3.7638798664859463
1104,5.492705468673618
1105,6.074208766458698
1106,5.340757249570705
1107,8.41148668473133
1108,5.641916959557554
1109,8.275603241368987
1110,4.171005967691535
1111,3.3136912695629857
1112,4.229603039320456
1113,6.8900945026770195
1114,2.835460327937459
1115,4.893591255857023
1116,2.0971855714976417
1117,6.094401683583673
1118,5.820350332962288
1119,9.478252019427847
1120,8.61861332896948
1121,8.420056228942608
1122,6.7282144238050545
1123,6.685106655516045
1124,5.459466659531206
1125,3.309799756607813
1126,5.506639715123784
1127,2.6595943929406496
1128,8.113075386741713
1129,3.207738842266261
1130,5.856939463931341
1131,3.0641120112376985
1132,6.653270201906125
1133,6.3363911176608205
1134,3.2229544609817635
1135,5.611036842990049
1136,7.495324287480771
1137,4.01835844526836
1138,4.035851162504744
1139,7.034226811406789
1140,7.163885221194221
1141,5.129406871104909
1142,2.410282906156389
1143,7.732360561294797
1144,4.315045663288972
1145,2.2814460826713465
1146,8.430823889835226
1147,1.4952529138862072
1148,3.384178508994265
1149,5.702698572129483
1150,6.480437930906152
1151,7.808169836614379
1152,6.468617645274667
1153,5.181660198964275
1154,3.7772867305204754
1155,4.9621116276399135
1156,4.960752866579489
1157,4.9414895972320805
1158,3.673499458128358
1159,3.203388171774911
1160,6.224357174844132
1161,6.599102516694234
1162,7.293500154895929
1163,7.174932366958856
1164,4.644177132620575
1165,7.495418850940855
1166,6.9385605429932635
1167,6.853090779893711
1168,6.240663670979789
1169,5.807266707817537
1170,5.800330298819406
1171,5.329687568228597
1172,6.830198447081595
1173,3.886994279820096
1174,6.831815067183363
1175,3.842564569585951
1176,4.057361015728349
1177,4.847397212747316
1178,6.261737822458673
1179,6.836850150282677
1180,3.339511210326174
1181,5.656113865778818
1182,9.58063873378277
1183,3.4092916518224334
1184,4.038678415253964
1185,7.404979709866668
1186,5.095303080719003
1187,4.56960123318375
1188,7.572151424514916
1189,4.720696826122577
1190,6.885839072301067
1191,3.397507482126531
1192,5.016074779842757
1193,4.0189391583970036
1194,7.48560837695439
1195,3.918669111482482
1196,2.147330335608485
1197,7.913140565436281
1198,4.561407656230313
1199,6.511192895833696
1200,3.0865237529414538
1201,6.091822529477938
1202,8.728156831201169
1203,5.3857010725756655
1204,7.59888635145079
1205,4.997426495972082
1206,5.709684652920288
1207,4.068515863677856
1208,6.116169676746642
1209,8.080889535971126
1210,6.608963455331626
1211,7.803242728053466
1212,6.04737425018589
1213,8.75825192656036
1214,7.322203842197222
1215,5.628876886462575
1216,4.449641270085453
1217,7.376002866997219
1218,3.426194895366799
1219,4.608258677013185
1220,7.758771961130159
1221,5.831842692632717
1222,7.141800525878333
1223,5.250965173246878
1224,5.13969116579676
1225,7.281540058630517
1226,8.649165829505101
1227,7.262243960820471
1228,3.499809233127031
1229,6.788220245997547
1230,7.066660539976368
1231,10.02647633511629
1232,6.270131457154453
1233,7.943828171156161
1234,6.470714656193289
1235,6.680632186700983
1236,8.415373541038948
1237,3.5342567390390762
1238,7.791243237227613
1239,3.7913713853631243
1240,7.5300277138071925
1241,5.814879433673052
1242,5.871018753835687
1243,2.7120818507846485
1244,6.922324701460619
1245,4.6000409941867915
1246,5.464480459582118
1247,5.256308888079366
1248,4.6782709527610224
1249,6.412292876775446
1250,4.905705773207351
1251,8.512760171555229
1252,5.5165099052584
1253,9.003730984403898
1254,3.4821154577886366
1255,5.39074080773998
1256,6.673122351091433
1257,5.545102811100797
1258,4.384120470897988
1259,6.497217851127645
1260,5.981789207290843
1261,8.758619303875678
1262,8.295600713202603
1263,5.81146010017879
1264,8.184320119646584
1265,6.693739954408641
1266,7.600673323600738
1267,9.185530514158676
1268,8.060695284972796
1269,7.335800371400801
1270,9.649363789354968
1271,6.236936529950833
1272,4.460834057817401
1273,5.28450502730696
1274,7.066404170582782
1275,7.990249147394339
1276,5.427982729281724
1277,1.2745110899812686
1278,5.654940137075314
1279,3.866377124084148
1280,5.774249861191725
1281,4.743102766222032
1282,6.0616542264407345
1283,3.405857569672151
1284,6.187025767167853
1285,5.996656254881
1286,2.544775231379538
1287,4.8259761321267565
1288,6.259795057742766
1289,7.681133135435617
1290,3.043817745247554
1291,8.18315110840305
1292,5.644871587681808
1293,4.72164402879258
1294,3.5229818438529774
1295,7.356182541031317
1296,8.074123210674955
1297,4.528156364787768
1298,2.8720335983291023
1299,2.8911270925261134
1300,7.778312014317227
1301,7.282011741184193
1302,6.006622466277587
1303,6.570269601913569
1304,4.014597287904153
1305,6.951620775762549
1306,4.044687833878134
1307,4.9440049702424345
1308,6.129492721236543
1309,5.746435560945283
1310,5.106095198903904
1311,1.559743812652231
1312,6.893800998383151
1313,5.22939756482918
1314,7.701757137340406
1315,2.482835140779713
1316,8.779368316577669
1317,1.9506186032558712
1318,2.6379700748149295
1319,1.9336403759662826
1320,7.642568103327411
1321,3.862556538881508
1322,5.053641414509014
1323,6.028434023537312
1324,5.836055784497266
1325,8.726112166757103
1326,8.75638027620897
1327,5.419918070770838
1328,2.4567276647830867
1329,6.90382736433806
1330,5.602070760587381
1331,7.210806807529163
1332,8.118717278675016
1333,7.562113315618009
1334,5.839714442597167
1335,4.711095268989901
1336,5.835145867202253
1337,3.235711450750496
1338,4.593363703551568
1339,6.4033884209979455
1340,6.312307317379081
1341,6.18443810392653
1342,7.3773370502544005
1343,4.720933272701627
1344,6.356878496843997
1345,3.4860885541550215
1346,5.4661761629332
1347,6.9654010977252865
1348,3.902938749467216
1349,7.150633785319279
1350,7.079650499784156
1351,4.046673608312943
1352,6.902148425448356
1353,4.690043327445952
1354,6.919878343759702
1355,7.038148183927448
1356,4.67027816143105
1357,5.722440671735939
1358,7.538820179761907
1359,5.755641474750371
1360,4.84879349257506
1361,8.546018235349466
1362,8.570837281250624
1363,3.9385604906044085
1364,7.067198974671201
1365,4.424813686172207
1366,5.256224340821175
1367,9.599163484565379
1368,5.941293405735625
1369,7.731702504598468
1370,5.061923936490352
1371,7.674330615211227
1372,4.853160685725713
1373,7.352406720444225
1374,4.598212731385763
1375,6.947735462413048
1376,7.29938013392719
1377,5.4410252519928495
1378,5.819757416589937
1379,5.899178583735556
1380,5.397865142858411
1381,2.018944738227246
1382,9.21473800811054
1383,3.3947232552776754
1384,7.3955245719739855
1385,7.877498098383157
1386,5.473914055559025
1387,5.248379417223896
1388,6.603962505502899
1389,6.370208663471988
1390,4.600234795730868
1391,4.631393630035713
1392,3.854755141062607
1393,6.20644564833253
1394,5.114757158462913
1395,5.149646160590217
1396,7.050425496061123
1397,7.3585827304974245
1398,7.488894992427012
1399,4.924964643218207
1400,3.697982415694465
1401,4.666855441543515
1402,7.86227135803415
1403,7.595135586517495
1404,4.875876942003243
1405,6.260950949139641
1406,5.050620892556369
1407,3.1288335278541783
1408,5.075863896311847
1409,6.307992386020941
1410,5.656633606016017
1411,8.389810386892936
1412,5.073472266308931
1413,6.388185301913349
1414,8.65786348344124
1415,9.069233876402842
1416,4.385220066332407
1417,1.4035098273601911
1418,6.411564609735724
1419,6.335180736831892
1420,2.8917665426694037
1421,7.858662858085548
1422,9.040614198700476
1423,7.200019157956413
1424,7.484708191551941
1425,9.075724613331401
1426,8.062336983744602
1427,1.5013107626781501
1428,2.912899457532439
1429,5.289054909038663
1430,3.1636887562496505
1431,7.103982734108172
1432,4.810802544365788
1433,7.899631565063911
1434,5.324402133792146
1435,7.678466805243722
1436,8.577389892109126
1437,7.730368253834854
1438,7.921380994428665
1439,7.185500340698884
1440,7.877283306269618
1441,4.9462375328382855
1442,7.263529218279862
1443,7.112747080608727
1444,2.0615916394906577
1445,8.84888192396932
1446,6.545791047287982
1447,6.672760604374739
1448,9.01948783294867
1449,5.768306330754735
1450,8.23571883256092
1451,7.438785054942631
1452,7.081369455571926
1453,5.8809360795724075
1454,7.299015774958673
1455,7.2724104315740625
1456,7.639559141576914
1457,6.365251004431434
1458,4.678454735506294
1459,8.136816912753355
1460,2.3075708390068717
1461,6.3384558573437655
1462,4.17887830896422
1463,3.256809235773543
1464,4.674322470140444
1465,3.633964241620707
1466,7.246417291916582
1467,6.507369322753475
1468,7.071109725931839
1469,9.022036958697786
1470,2.3657789842833177
1471,6.143933824686815
1472,3.872677135473316
1473,8.23715216713777
1474,5.1440192798204025
1475,4.471305341000884
1476,7.8364810376668395
1477,6.490300464144199
1478,7.2369161722545785
1479,3.8539546248588588
1480,6.8762819576756335
1481,7.033969886174161
1482,7.075164847694867
1483,4.776534738619326
1484,4.6027166181745125
1485,8.352080724260603
1486,1.8554152417763015
1487,2.9995723937991525
1488,2.259358762936113
1489,4.478366447710666
1490,4.2773806995543024
1491,6.828541583394067
1492,6.296047609982912
1493,8.932053707288159
1494,3.581896841397311
1495,7.9467366583439
1496,4.957474895667665
1497,5.239305687946908
1498,6.511749927393702
1499,4.664310471954278
1500,8.379792509387135
1501,6.191309830037024
1502,7.2947635412206395
1503,5.847619009208605
1504,5.300617213446268
1505,4.353400088703557
1506,7.164168040141166
1507,7.0076820233507995
1508,6.1833959852821545
1509,3.2207016695428585
1510,4.789490729096511
1511,8.072476519660977
1512,2.471214795448587
1513,3.234757264743677
1514,8.473956234549727
1515,5.6979219998520865
1516,5.510960542460997
1517,7.577126157725742
1518,8.100024930916152
1519,6.136011973144639
1520,5.139360908067387
1521,4.85892867257901
1522,7.9595613438750865
1523,5.844979606657038
1524,2.9170314234978862
1525,3.831193636095813
1526,8.970899030686237
1527,3.9431798378576777
1528,5.8910146641767085
1529,6.958552139229478
1530,8.182801212112297
1531,4.832684253390243
1532,4.071722604487114
1533,6.268054360187653
1534,4.547150363953656
1535,5.191680949793083
1536,8.857694875947548
1537,5.1601759726233505
1538,7.004048756095904
1539,4.547904304313715
1540,6.826296044840369
1541,6.262044431703627
1542,6.815517708329963
1543,8.803270174273361
1544,6.595258944762039
1545,3.569099832925694
1546,7.693163866586103
1547,4.830694661868009
1548,7.781771083388758
1549,6.03818711333284
1550,6.202669327672417
1551,3.2151715873046456
1552,5.539347529069978
1553,4.389088672015684
1554,5.816085151954026
1555,5.684625507423754
1556,7.762235941854463
1557,7.375359457833281
1558,4.370718660420356
1559,5.421551005169667
1560,7.992312978394189
1561,5.234131592582729
1562,7.8686443995121484
1563,5.493720135178106
1564,4.676407184009516
1565,4.955001402250597
1566,7.615769639923977
1567,6.418783061138533
1568,4.993656865042416
1569,3.3471171543464324
1570,5.330339668712372
1571,5.3482098814518935
1572,8.819383999354802
1573,2.677702970785015
1574,6.524661694896643
1575,3.9217415116078707
1576,7.336800368269773
1577,5.163594655260556
1578,7.519620001520239
1579,4.011396423035583
1580,7.542404867591954
1581,6.9698949244676385
1582,2.4077369140163976
1583,3.098649336873142
1584,4.676412724581573
1585,7.117130285111419
1586,5.172133662537635
1587,6.8398786360289625
1588,8.162696621191936
1589,5.5491244461191584
1590,5.0136226596693145
1591,8.177428314175248
1592,7.598541484176936
1593,3.503645126377452
1594,4.46904948322296
1595,1.3747212511500457
1596,2.7174631488882692
1597,5.427146880613391
1598,6.971762856809541
1599,6.383285041047265
1600,2.572068672787684
1601,6.437349514372715
1602,7.569672046038874
1603,5.445319455492344
1604,7.4672781625771565
1605,5.8821648906503565
1606,9.490777359921852
1607,9.141806719203052
1608,5.33697025224717
1609,5.365110786312687
1610,8.240844412024847
1611,7.8852719372994216
1612,7.642285595503878
1613,6.753849398257011
1614,5.385603042520063
1615,3.2870928738496215
1616,5.676853107169503
1617,5.902602666252964
1618,5.642347426737341
1619,7.428751451779678
1620,5.867164249221739
1621,4.392456148887536
1622,5.3939154558864315
1623,7.261244066107565
1624,6.412213009797199
1625,7.291856699078275
1626,7.753869065860664
1627,7.96781356688178
1628,5.4488992236110985
1629,6.6982645701629435
1630,4.063341979762008
1631,9.753619467782116
1632,8.153159649356603
1633,8.916854809965796
1634,7.508981139544939
1635,8.657102568277653
1636,6.096254573814201
1637,7.731726662838925
1638,7.7308736837160765
1639,8.23239407230234
1640,5.194627193472622
1641,5.5549472562333015
1642,4.837126075526179
1643,4.921625848467703
1644,7.160271076612547
1645,7.970461078433153
1646,5.756456016508846
1647,6.291777603354611
1648,9.11090760225688
1649,4.65060030907508
1650,4.732829165188615
1651,4.176439306277042
1652,8.187970512542263
1653,2.7605873468298796
1654,5.730882361337819
1655,6.867584754760326
1656,3.406025329592026
1657,7.588758099716218
1658,3.6978797469358176
1659,6.256489228503492
1660,8.704057632527265
1661,7.8387187964553275
1662,7.099601525008027
1663,4.450770993962014
1664,6.425357095104738
1665,6.201626673706665
1666,4.871788612289797
1667,4.043726005588029
1668,6.68857375867912
1669,7.010597640603967
1670,6.7100869117111746
1671,3.6960309293757794
1672,4.054179517171823
1673,9.722720989592109
1674,6.4441582943736275
1675,2.615514976215617
1676,7.818739516837503
1677,6.031155536727229
1678,2.97150557895506
1679,6.227244490183276
1680,3.5540758894179
1681,5.8543730506261635
1682,1.8038502516705697
1683,7.437020233472755
1684,7.171085968392951
1685,7.726858813921148
1686,4.524797797899118
1687,2.0814738848512686
1688,7.386512329630529
1689,7.0831172542219925
1690,3.3912830631113957
1691,7.3604264357515605
1692,9.250980996980417
1693,6.915805943658137
1694,3.074509509751976
1695,3.0393306522439056
1696,6.121338829500606
1697,6.467567560648763
1698,6.66455444642463
1699,5.050533814769946
1700,5.153832861325334
1701,4.530028181114275
1702,4.10326710781921
1703,7.464760953359983
1704,6.753108548168404
1705,5.678944751605299
1706,5.48965025834889
1707,5.080412096225263
1708,7.5391700601938005
1709,8.46916582919551
1710,6.345483181551421
1711,7.358239789498745
1712,5.719148308179058
1713,5.431056899114658
1714,7.872855654073905
1715,8.790322101929448
1716,6.341105479348294
1717,3.375455695538987
1718,4.7464269735937075
1719,6.9974163813766825
1720,8.483989678674487
1721,6.618810523244645
1722,2.275377963222804
1723,7.317909742749488
1724,3.355804727877977
1725,7.740034508111625
1726,6.074088994616226
1727,3.660150347996769
1728,6.446967400499112
1729,3.774374844013016
1730,4.782440660604961
1731,7.251073000928371
1732,7.920759193920366
1733,6.167833290717542
1734,5.226901678988456
1735,2.3764794159776153
1736,8.325601075619737
1737,7.7396822303285955
1738,8.671810245190791
1739,6.64310404476341
1740,7.242498877827138
1741,3.2545407871408956
1742,6.781358634754691
1743,6.862970928243984
1744,6.5706769603482735
1745,6.60532245019227
1746,6.932166499224411
1747,5.691571927534213
1748,7.556788694805533
1749,2.202832966788625
1750,6.315423014982663
1751,7.010087553069268
1752,8.279120965967055
1753,7.177964209503655
1754,6.800962646731242
1755,5.561977687642468
1756,6.559611435992065
1757,9.446060163873522
1758,4.895357202085307
1759,5.3062043236630885
1760,5.168888573327367
1761,3.2492246717353663
1762,4.9712509502477475
1763,3.6676214288482702
1764,4.393384021272791
1765,5.423039401333013
1766,6.3466340143834135
1767,4.0660613279071605
1768,8.249481938997707
1769,6.350624027075275
1770,5.967433550254587
1771,4.481779459061407
1772,5.320149396571491
1773,4.268544178576146
1774,6.8127841176011845
1775,6.825451215388439
1776,5.1773864478161356
1777,8.493307042620424
1778,6.048684171307254
1779,8.10902273655254
1780,8.156248363735278
1781,7.341339832508299
1782,6.909779294898179
1783,6.415287424329254
1784,7.021702978487722
1785,3.727240271971133
1786,4.883968631150138
1787,2.7283378306086297
1788,5.8508234195732856
1789,8.425980450088986
1790,9.095710605896613
1791,8.087260646921003
1792,5.5937717778226395
1793,4.984071298740534
1794,6.51242231395365
1795,5.353503617776143
1796,6.682329522667127
1797,7.975060125199424
1798,5.2884257810572715
1799,3.49836948257743
1800,6.387095738969245
1801,3.3266584463067446
1802,5.33775905460213
1803,9.143675227396722
1804,7.052251829671676
1805,8.727315794740903
1806,4.629165772816808
1807,1.4525780841809564
1808,5.4831417114486944
1809,6.223719485903089
1810,9.182754174136385
1811,5.070469047690772
1812,6.975209326783706
1813,5.870721747395195
1814,4.655908020087381
1815,6.5181173811810424
1816,6.3750071174862635
1817,2.0246050512779155
1818,6.832128744055151
1819,7.4236726621323434
1820,7.113571757877111
1821,8.13441376820252
1822,7.202557555724629
1823,4.725163220891011
1824,8.099247806167174
1825,5.920445111579155
1826,5.890148585063846
1827,9.344541876302335
1828,5.452927306005131
1829,3.4556557449522196
1830,4.210664318641859
1831,5.9210606004347675
1832,5.450272431863867
1833,5.679007454643127
1834,3.9645970305439957
1835,6.538983244790286
1836,6.965281245093978
1837,2.9224167856208814
1838,4.843212735907772
1839,7.3364481258953
1840,7.295382777136032
1841,4.683985134776783
1842,6.304583982689584
1843,7.434534039277378
1844,3.217810371994647
1845,7.552106588159848
1846,6.475008964693408
1847,7.937929186883908
1848,8.380146559819302
1849,5.301484797513291
1850,5.331343448569177
1851,5.546604360633358
1852,1.928908600062781
1853,4.710619268739837
1854,5.253195459378294
1855,6.360994191833833
1856,3.3554461629480734
1857,3.7619627155404576
1858,3.1583622350971394
1859,4.525483219093742
1860,4.902659106830401
1861,4.090194605401599
1862,8.071394684440135
1863,5.296873499738779
1864,5.627836735338896
1865,6.210166784120237
1866,8.733300086493863
1867,7.296001084208333
1868,7.383500128540627
1869,6.634864396107904
1870,5.20159151519534
1871,3.7916104574979563
1872,5.802955850478537
1873,6.866915529245237
1874,1.0515570777008256
1875,5.641069140404515
1876,5.658891581368418
1877,6.9255815271432475
1878,5.267391193728165
1879,3.053292803836606
1880,5.581662922592907
1881,3.6090270210440027
1882,7.628395057645364
1883,5.401397012273234
1884,9.433915646531934
1885,7.357843930318259
1886,3.8972378445286786
1887,6.647928463569917
1888,4.285155234667066
1889,8.249330889718035
1890,5.267907165004209
1891,6.4259959207248905
1892,8.526933496726745
1893,7.875589388651201
1894,6.9789259487610185
1895,7.364789064649558
1896,6.726251316317891
1897,6.573979210964298
1898,6.225542120474154
1899,8.948250013084813
1900,7.453203134051254
1901,6.5659134045571275
1902,5.443373815937723
1903,4.123758470639397
1904,5.8580939347455265
1905,3.7384718905594454
1906,5.165680365004212
1907,4.823076131013242
1908,7.493025815128006
1909,6.138660903094761
1910,5.768938928287691
1911,6.340750714391528
1912,6.9915856948794275
1913,6.806779582994162
1914,7.34404506950142
1915,2.427931377479385
1916,3.566899686866674
1917,4.1319606410778
1918,7.049816408673323
1919,4.383173377596533
1920,7.343939049005047
1921,5.783585749338783
1922,6.101584112603976
1923,4.901291276253869
1924,8.235688032187722
1925,8.227638385759178
1926,6.8350383471576786
1927,5.32121299375671
1928,6.664732706750481
1929,5.391920275272222
1930,7.813705656520954
1931,3.1023719264085496
1932,7.745025361346956
1933,3.7250771633426933
1934,6.408442250075235
1935,5.952010412874014
1936,2.6823419612582082
1937,7.627574545886958
1938,2.2006989890091506
1939,5.32638170830912
1940,3.535183714320236
1941,4.745736407022687
1942,3.979155527958333
1943,8.652906900678405
1944,2.282847676181053
1945,4.427699721393117
1946,8.231927944694826
1947,8.572030293256333
1948,8.345374749061126
1949,6.7475502643856355
1950,1.6861577980890927
1951,6.914860831360025
1952,8.4407532709387
1953,4.543649931546909
1954,3.890500901967299
1955,4.8956430740423995
1956,6.660647116360804
1957,3.681105972504028
1958,8.04324304738976
1959,2.357662504603857
1960,8.827477233767397
1961,5.849656149990252
1962,4.291399299043784
1963,8.398986537946348
1964,5.368587702411558
1965,5.1787645401424705
1966,7.916703765826534
1967,3.9367979075147415
1968,6.632238461990406
1969,6.738691900345905
1970,5.375505715536605
1971,5.637813444444148
1972,8.3671249729753
1973,7.05077266501939
1974,4.6948802639512195
1975,6.3630484021705715
1976,5.568197721473874
1977,5.85707113132119
1978,7.94341462058606
1979,7.209466047295112
1980,5.641900282556911
1981,2.345098524939159
1982,6.2264506366005365
1983,7.008237861796028
1984,8.987729721671949
1985,4.049830755851217
1986,3.187585133226535
1987,3.963778887761535
1988,7.276357603152415
1989,4.070376199413161
1990,7.724693626144897
1991,5.773882042765392
1992,9.084094014461256
1993,4.190825080993074
1994,5.699091378285701
1995,6.130947293042043
1996,6.156104002130319
1997,8.77550838647228
1998,4.65952923808516
1999,3.7377814037607453
2000,8.849846042674027
2001,4.053178129788489
2002,8.557506006196439
2003,5.33938089004722
2004,6.198036580776263
2005,7.463213135719755
2006,6.931315261403583
2007,5.139732483560079
2008,3.695786042114055
2009,3.4285752497779445
2010,6.588280646250808
2011,5.960007956788599
2012,6.453816966723831
2013,8.75086155983452
2014,5.588363246451901
2015,4.026160315380379
2016,4.127693240936802
2017,4.627050765288595
2018,6.591894756682539
2019,6.9239145770526624
2020,6.92489535775797
2021,3.3651934497710423
2022,6.910784286711088
2023,5.42494404558438
2024,6.278501380957154
2025,7.604197712761701
2026,8.205018707717368
2027,7.457335902738916
2028,3.0472128239741885
2029,2.1732668605736887
2030,8.05123556477997
2031,3.835386182500557
2032,8.596177478419758
2033,6.741099352764481
2034,4.203446273996526
2035,4.696565934291836
2036,7.534716328316566
2037,5.687822779023405
2038,4.086825439578084
2039,7.078242754653972
2040,7.568810700296165
2041,4.502600250683065
2042,4.81369735591818
2043,5.733174165511012
2044,5.916547680680712
2045,5.827688597319497
2046,6.6151477641301515
2047,7.027996480795709
2048,2.908405618572262
2049,5.6122202599026325
2050,2.2506994431353715
2051,5.104590128665562
2052,1.0875081985545847
2053,5.136208686846859
2054,6.5778891648253515
2055,6.724537531997468
2056,3.7698528693562303
2057,6.846306779237851
2058,5.318490851918078
2059,7.25597315106658
2060,4.578399880792441
2061,2.880009731939959
2062,4.630370244951799
2063,6.632195108881874
2064,4.763521314447985
2065,4.583228804731768
2066,8.920320191909717
2067,9.669552938219038
2068,8.417845962762819
2069,5.2364959491108785
2070,6.218448829386392
2071,6.55153249242955
2072,4.507454144534117
2073,4.580770863157067
2074,4.174237556929897
2075,3.830413245647163
2076,3.65051675029114
2077,5.6481928483935615
2078,4.960625289322456
2079,6.734600754814321
2080,7.625736678594421
2081,8.765631130208877
2082,6.126230094820947
2083,6.26854894537062
2084,6.631621808968328
2085,8.248139120424057
2086,8.149500583666518
2087,4.313555386503572
2088,8.046725280213487
2089,8.938571436202142
2090,8.704336262367805
2091,5.536271676709024
2092,2.6744317705654175
2093,6.673115525519527
2094,5.309264428926209
2095,3.7450830367393664
2096,4.154933736884952
2097,6.445732521780472
2098,7.291600745662481
2099,1.8643532868791586
2100,7.22569614385133
2101,3.288062636515696
2102,7.188838182539554
2103,8.519565442403971
2104,5.883348256082116
2105,5.042511334486083
2106,7.787581374303192
2107,2.8111796853595274
2108,2.7061545508656786
2109,4.365812465746092
2110,6.69209565879483
2111,5.231279602124683
2112,3.843189344547359
2113,6.219536498760311
2114,7.416246032381434
2115,3.5064005091274373
2116,5.10987405730746
2117,8.631297210988421
2118,5.811074050255535
2119,6.5132721040802855
2120,7.880203826169691
2121,4.9109491922266955
2122,3.1977100843577495
2123,3.343652129428164
2124,6.606146603526427
2125,6.5731567946252625
2126,5.024295883700592
2127,6.290193759654929
2128,7.822601410065546
2129,4.266909965775348
2130,5.477678914434808
2131,5.39996000697232
2132,6.306057035086702
2133,5.381435960489845
2134,5.47517839197798
2135,3.0653430210615125
2136,2.4514625597557975
2137,6.920978333236617
2138,3.3146003380152793
2139,6.0348233604644905
2140,3.4641673455166186
2141,7.157264733682744
2142,2.79806479224482
2143,6.616729465934714
2144,6.4746132574204065
2145,9.782935099877184
2146,7.385658804325727
2147,7.255262984698353
2148,5.598326175794248
2149,8.301925430345282
2150,6.619599250011637
2151,5.094927564312021
2152,5.106766192255057
2153,6.623584697878921
2154,6.632464038455152
2155,6.316863083544303
2156,7.112368190247418
2157,5.615815400303008
2158,7.954530623339724
2159,8.655416526908926
2160,4.859192023929607
2161,2.4410977113875303
2162,8.122304668058117
2163,6.225053503792333
2164,5.228771875723905
2165,5.8864108597535685
2166,6.635640954318903
2167,7.512441569109075
2168,6.21513796149535
2169,7.418552553551223
2170,7.140691194887606
2171,6.2118093003555845
2172,8.400986510039038
2173,2.4016986617754146
2174,4.272864695061315
2175,5.338838516549826
2176,8.489309440656955
2177,6.439630947263887
2178,7.031906972695603
2179,4.518978273367194
2180,5.480656467460664
2181,2.736900363042454
2182,5.1602289147556935
2183,5.425265899808339
2184,9.109842161657891
2185,8.42574998996414
2186,7.613577735080623
2187,3.699755342266147
2188,5.084259740912721
2189,6.267771092919243
2190,3.592143476024401
2191,5.958462015812518
2192,8.760882184649075
2193,4.170268090264891
2194,6.168796934642467
2195,7.836758033651266
2196,9.03810449981815
2197,7.447663090489721
2198,3.951632482611539
2199,5.739212781058388
2200,7.552504345460689
2201,8.044979155359538
2202,7.659465913034322
2203,4.681082762996705
2204,8.569002980590337
2205,8.889081003176091
2206,5.282023010278065
2207,7.565537262415571
2208,7.172436410549799
2209,8.24522464473964
2210,1.4149642200148496
2211,6.330502940691543
2212,9.133845775858203
2213,6.882443531260273
2214,7.605747885427384
2215,8.106616785308622
2216,3.2591849003881435
2217,7.637937514714146
2218,3.877293279053098
2219,3.1895801056374196
2220,8.303784028691842
2221,7.951440932575397
2222,6.8506339563666305
2223,4.22160872104679
2224,5.520138940194711
2225,7.30290596035074
2226,6.691377273580193
2227,6.629908838573913
2228,5.040944872607069
2229,8.163505585466234
2230,7.427282377430023
2231,6.243496747530833
2232,6.45388987102673
2233,5.949011479404778
2234,7.6072067417616545
2235,6.864747422822727
2236,4.626392941516524
2237,4.835619368052873
2238,4.495697019895352
2239,7.267489408350898
2240,5.9805924742650305
2241,4.8657673345799495
2242,5.071468847690337
2243,9.192150847667573
2244,6.676969163288387
2245,7.086536145384272
2246,7.483767287849342
2247,9.221506542420443
2248,7.93319215760331
2249,4.634879760769325
2250,5.296326954917894
2251,7.04773444040557
2252,7.844094814100618
2253,5.475490480396184
2254,8.470971472105534
2255,3.3103221675535845
2256,6.658508371440585
2257,5.289013255582215
2258,6.537299510522596
2259,4.231303539110598
2260,4.6592623176886505
2261,8.034040580867485
2262,7.863880143787612
2263,3.6153903454913476
2264,8.77840559099311
2265,5.9762072880743595
2266,6.658538924204849
2267,5.1284761084984485
2268,1.7422946540464785
2269,8.125268327064731
2270,7.293374649801177
2271,6.557763144692739
2272,2.9247022659884614
2273,5.048784579542791
2274,5.2723223370246
2275,8.529960213078493
2276,9.678847252327094
2277,6.1941173389131094
2278,5.231524445296938
2279,9.484305885602135
2280,3.693864564458245
2281,5.4865405018828985
2282,4.125808254792479
2283,5.60465052081598
2284,6.296182546587167
2285,4.308975207583866
2286,5.457253470391583
2287,3.9556958302088483
2288,3.855830161308953
2289,5.616281664136321
2290,7.624330915717302
2291,8.354019468589307
2292,8.560281793171212
2293,8.134787838005051
2294,3.163864310929083
2295,7.320078260613431
2296,8.106928379376527
2297,5.404656089966131
2298,8.193035458254986
2299,7.796640228826594
2300,4.503111191981804
2301,5.741926769646647
2302,7.891589345640076
2303,6.173359884750928
2304,5.583224935758342
2305,4.9085126583895216
2306,6.408655322433219
2307,5.779724310146276
2308,7.799688972482033
2309,4.308744117597742
2310,3.474365825304865
2311,6.495721324528832
2312,5.237725259675925
2313,8.790103279899439
2314,6.8704188301886
2315,3.1954145421673954
2316,8.907377195284045
2317,6.6628975867430285
2318,6.875165298778328
2319,7.329960127711805
2320,6.145567339111603
2321,6.574731542487822
2322,3.051662634391692
2323,7.472380770212947
2324,7.132752914352057
2325,7.654099457401401
2326,4.738436310409586
2327,6.059359862770692
2328,4.844010438875042
2329,4.816271446746443
2330,4.834846394382139
2331,3.315764811468255
2332,5.391042668411512
2333,6.905352721509847
2334,6.097216156992641
2335,7.0061446796539535
2336,5.159823256722412
2337,4.2135115650598625
2338,9.03599217993109
2339,4.707846705754525
2340,3.100772523622969
2341,2.1399692057144373
2342,3.8631317076053513
2343,4.598754426025813
2344,6.884765483046468
2345,5.8334255344265245
2346,2.745453695178665
2347,9.417774633348603
2348,7.544721031990525
2349,4.0331808474978414
2350,4.2221746817420165
2351,5.564530483306306
2352,3.7445524000732013
2353,6.15763178058393
2354,6.190582467168722
2355,8.424975187423469
2356,6.883080909009336
2357,5.18082981577464
2358,5.636804024943537
2359,7.443624764406969
2360,6.345896053663394
2361,4.795799955907734
2362,3.3534964708216646
2363,8.684167886793025
2364,7.398794051683473
2365,4.524913798208292
2366,8.026586855969292
2367,6.782402013041158
2368,6.101429325241225
2369,1.793680574265021
2370,3.153829864443553
2371,6.424191369156033
2372,6.205386355102192
2373,7.042303205968886
2374,3.0826955731195547
2375,3.208226975542141
2376,7.111523886925733
2377,6.471734601518994
2378,8.517798338437174
2379,4.48383880446723
2380,5.6177262132782895
2381,9.047604665500993
2382,8.026819266071373
2383,3.146761531460738
2384,7.727144596739894
2385,6.059116588295195
2386,5.606642034859394
2387,6.097111873471886
2388,4.318697748407053
2389,5.884061923761689
2390,7.499523855985945
2391,8.708532883059489
2392,6.182715642879596
2393,7.672120617385547
2394,5.610052081001802
2395,3.233225145329658
2396,8.274740482324875
2397,7.459556482639382
2398,4.192291449709545
2399,8.542503122679076
2400,9.3658970304006
2401,4.798152543139671
2402,8.957613005038226
2403,2.3815956137887606
2404,6.969407953330723
2405,8.0465807436495
2406,7.4458982375910105
2407,2.3207233495774378
2408,8.224409090867619
2409,5.469480531646805
2410,5.526984299009045
2411,8.194434478435921
2412,4.801112554805714
2413,5.997124424558242
2414,4.401736322058925
2415,5.976066356078738
2416,6.493285023057821
2417,8.125135633388066
2418,6.445839541235298
2419,4.6689430462420605
2420,6.1322766125819275
2421,5.167059669717281
2422,8.043668438032118
2423,2.7436109488606473
2424,4.94180125391116
2425,0.6088179776869402
2426,8.489270799290814
2427,5.021041567249936
2428,1.340522510079603
2429,7.19914838837034
2430,4.670837017381953
2431,4.282734689675958
2432,7.861623637534619
2433,4.646558588565455
2434,6.460810055583643
2435,6.339622638735213
2436,5.593257991615183
2437,6.74938309511961
2438,6.988630203209717
2439,6.07932423381726
2440,8.117491901521557
2441,4.396979138703804
2442,4.762574374555075
2443,6.336900992657013
2444,8.6231436563846
2445,8.486250507909773
2446,6.555446046937646
2447,7.286132750242587
2448,9.469072601734915
2449,4.324725808321681
2450,4.91474229609212
2451,6.2849172168702285
2452,7.613226006088647
2453,4.7913228615154235
2454,6.1536215722140835
2455,6.4991357064486825
2456,3.465285451976156
2457,8.592244891350111
2458,8.095027332316533
2459,6.930062329498148
2460,4.463681100502166
2461,6.135323522968401
2462,3.3758339634401766
2463,5.387796919068331
2464,7.503800533727924
2465,8.717806475489565
2466,5.390931530354126
2467,7.568145640151931
2468,7.4024488207201475
2469,8.416065009104132
2470,5.229864673616642
2471,4.367663472508758
2472,5.193157294376464
2473,4.777470991629954
2474,5.822403505384225
2475,5.0354016515849125
2476,5.531129519088811
2477,6.189321055150211
2478,8.261479809750623
2479,6.149855495557652
2480,8.40109219526119
2481,4.740979528288596
2482,7.590013384083087
2483,3.387145216643838
2484,7.700789345478864
2485,3.370266396236873
2486,6.621393923035393
2487,5.056300746184182
2488,4.108549815850939
2489,3.856211901708144
2490,4.294927171094328
2491,3.7300595177535585
2492,3.9783444124508955
2493,7.32020322608401
2494,8.568517517322203
2495,6.107049070440552
2496,5.893026908677686
2497,7.468327814427612
2498,5.251083831197462
2499,4.452450886967394
2500,4.631423832134498
2501,6.702255474723616
2502,6.666698631959568
2503,6.358438115624802
2504,3.9140174033475326
2505,7.312977001409695
2506,7.402272138221981
2507,3.9646176342749726
2508,4.8567317079151096
2509,3.949466760483702
2510,7.16523109297111
2511,9.418402217504887
2512,4.72461871498041
2513,4.382030872861765
2514,6.708635989464917
2515,5.8082408176288345
2516,2.454057488010154
2517,7.344735843235728
2518,5.471057675602668
2519,5.129071750226234
2520,3.172203850356767
2521,5.97724137790447
2522,9.564032191021973
2523,6.332115517410489
2524,3.9704477676851098
2525,9.5178069089522
2526,7.2584310414694535
2527,8.105725376311586
2528,5.4204054680189815
2529,2.239669471150754
2530,8.91065518800577
2531,8.757600555156184
2532,8.777371748883736
2533,4.72381921615442
2534,6.968097960245467
2535,5.6544339930337335
2536,6.614260638602568
2537,7.3126311903035255
2538,7.006585644128341
2539,7.805108258157514
2540,9.384637523229332
2541,5.433985097794209
2542,8.099814297994476
2543,9.293968862169592
2544,3.4444555721444168
2545,5.81203834601954
2546,5.346710031636906
2547,5.386609131355665
2548,5.212472120725764
2549,7.209239418687638
2550,8.193761446088544
2551,3.3963651709706206
2552,5.313964355718355
2553,7.636990663965889
2554,5.025985625133813
2555,5.359648679953617
2556,3.2430517407239785
2557,7.0606899394757905
2558,8.018733877636043
2559,7.842347155664038
2560,6.697831709327513
2561,6.095198177564008
2562,3.999818982902134
2563,5.662906008843437
2564,5.609819728543082
2565,4.721875192766696
2566,6.608787397130648
2567,8.521637787043963
2568,4.297424290069503
2569,3.0359479661877673
2570,5.507496796245676
2571,8.864711835114594
2572,5.7159791160982305
2573,4.21035113704086
2574,9.090762422137615
2575,9.243152629076457
2576,6.630535668272165
2577,4.851732722864152
2578,5.249498123098439
2579,3.5012051342122987
2580,5.370047826027951
2581,9.883866160741347
2582,6.578983408077407
2583,7.578902200592807
2584,4.763369520069323
2585,6.28937506713617
2586,4.0960659659835015
2587,2.8972421471140235
2588,7.378534139476919
2589,6.1066218000327455
2590,7.984297724483931
2591,8.508874034705142
2592,7.917222478526624
2593,3.489591317163646
2594,7.364032368749329
2595,3.538567654236904
2596,3.5974011364360146
2597,8.23351523855315
2598,8.667759848783243
2599,3.216045958065394
2600,4.463675452055365
2601,4.169182377339453
2602,7.732920692161468
2603,5.558793190081285
2604,4.98956209393929
2605,3.93019743533645
2606,4.698822189350778
2607,7.158548287203541
2608,7.85237198041249
2609,7.340236887731967
2610,5.478616742314341
2611,6.645844527410997
2612,5.001524625745248
2613,8.937004688197154
2614,1.7736690504569654
2615,3.0966858449812547
2616,7.2815731095973275
2617,5.16616939914555
2618,7.491150979939422
2619,8.978515466466478
2620,1.0048662443731147
2621,3.9027083501938744
2622,8.36364266193508
2623,6.9788210180874
2624,8.40363458351311
2625,7.1266144969656
2626,8.36802913530831
2627,5.775038046161223
2628,1.9215972845705025
2629,8.45222348481309
2630,5.853341705062922
2631,3.53254203884165
2632,8.578090018499312
2633,7.6002137793763325
2634,7.333102012221388
2635,2.984774645920018
2636,5.0470553740463355
2637,7.033060672329334
2638,6.006518942291859
2639,6.24434128127019
2640,6.678626282266855
2641,6.085623627809056
2642,5.507521139077925
2643,8.159372776845682
2644,7.245864030112671
2645,7.814916031911432
2646,4.865457266665791
2647,5.790100606789548
2648,9.000967677952282
2649,7.889906796954785
2650,4.62097588174926
2651,7.399132131623655
2652,6.833645153686763
2653,5.365048906728582
2654,6.0662961068347565
2655,7.027014849866332
2656,9.380419835117031
2657,6.226393737528704
2658,5.779974874891266
2659,4.098084955823955
2660,5.712067271536217
2661,6.61797643993898
2662,5.295665876634752
2663,6.643777548923234
2664,7.986466914240758
2665,5.764608470660571
2666,2.743954798616609
2667,8.040791415705982
2668,5.866683227961969
2669,4.904756577985834
2670,5.720832681494652
2671,6.790601778805799
2672,2.4774272968787976
2673,6.682015804500754
2674,5.8079010628429515
2675,7.832926742804685
2676,8.01827176982835
2677,5.085790639553354
2678,7.712011810652228
2679,6.9958615383972464
2680,3.7819045888162237
2681,3.464939939773926
2682,7.956649171250756
2683,5.7958483266747844
2684,5.215613618423307
2685,4.393656412164745
2686,4.26622627122356
2687,7.195213912931541
2688,2.712626865212001
2689,7.543038244836571
2690,2.6461343864559987
2691,5.8546593667253735
2692,9.77181436746265
2693,3.474073123089484
2694,4.779294401027375
2695,5.81431210379409
2696,2.2238853825259137
2697,4.14957060227026
2698,4.650016499841731
2699,8.661759764381092
2700,1.562567612360517
2701,4.725618099784948
2702,5.492815115311462
2703,7.5660331545366795
2704,8.413679175350998
2705,5.508710520122969
2706,6.642686021338344
2707,5.583416390961501
2708,4.730099139425809
2709,1.234535295626208
2710,6.683848521218747
2711,6.822058349269929
2712,4.499827778455288
2713,9.277070797248282
2714,3.3863720465627996
2715,3.662316250657548
2716,3.5322932342538755
2717,2.2035029095789973
2718,4.540343008573118
2719,4.767532197671962
2720,4.907638109287014
2721,6.034343857147617
2722,7.465296257513245
2723,6.617240647006083
2724,3.492850277212721
2725,7.379678668808529
2726,8.14788379184572
2727,7.8708051164436394
2728,7.63033150400925
2729,2.6682981577291804
2730,7.1149328787000785
2731,6.821283205536101
2732,6.023553586214385
2733,5.543362845279621
2734,8.106564041663496
2735,8.783300311561717
2736,4.9131501060193035
2737,5.1679248114020595
2738,5.232402521703612
2739,7.060786872429651
2740,5.361534403722877
2741,5.572041593001933
2742,5.60878772284652
2743,3.053167873915294
2744,2.415887494297324
2745,9.155213865229914
2746,6.590640110591709
2747,1.9797477793729632
2748,6.598692680642841
2749,6.531368293897085
2750,6.512277022720286
2751,6.350745593864539
2752,7.387101916875393
2753,7.113166477488479
2754,6.370551775237631
2755,7.26931818959994
2756,4.391400044828485
2757,5.820481825206942
2758,6.270906526042483
2759,3.915864863039127
2760,7.010329045265638
2761,6.974934415872399
2762,3.236162209881976
2763,5.891645660506937
2764,5.792019765063601
2765,6.984104833749285
2766,5.773208569588317
2767,8.405612612062566
2768,4.050742826353118
2769,4.576830530994097
2770,2.418868810403753
2771,4.884509371243796
2772,4.730994004504891
2773,7.787200045076659
2774,7.975193124392155
2775,8.790421745705547
2776,8.749424220897977
2777,6.749215921425845
2778,6.525940065497142
2779,7.59377261154329
2780,6.1224991718866155
2781,4.230857609824567
2782,9.111828180119208
2783,7.098933584255396
2784,7.690531151983708
2785,4.86207349089972
2786,5.2745564364135
2787,7.165113684453182
2788,6.438788685816262
2789,6.135880094000614
2790,2.910485074401429
2791,8.582025939683628
2792,2.545153339773548
2793,2.2853616078790457
2794,2.685618846489521
2795,2.870786812717877
2796,7.945997758542352
2797,7.211837435229698
2798,6.767542754585859
2799,3.716092797163578
2800,3.2839379610514463
2801,3.7418656428753914
2802,8.467510789754932
2803,5.535285399972162
2804,3.9399353755701507
2805,6.836896749076857
2806,4.90395322580898
2807,8.074569955975454
2808,7.972133160434636
2809,6.651756616531094
2810,7.457747341577094
2811,2.8231782107958923
2812,7.119320978913323
2813,2.8388749528472115
2814,5.234478359220175
2815,9.060346854249627
2816,6.409639647306312
2817,6.243754136962183
2818,2.583758062618419
2819,6.961476859209184
2820,7.826491045712855
2821,6.949236711142297
2822,3.477379140131038
2823,4.61210534023478
2824,6.120529279988847
2825,4.115102329208396
2826,9.782762799423493
2827,7.29676866891249
2828,6.358666765732478
2829,7.47554759951683
2830,5.424360335556741
2831,6.13591240106888
2832,7.731052357404121
2833,1.7280748431348192
2834,5.552473605068548
2835,6.5001322474330845
2836,4.249795210327975
2837,5.818627038790786
2838,8.615268331675773
2839,5.70356467023767
2840,5.95736302506596
2841,2.438805472369582
2842,8.257540443030564
2843,6.296223276953117
2844,6.7915296365304165
2845,4.4086109063714725
2846,7.8176803615953565
2847,6.547362415738191
2848,6.085265719448189
2849,5.485835873747199
2850,3.2974846954326384
2851,1.8809219023789305
2852,7.187717509936229
2853,5.0834714363689075
2854,5.3744987084660245
2855,8.843001231721942
2856,3.258906862895065
2857,9.434028172048832
2858,7.538229949313134
2859,6.44210336229029
2860,7.021747060899263
2861,7.378818617707675
2862,8.589439388590952
2863,7.323877220476627
2864,7.43675046362195
2865,4.966605272175667
2866,8.148661658860515
2867,6.7011636155347585
2868,8.74161369335637
2869,9.546631163084557
2870,6.02028306912108
2871,6.678221875159642
2872,6.1982834072331885
2873,7.558033522204641
2874,5.08848728718591
2875,7.024762994543643
2876,4.201608872019622
2877,3.7070890157762784
2878,5.802861790110179
2879,5.6380669302997175
2880,3.716028723607756
2881,9.750878960617877
2882,5.206263349984699
2883,5.7536111730197055
2884,6.496601272998948
2885,6.42551708173567
2886,0.7998833299482577
2887,7.01881108014935
2888,8.521625048186651
2889,7.063002720873138
2890,7.688084091791797
2891,7.985511115592119
2892,8.438795323067339
2893,5.408807890906516
2894,9.349628370837745
2895,2.9542818370389634
2896,8.147867035752196
2897,4.963828801119449
2898,3.2528773675567413
2899,3.3023831486545148
2900,5.333632438819576
2901,3.437561136168531
2902,9.126182789254287
2903,7.998971051426243
2904,4.4095876223796004
2905,7.478642402840116
2906,7.94944438374326
2907,6.801785098306685
2908,5.929255342652306
2909,1.6189056584192123
2910,6.192722932787922
2911,8.89795891218102
2912,4.0820188426325466
2913,6.779211077860901
2914,3.495383911767054
2915,5.662784464895946
2916,8.589139807737634
2917,3.4505727944749323
2918,8.537947295689236
2919,4.277980943569449
2920,7.000345177598636
2921,7.593453554265526
2922,3.4087179197063495
2923,7.583842707263509
2924,7.4110901846218455
2925,6.511749489296188
2926,7.36693782774889
2927,1.873714170400442
2928,3.928628829716441
2929,7.741080869420261
2930,5.02635122605736
2931,4.166274342046928
2932,6.214308663766518
2933,3.341294526165454
2934,2.437780576641754
2935,6.509820961412775
2936,9.477579826254463
2937,4.546399814723845
2938,4.614870153415881
2939,5.814690817806584
2940,5.625902909483585
2941,9.273226043566435
2942,5.174220782478608
2943,5.962071854506975
2944,4.803360879603687
2945,7.372813491997262
2946,7.934105598035794
2947,6.719239966770169
2948,1.7570703400197512
2949,6.224475891795498
2950,7.36831602704644
2951,5.128224540953062
2952,5.413558672935196
2953,5.740684044487574
2954,6.2168993845588165
2955,3.6127189893472544
2956,4.945931702577991
2957,6.55308634090494
2958,7.720911335444599
2959,5.876455930183646
2960,6.370057271392204
2961,3.695975409736578
2962,8.268728916384827
2963,7.679332391101856
2964,2.53086733674129
2965,3.141827463963961
2966,4.896295159396258
2967,6.169343732796442
2968,6.247611378772282
2969,5.363720928636853
2970,3.37035005488217
2971,8.609858545495412
2972,10.041086945275348
2973,6.318543933492959
2974,4.912396656223819
2975,5.459019469703771
2976,6.890455356151756
2977,4.826434844977287
2978,7.847635494327335
2979,6.902211933184429
2980,3.7508613499039223
2981,9.52554144772695
2982,4.683688320642394
2983,4.628632947384033
2984,8.452019250625419
2985,6.746755912927796
2986,6.421738182186891
2987,8.778264369811744
2988,6.8458141842185
2989,9.377733920261754
2990,6.512039426171843
2991,4.894493934379543
2992,6.434089515722173
2993,6.48122875320164
2994,6.154651048871608
2995,6.393980912641245
2996,6.997935578594033
2997,9.650573061321573
2998,6.0858652746458475
2999,4.837840181669862
3000,9.109868328575606
3001,8.221849078194598
3002,6.84327130476556
3003,5.353040206240231
3004,7.554640449327745
3005,6.253627573022165
3006,6.409033922072859
3007,6.67130030585314
3008,9.2805846436321
3009,7.369385149278722
3010,4.572706319949412
3011,4.257799685374565
3012,8.08114621240055
3013,7.378750005286305
3014,5.032280854075526
3015,1.4835328733800746
3016,8.254144247187305
3017,5.597740779728561
3018,8.665278735565328
3019,4.076458771124628
3020,3.856226372462733
3021,6.331250571944917
3022,4.53345554545175
3023,6.145137333564845
3024,7.80398913005013
3025,2.7700812109448494
3026,3.8096285689634612
3027,5.99785176950823
3028,7.662983466074333
3029,4.666324968351419
3030,6.921096152417654
3031,4.331747051478077
3032,7.096437021288615
3033,5.204002515245307
3034,7.197355438841765
3035,8.006544545317189
3036,7.104682002573497
3037,6.340895026835961
3038,5.92431815941177
3039,8.654089913716748
3040,6.445786948056432
3041,6.672211003323709
3042,2.3739222417226373
3043,4.7357249516240305
3044,5.490734724100172
3045,7.7721538935184284
3046,9.385956338977644
3047,6.430220770476437
3048,4.873139338465546
3049,7.984064678248948
3050,6.155062977111832
3051,8.410105077190755
3052,2.8942840011439257
3053,6.470394470657561
3054,7.391287631837749
3055,6.643067730930831
3056,6.933369546825423
3057,7.575554050633541
3058,8.866395319629772
3059,8.070412448326131
3060,4.188134225043432
3061,5.634714258353835
3062,3.954138826294958
3063,4.499976708235943
3064,4.231829903871914
3065,4.267795421730256
3066,7.505170378185939
3067,7.420562301736381
3068,2.906774905792356
3069,3.4289172921128532
3070,5.770967707543942
3071,7.305124086131819
3072,4.873910262286766
3073,6.96407720592107
3074,4.386468244457654
3075,7.221670551728717
3076,3.327294271317277
3077,6.7510347681703555
3078,8.470449170006466
3079,8.187540301235092
3080,8.692704549302865
3081,6.020310771714028
3082,7.734956107879993
3083,7.2335382955586445
3084,6.563069744012169
3085,8.656363032374587
3086,6.014733088285554
3087,6.19118528794726
3088,3.7237703401017384
3089,5.342488907030171
3090,9.155785026586253
3091,4.692805564336934
3092,2.7655072735799195
3093,4.259079002962917
3094,3.8794926968644035
3095,3.5121009115876975
3096,4.0272167367792795
3097,5.75224988866731
3098,8.013790348797077
3099,3.519268255232786
3100,3.077471804361221
3101,3.978682312115737
3102,8.100357744546407
3103,8.19120455373038
3104,5.112888528830869
3105,5.6213482537278
3106,7.081793347397946
3107,6.7637491178548945
3108,6.708586256873634
3109,8.663806619329232
3110,6.692429565646061
3111,4.630965228515966
3112,6.979493146320389
3113,5.1480360625992825
3114,5.336739675019136
3115,6.176995782230179
3116,6.103984869916495
3117,7.354148928860427
3118,4.0429219260676375
3119,8.532948241661106
3120,6.13958182336726
3121,6.044157147122213
3122,6.804365736036377
3123,6.11827416641027
3124,4.237846972276699
3125,6.117703725630031
3126,7.036577491118109
3127,4.760115154290653
3128,2.8467029623883735
3129,5.411576941194106
3130,5.267097507191216
3131,4.670830054527899
3132,4.860224193835355
3133,6.270114107076301
3134,7.248093713614416
3135,5.253739003166801
3136,3.8315575429204447
3137,2.3005399638340105
3138,3.738317054627869
3139,6.817279565507256
3140,9.685486871383603
3141,7.027417527485534
3142,5.331921355630559
3143,6.200843407223031
3144,6.267671240877824
3145,3.324611017339252
3146,5.540713657318388
3147,6.1246528813830245
3148,2.8880495117367633
3149,7.940293357352285
3150,6.843686915431315
3151,4.654296227473454
3152,5.615601628562554
3153,3.9064262297224994
3154,4.185969947746533
3155,2.8724649164050997
3156,7.1796644855215614
3157,7.688463396856728
3158,6.558604458145317
3159,6.151065159464652
3160,3.1359447430938174
3161,8.131637170050743
3162,6.5010442739814485
3163,7.322443983324715
3164,8.292500205138975
3165,6.899295800627616
3166,4.680299704772618
3167,3.4541413326805737
3168,9.042706577148355
3169,4.5194187895618985
3170,6.688057252699498
3171,5.374651369473602
3172,6.409153716342274
3173,3.5826107155660334
3174,6.94822992098347
3175,1.9091477484756436
3176,5.44050831088035
3177,7.1473113447672585
3178,4.916223442956385
3179,3.2534098068483406
3180,7.117261309691484
3181,5.1456167820417065
3182,5.773764590675881
3183,7.041030415300137
3184,8.103691818713221
3185,4.797460338342747
3186,4.723110785043821
3187,5.480723335110206
3188,5.402199958094343
3189,3.3076273133815084
3190,2.164936704780794
3191,8.156413828345112
3192,5.323286815830878
3193,5.76758730937769
3194,7.337193321798087
3195,2.9209384154462295
3196,8.170143229496567
3197,6.646837565430868
3198,7.421047939596404
3199,3.8275444389153033
3200,5.538868280924791
3201,8.506908478760861
3202,7.194452186963326
3203,6.160899887000435
3204,7.7786553461944035
3205,6.738206205855243
3206,5.491371918068613
3207,7.442611480050539
3208,5.381610837748123
3209,3.3440389017202916
3210,6.087423531680296
3211,3.5617552767261875
3212,1.6151986194265149
3213,8.852430102300655
3214,5.243009457649509
3215,5.173383815111457
3216,5.483777781831887
3217,4.720541192259577
3218,2.797339436707277
3219,6.176730322931503
3220,7.199572898521741
3221,7.479106726692796
3222,6.846257933680712
3223,7.427125445077674
3224,3.916881022362888
3225,3.9584803289238524
3226,4.913005925907269
3227,8.927372331931084
3228,4.209374274646125
3229,8.414232362820044
3230,8.594278761464349
3231,7.572518878049193
3232,5.768439876199427
3233,4.812213514378148
3234,4.4143415267645265
3235,7.923461403919933
3236,5.683763442935101
3237,7.249170527543145
3238,3.766823652276339
3239,6.732687907825839
3240,5.089621718439238
3241,7.903105877794482
3242,5.090498521617617
3243,4.033641171167995
3244,7.4068448212041815
3245,6.236174760898855
3246,2.144154777000164
3247,6.707929773595329
3248,8.98989875417153
3249,2.106956647298586
3250,5.398603336291055
3251,5.841760483105671
3252,6.135891975260739
3253,5.799954297754109
3254,4.599343963498558
3255,4.886305119029858
3256,7.903807467217067
3257,6.505268033354896
3258,8.476513716309162
3259,6.890666217399898
3260,6.943910808802075
3261,8.279255076547775
3262,8.211810323543862
3263,9.204950829042218
3264,5.496383485749245
3265,8.25323266353367
3266,7.0686961980300245
3267,8.429933856018117
3268,7.193178295950048
3269,5.468431871013727
3270,6.366869499801076
3271,5.392317183742031
3272,6.770959521479166
3273,7.872845915598034
3274,1.8257847198849915
3275,6.846699780864845
3276,6.48868468805107
3277,2.0826634041302285
3278,4.357196518178241
3279,9.453918556544071
3280,6.52970161121308
3281,5.144829951268781
3282,6.938836524534215
3283,7.404518566910683
3284,6.860814763640677
3285,7.297211948525424
3286,4.0697539964400455
3287,9.231534149330798
3288,5.892113093408711
3289,6.526526771447564
3290,5.551258975348247
3291,4.683536064735076
3292,3.8166825098451067
3293,5.484570890598097
3294,6.4610364849774236
3295,4.895753079346738
3296,6.90186807392185
3297,7.0844555574538255
3298,6.48494629214924
3299,5.083707745342821
3300,5.463649570455733
3301,5.581197006580886
3302,5.566520677312199
3303,4.9134765197509065
3304,5.404987142955122
3305,6.029325382868654
3306,5.918132399303827
3307,6.5660609722792955
3308,2.4376614895576987
3309,7.34379123323529
3310,6.688514239322613
3311,8.302995204942912
3312,4.936265880608358
3313,6.271500867327714
3314,6.322121787850424
3315,4.411308890779401
3316,6.7623404870339385
3317,7.730974882647526
3318,1.8172345128292662
3319,8.571178042548649
3320,6.95579057610139
3321,4.302901350194629
3322,2.03653201693424
3323,8.239826126318283
3324,6.641851210337204
3325,6.417633423719461
3326,9.938595469269028
3327,7.3549666324242855
3328,6.491838955304708
3329,4.713716093381659
3330,7.054293662673529
3331,7.0879509022031035
3332,5.591391275955137
3333,5.3863237575061484
3334,5.1085774919680595
3335,6.312323453626166
3336,4.209001990142529
3337,2.711473311245056
3338,6.464511768817665
3339,4.657462830635605
3340,7.913356853135436
3341,8.284901798285317
3342,6.99486522415044
3343,5.978922410521934
3344,4.795487746763696
3345,6.738470518015009
3346,6.813219361331158
3347,9.223337497190501
3348,8.518552255785986
3349,7.514477842748019
3350,8.31166470705833
3351,5.135178611463733
3352,5.253536533407319
3353,6.875853731036189
3354,7.219936105276549
3355,6.471480201718625
3356,6.921306693633216
3357,7.984706618748339
3358,8.733304575181295
3359,6.064063296151767
3360,6.4147211458907485
3361,8.086873724145606
3362,7.583348852702936
3363,6.20270926882472
3364,7.167975296279474
3365,2.348362982920679
3366,5.032403234737805
3367,5.446133558011624
3368,7.58106894837533
3369,6.010312672580279
3370,4.28160311840834
3371,6.602104066966898
3372,6.975945858591546
3373,7.5945281848492066
3374,6.113808642186208
3375,5.455995099657959
3376,8.77605084668803
3377,4.373908615389136
3378,6.961116400470853
3379,5.891402335398468
3380,6.643327556988269
3381,8.134784056260788
3382,3.4872355502769947
3383,6.3390446528754385
3384,6.689121283063018
3385,8.080452137528468
3386,4.321801706913808
3387,8.027010553415705
3388,8.790017398683645
3389,7.566569039491045
3390,7.853756232622275
3391,7.910752622351495
3392,3.5433201559926384
3393,7.180739330661729
3394,6.232943378058313
3395,5.59224509744162
3396,4.3267886370159125
3397,9.356408434355263
3398,9.820177946537328
3399,2.4509389748151276
3400,9.414369239405778
3401,6.065592336205661
3402,6.507558600803842
3403,5.417676953527086
3404,5.952961645666989
3405,6.060102788015965
3406,7.7682211629166815
3407,7.57393901701487
3408,6.189635916255055
3409,4.860924030015816
3410,4.911888893810006
3411,4.859210455107331
3412,4.100523918492017
3413,6.686318580742666
3414,5.735313182775007
3415,6.5370591152732
3416,5.597741310039489
3417,5.853192228549253
3418,4.677832167537284
3419,6.076052977490121
3420,4.838243162375177
3421,5.8113376364468845
3422,7.192759875680869
3423,4.692426608042613
3424,7.3433482470015115
3425,5.037968688772023
3426,9.296165079873566
3427,4.558158836404434
3428,5.6733749892375025
3429,7.2002125122738905
3430,6.468347484731737
3431,5.880210190702933
3432,2.0703321030917934
3433,7.272629671328392
3434,6.418331293093855
3435,6.488570713316645
3436,5.037818654021572
3437,4.629770111516867
3438,8.683804851660389
3439,5.327573900649593
3440,5.899128265209548
3441,3.070897454697722
3442,7.447822127146555
3443,2.817605177956563
3444,5.669598216775523
3445,6.936192134045127
3446,8.921105875798228
3447,7.886208154046739
3448,5.242075980031233
3449,5.123306629696851
3450,5.219597384070479
3451,8.903797730532604
3452,9.450989664662401
3453,8.736200066602125
3454,2.3127446832478933
3455,3.8451594110294836
3456,4.726520562327803
3457,6.373095229304276
3458,4.38811705795347
3459,8.464728738448144
3460,1.5274091120202822
3461,5.751160836854683
3462,6.2409192632301185
3463,4.162263500361778
3464,7.33084579289051
3465,5.630125655880739
3466,7.029641094228589
3467,4.769535738531484
3468,4.643932221184642
3469,4.1668312969861745
3470,5.59962801644276
3471,4.760952879183234
3472,4.063645326844243
3473,5.209868738244867
3474,9.193413374579675
3475,4.507477237135278
3476,2.3620886314406655
3477,3.910064575635509
3478,5.2830459957515306
3479,7.209627370611091
3480,6.4902763372512045
3481,3.621691391617686
3482,6.55227819864393
3483,9.013817751602163
3484,5.200146546315489
3485,5.68085812888516
3486,6.130853904802579
3487,5.007573201848908
3488,5.845035903962707
3489,4.096811446332472
3490,4.023725945521658
3491,7.984350737885515
3492,8.643414733218597
3493,7.421416314006484
3494,9.167586868632245
3495,6.252400118014073
3496,7.985723887641608
3497,2.0088641762294723
3498,5.954858842654676
3499,6.511873680917902
3500,8.404679115995396
3501,4.247427127899848
3502,2.492270359492788
3503,4.281583080702223
3504,3.8823367026830145
3505,1.6225709378752182
3506,5.982145221084017
3507,7.802435693222325
3508,7.07201799948929
3509,7.180612279824729
3510,4.686540135168473
3511,6.496699085878687
3512,6.013031334542733
3513,6.3699954933579575
3514,6.648177619137505
3515,5.3067195940581975
3516,5.109684149819408
3517,9.295022464226735
3518,1.1576159545423714
3519,6.705799037651908
3520,5.648325410505245
3521,6.278682134618053
3522,8.876282045047944
3523,5.228026237804699
3524,7.30681231245696
3525,8.989707301829682
3526,3.0041643453303917
3527,5.664721393934756
3528,7.745055254995643
3529,9.606745336646501
3530,8.212859105044407
3531,4.205468974868182
3532,6.159218131249397
3533,7.500086061972876
3534,6.840400004393106
3535,9.396454515751678
3536,6.38624385537026
3537,4.041950494937241
3538,7.247273613714258
3539,7.533239248185996
3540,5.6734321546924535
3541,6.748734847497264
3542,7.214293993893817
3543,6.411486953926886
3544,8.311609591879009
3545,7.572968227194377
3546,7.73559421771875
3547,6.4618324107013585
3548,5.857020067780681
3549,5.181929660266549
3550,6.211058935182891
3551,8.439933285673593
3552,8.301825798844455
3553,7.938890318956981
3554,5.2781313918856
3555,7.678305375944099
3556,5.763261187710996
3557,3.01542513989571
3558,3.2892966626959197
3559,5.3105357381920175
3560,4.127944497585828
3561,6.4045580264417845
3562,5.247340527036294
3563,7.716148544769514
3564,8.420619102859064
3565,5.690208677127215
3566,5.512836732902192
3567,4.652068986032344
3568,6.601690524583413
3569,6.981623217191777
3570,5.756524821327713
3571,6.061659551295824
3572,2.3428735554677846
3573,8.285505482513445
3574,5.242317739618757
3575,4.963214196130785
3576,7.969304739696135
3577,4.35897566362667
3578,8.517015414011345
3579,5.2936484786135285
3580,4.704009997992161
3581,1.9403712314040706
3582,6.117335815862546
3583,5.650498345423207
3584,3.016834629386762
3585,8.179017348878396
3586,6.459604512224136
3587,5.481114188672894
3588,4.6229892566812065
3589,4.952844039362284
3590,3.0009681452017833
3591,7.455764328736268
3592,5.848725297436017
3593,8.145969507472067
3594,6.554855485591392
3595,4.778421459279212
3596,7.803814491264225
3597,6.150779957091614
3598,5.591462058279725
3599,6.7583812553910265
3600,4.972435452795786
3601,6.793621092776239
3602,3.348760737670595
3603,8.667048895827378
3604,5.1706183842694635
3605,5.593340083578794
3606,1.1195109646356216
3607,4.453804285976974
3608,6.495541365459484
3609,5.459608606145955
3610,5.582121839164342
3611,8.866168177010444
3612,6.155102734068068
3613,4.896668151298159
3614,3.7005888949872436
3615,1.6481413171723047
3616,7.777634735053996
3617,5.900101292272401
3618,7.36972825829186
3619,6.616730755104521
3620,5.435831465060296
3621,4.196854689476839
3622,6.290304884208422
3623,4.587639280723087
3624,8.73946373209868
3625,6.420978288821487
3626,8.915210451347686
3627,6.773231072544387
3628,6.531215456509675
3629,3.912460485504349
3630,6.085889317005951
3631,1.5915635811919866
3632,9.439307450272175
3633,6.093647199111643
3634,5.937876466724865
3635,5.927436690823256
3636,6.407559659778755
3637,2.260665339059768
3638,5.399257036830974
3639,3.347832912167389
3640,4.142882960038637
3641,3.7224537339868102
3642,3.508565366335355
3643,7.662739076529804
3644,7.0164505327083395
3645,7.172930457063452
3646,3.4230080483187475
3647,6.553699087569014
3648,7.4746285243121084
3649,9.580830263117571
3650,8.219701082510984
3651,7.717434283767078
3652,8.633113240270326
3653,6.5175606333110565
3654,5.70086078390058
3655,8.723578475594776
3656,3.105141992825784
3657,8.71550415167257
3658,5.692532101199969
3659,4.443403607591593
3660,7.797152791232369
3661,7.014032236805191
3662,6.185821405198174
3663,5.379828297361179
3664,8.486596321091282
3665,4.218542278279942
3666,8.026059244883154
3667,6.786299649478822
3668,7.488529999003381
3669,4.856898435202172
3670,3.446835350956543
3671,6.9155913159676725
3672,3.1318691123315436
3673,6.499373477370202
3674,2.7079996419136934
3675,2.2600683735586014
3676,5.629556191762025
3677,5.426655588307148
3678,5.473076829594044
3679,6.393067641443313
3680,10.051560579231285
3681,5.63013134321604
3682,8.942856884603627
3683,8.88375608218555
3684,1.386533789043283
3685,5.2523181389220825
3686,7.071077536194534
3687,6.482986652462349
3688,3.0652222134827616
3689,6.974308332571299
3690,6.077547334131839
3691,7.068855832358587
3692,8.007412946960489
3693,8.895585682256447
3694,6.319344287466461
3695,7.654197006724719
3696,6.443724001101729
3697,8.221486423759622
3698,5.095347007183408
3699,4.681574485067122
3700,3.003799646187043
3701,3.8277152467669993
3702,9.257575351357396
3703,3.552645910437273
3704,7.485319406351479
3705,7.041024573470144
3706,3.285213974787384
3707,4.6244985677323
3708,2.5996257413877766
3709,6.129291894065458
3710,6.08237471480315
3711,8.35254686811994
3712,5.6960840374850665
3713,3.75189023147763
3714,5.077554820899774
3715,7.843246247985089
3716,5.419244048707774
3717,6.234568767781222
3718,7.05747925140054
3719,6.75177947936302
3720,7.7791757681176295
3721,7.992608651293753
3722,7.185202232566592
3723,4.018369598571926
3724,8.230318248025844
3725,6.033283881325531
3726,2.677897939035063
3727,6.486563100626892
3728,7.243304299477703
3729,6.921155002144434
3730,0.2379870242058236
3731,6.465065693243153
3732,4.940800395020233
3733,7.520420830736536
3734,6.74691621797026
3735,1.861571588851121
3736,6.367955282941427
3737,7.455532406163683
3738,5.858319303239968
3739,8.673357650564297
3740,6.824095835453283
3741,3.6513459712466143
3742,8.805992657446772
3743,4.747123523015921
3744,5.629496853001268
3745,4.77271885163537
3746,9.469350888175061
3747,7.769640173339977
3748,6.713786680128218
3749,7.50012626422304
3750,2.456531703697922
3751,3.729824103518992
3752,6.415824219892542
3753,3.6869486383860117
3754,4.137668707984439
3755,6.112700193613677
3756,3.290727706854225
3757,7.738177221107572
3758,7.892535571256497
3759,6.944437191242505
3760,8.791883865386751
3761,6.973139142756443
3762,4.359905615329447
3763,8.281985582535496
3764,4.521784474768361
3765,8.951676190026584
3766,3.4074523458683927
3767,5.817006632456605
3768,6.094735103812052
3769,6.3010094247185
3770,3.7093943613366376
3771,6.005104360878261
3772,3.171946176377812
3773,4.744058891068157
3774,6.051293275823203
3775,6.43792058349513
3776,7.474147010040013
3777,1.0190320703042133
3778,6.084796414926186
3779,3.452672830293253
3780,2.8572960076439418
3781,4.244951964998232
3782,5.370697558231999
3783,3.82490579495078
3784,4.128428867364075
3785,8.035061703514362
3786,1.8644558060811722
3787,8.068382294177482
3788,4.791129656285132
3789,7.48535544868244
3790,7.795578740261751
3791,5.171491073298601
3792,8.56559131100768
3793,4.232261757056987
3794,4.904714758917193
3795,4.4294039154353095
3796,4.077270274766032
3797,6.48216521351387
3798,3.5908264641346648
3799,6.204702574266502
3800,5.161413785733661
3801,8.807298246285317
3802,3.739007666940047
3803,1.4811359358834624
3804,8.974427444308418
3805,1.93549995647917
3806,8.048421314980319
3807,3.2131597809587373
3808,4.169809977108962
3809,9.111705334347127
3810,4.860983683124026
3811,7.235138297394548
3812,6.434798003016191
3813,6.874568641870211
3814,4.864978261541073
3815,6.84940614476395
3816,5.414357444366535
3817,6.463038552983569
3818,4.676872558462894
3819,5.988352158240306
3820,8.439594483739418
3821,4.396592254611875
3822,7.993794507309188
3823,7.177349818477197
3824,8.537059196703346
3825,7.784289621014867
3826,4.631683500960305
3827,9.372872612932182
3828,6.330844070200957
3829,5.874762159514328
3830,6.431025240293957
3831,9.142516318103459
3832,7.583722950740631
3833,5.296946296020737
3834,5.873223193302863
3835,8.639691261593992
3836,5.824242881980565
3837,3.6474945060187722
3838,6.654623303167629
3839,3.7727081117388916
3840,8.70371907925852
3841,7.246004271119267
3842,5.715021002477327
3843,5.673160626115564
3844,4.611300604901931
3845,8.78447082823902
3846,2.8937665099685828
3847,5.832849973379387
3848,6.573266697904598
3849,3.7763924063125676
3850,9.091859210929293
3851,3.226206821337227
3852,4.781598835230532
3853,6.080520966785594
3854,3.2437112389187135
3855,4.3008720545924595
3856,5.357744570880425
3857,7.111307155093532
3858,9.438851731248516
3859,3.700978844670128
3860,5.593971807334072
3861,6.791359841942675
3862,2.3910346552354436
3863,4.645124427018767
3864,8.00310211840445
3865,6.17966892258281
3866,5.568026591783234
3867,6.37948567442285
3868,4.3429942501628
3869,6.278959051777852
3870,7.057908569053998
3871,6.230015056547873
3872,5.973482309172811
3873,5.5348219184114935
3874,6.778905301812254
3875,6.248889234226141
3876,7.959412411139118
3877,6.929849872241438
3878,6.845891324639709
3879,1.9669310204283668
3880,7.186291099784436
3881,5.20387379238683
3882,7.175506186735002
3883,8.305886710122932
3884,8.126770102108857
3885,4.128208384846756
3886,2.3118410710606168
3887,2.3784182105584932
3888,7.688276676170269
3889,6.684999386871484
3890,9.215279458394702
3891,6.978591213155092
3892,3.0996042101330126
3893,3.1124882140959835
3894,7.480069628390828
3895,5.761570563699037
3896,5.416620927616927
3897,3.4871528013604705
3898,6.3750543151924255
3899,2.2570726264493133
3900,4.9970199524851155
3901,7.181500138541393
3902,8.361441517882804
3903,8.81283034577708
3904,6.186237039181796
3905,7.209293033791945
3906,1.436638345755557
3907,8.647532940932466
3908,3.8857760570105215
3909,1.2677492132004393
3910,7.259449838779667
3911,6.865376820307272
3912,4.091020996756936
3913,5.116490096702438
3914,5.188197783790917
3915,6.17249308272699
3916,9.331587253545548
3917,1.9764066016389643
3918,6.272978940311354
3919,6.3456801702009225
3920,0.4281156118540029
3921,6.171828479364157
3922,3.2980879057609522
3923,6.823719627524841
3924,5.67161628284358
3925,7.916184301373467
3926,6.606496316968436
3927,2.937504511279471
3928,6.775796806749886
3929,2.214965287122742
3930,6.311463857393132
3931,4.3942447473032775
3932,3.4454179442549457
3933,5.665572117288068
3934,1.3383647341535336
3935,4.648658531698748
3936,7.6161414809477375
3937,5.145262177367965
3938,4.466931426201749
3939,4.707654614450806
3940,7.360316543223149
3941,3.266477318004224
3942,3.4111054148701196
3943,6.43714254612449
3944,5.063997831919712
3945,4.364403265817326
3946,5.738475998003267
3947,8.188055726300831
3948,8.479412360248809
3949,3.7459868253405197
3950,2.2006932863830118
3951,6.030490216134369
3952,3.4754044986979467
3953,6.732047188855504
3954,6.16600704771378
3955,7.353585970266253
3956,5.665533444675653
3957,5.58759391017337
3958,4.726532680913488
3959,8.093995410060534
3960,7.473433052826824
3961,3.7729396278555516
3962,7.555795530331043
3963,4.264369517628294
3964,3.845920258678775
3965,6.498714163770526
3966,5.665873155164373
3967,4.697688295871353
3968,6.874065255614736
3969,1.5504747429747543
3970,9.239396874904468
3971,8.620007503904683
3972,6.195212984634523
3973,3.829450100895145
3974,9.199594827305845
3975,4.900870264136924
3976,8.71187788600974
3977,6.5344532095944565
3978,3.007089375531821
3979,7.0848675785666995
3980,5.300322856704317
3981,7.812977391828896
3982,9.82467378272529
3983,6.671718105152358
3984,3.373141455903015
3985,9.55553916733464
3986,5.1679698780040715
3987,5.358043573865424
3988,6.985662758390511
3989,7.418022510238995
3990,5.6331484190901495
3991,2.1352401600809374
3992,5.781621928506482
3993,7.806148000865898
3994,4.13205766282118
3995,4.04905839239362
3996,8.613056777172451
3997,7.845078047788991
3998,5.61444563660975
3999,5.433198602328256
4000,4.727520479287017
4001,5.860253307072737
4002,3.93179709243673
4003,4.434754630139212
4004,5.180563923586845
4005,5.313822844206184
4006,7.027414143105636
4007,5.028109112234841
4008,8.71112798658089
4009,7.206561321396714
4010,5.686079745562498
4011,6.7829471644362975
4012,2.2552088685780514
4013,3.119159250619191
4014,3.2705514072250566
4015,4.971334334524277
4016,4.119678985114016
4017,3.4848515097806585
4018,6.367647900167528
4019,5.559473039832149
4020,9.132521019323733
4021,2.2756383204251915
4022,8.318879996383018
4023,5.59576505218222
4024,6.513014424645218
4025,2.1921960977507995
4026,7.391956461732026
4027,8.19120037725988
4028,5.463627286114004
4029,7.358585732505388
4030,6.132151949093682
4031,7.8364753413462465
4032,4.975538774518684
4033,9.054352874008393
4034,6.558744393685602
4035,6.3676627916985655
4036,9.652610106629098
4037,6.840191600470588
4038,5.4750299696409
4039,4.833059620804976
4040,3.2219409282000453
4041,8.289630731582346
4042,7.166513593515373
4043,8.03450941111374
4044,6.400740970427181
4045,7.8973797802695795
4046,5.143182346054625
4047,3.2958514110365087
4048,7.1955711449289685
4049,4.142266132717778
4050,5.003657095625281
4051,2.063939477923199
4052,3.9980256447848586
4053,6.010626800055172
4054,7.977688641227411
4055,4.363867635493829
4056,6.640474407507445
4057,7.646979174701013
4058,8.1502903891968
4059,6.752609833809085
4060,8.03275890897993
4061,6.802097141845018
4062,3.004630161455868
4063,7.594476563800905
4064,6.211226829540207
4065,2.5422212355505596
4066,6.556659145732796
4067,5.4960170940537605
4068,4.89297881192442
4069,7.694110229051785
4070,7.167945055138797
4071,3.034098999013061
4072,7.479144241963852
4073,7.98827104539204
4074,6.021558688974953
4075,6.56474545861287
4076,3.8619197145906314
4077,5.711243468208764
4078,6.595154792390959
4079,6.633536701175962
4080,2.577523301041426
4081,5.450168260515318
4082,5.232184960259055
4083,2.0063127890711816
4084,7.091238982075322
4085,6.071226143579782
4086,7.905186201104979
4087,5.514151872120209
4088,5.984766461639994
4089,4.296009596243299
4090,5.100716693916447
4091,7.915522306910223
4092,8.214347038488807
4093,4.601233580051241
4094,8.44802585321942
4095,7.321857678099666
4096,7.309328517719993
4097,4.6187328839557855
4098,7.630381520313668
4099,5.029825844099488
4100,1.3725295289194974
4101,7.280845472311113
4102,6.826810683030946
4103,5.333527192692054
4104,3.437677814620223
4105,5.914244774780558
4106,7.491653967914263
4107,5.04096278410072
4108,5.88773569998111
4109,5.513294507060902
4110,5.460513044996574
4111,5.049189347406015
4112,9.116390489188632
4113,4.217619398499815
4114,6.895107309952389
4115,5.977561148298365
4116,8.962765813243468
4117,6.322432401509573
4118,1.5322225792298934
4119,6.434241336955556
4120,5.363269649714953
4121,4.448455956303912
4122,7.842190966038194
4123,5.587258605660906
4124,8.43995533499506
4125,5.085842252142313
4126,5.151714675456255
4127,4.195641737944035
4128,3.9165136897750568
4129,4.361998222172881
4130,3.643704458595282
4131,6.309214080002411
4132,7.517021010962473
4133,4.428787536470281
4134,2.546330897144328
4135,5.980703800289835
4136,6.090539345853594
4137,4.978960149905177
4138,2.005697642592404
4139,7.202292627388547
4140,3.899089347334144
4141,7.866363864166425
4142,3.817115461953056
4143,7.755029431391291
4144,4.455079552812331
4145,5.415668919154421
4146,5.7303409205696685
4147,4.613468321386379
4148,5.865340219371494
4149,7.084172285617369
4150,3.3011962716630228
4151,8.88731687964735
4152,2.681262775090957
4153,7.451862785479147
4154,7.464371583966155
4155,8.141918194108015
4156,2.794154214866103
4157,6.101538774438671
4158,4.422040147103522
4159,4.321400931502291
4160,5.788895385344794
4161,6.963215108418025
4162,5.090804669623146
4163,5.6681902674834195
4164,6.356130174851156
4165,2.9455666174161657
4166,1.37577323661064
4167,6.6333074235340455
4168,5.123508217993966
4169,5.127432859031876
4170,3.1303044557531567
4171,2.853576652629518
4172,5.202860816229157
4173,7.816923920629774
4174,6.5815677207282555
4175,7.310039896763122
4176,4.989027514376833
4177,6.6085601266572205
4178,3.371057257934533
4179,7.397180597183521
4180,7.031335753838099
4181,3.732937018198693
4182,7.64146392214017
4183,5.150173568134772
4184,5.574716685432369
4185,5.299368064772788
4186,6.552080425912007
4187,8.447547422633352
4188,6.820814332260952
4189,7.779587968023029
4190,4.5934922028099106
4191,6.967358555804247
4192,6.876053564885575
4193,5.513570089526026
4194,3.225059129656398
4195,8.416383831167195
4196,7.1035881024891445
4197,3.005914616669558
4198,3.8476140227145184
4199,9.429770056730645
4200,5.713978049554563
4201,8.596209368693737
4202,7.035901621340223
4203,5.856863923592265
4204,7.649443645732755
4205,3.536480421511202
4206,5.504461613772906
4207,7.564204483915041
4208,2.7427434629362537
4209,5.807351447178972
4210,5.216872322740253
4211,4.615230245725378
4212,7.477427678351583
4213,4.530940176756579
4214,6.333896043463352
4215,5.5823403179646185
4216,6.275562492158851
4217,6.6711614031603865
4218,5.272102933359149
4219,5.7811145663301104
4220,5.874282677273032
4221,6.592178296600867
4222,5.02900228868428
4223,7.575403860681464
4224,4.301057806882198
4225,4.459985235779689
4226,7.334406361018796
4227,4.165451221170904
4228,1.5148034619695099
4229,3.2517534992789714
4230,5.520973104893988
4231,4.9469402422631354
4232,6.406570394334253
4233,3.3809617581111855
4234,7.027851347353397
4235,6.123198360398517
4236,7.543949602804511
4237,6.978979234395234
4238,5.932337314436154
4239,7.828326027156996
4240,8.311013844774367
4241,7.373302834934322
4242,7.554832743596466
4243,6.50226637619701
4244,6.396204385602999
4245,6.64816792395952
4246,5.434767350688878
4247,7.939398802774764
4248,3.6807336311618104
4249,8.139911928701881
4250,3.4498397558303724
4251,1.9580019420091366
4252,7.735255632468229
4253,3.748131136652864
4254,5.2211876559075945
4255,4.5466375351152495
4256,6.009037950168455
4257,5.095090447041972
4258,8.473794785653224
4259,9.152605935260295
4260,7.201401778571941
4261,1.831302595923701
4262,4.9530017495056695
4263,5.483592754678735
4264,3.3645479568997043
4265,4.621558562853315
4266,7.092828397012088
4267,4.628472794755653
4268,7.128839498025173
4269,5.068143137882396
4270,3.4214156960374913
4271,8.692330955766156
4272,6.8788604557025925
4273,4.136397095269007
4274,3.876522293960797
4275,6.2017045183301915
4276,5.755418136906634
4277,6.94180480426159
4278,6.72350510540833
4279,3.0748949771849787
4280,8.268876327957475
4281,8.54623280155492
4282,5.309831115452768
4283,4.697559537663733
4284,6.987072909275872
4285,6.492171831256569
4286,5.127207238338674
4287,4.201633884703296
4288,6.096996758252626
4289,6.3896143108101136
4290,9.199183817490045
4291,5.653860664120091
4292,9.125147693433352
4293,5.52051601282755
4294,7.428467998228538
4295,4.619197721943955
4296,5.30665948892864
4297,2.701934523692964
4298,2.2695212857803577
4299,3.529890912205621
4300,7.341502842742888
4301,5.393441475651393
4302,8.102850764710434
4303,6.346294080785503
4304,4.528174728345523
4305,7.375241559407126
4306,8.44823572096582
4307,6.853980173977727
4308,6.6123016661060925
4309,5.021522645401257
4310,8.393139224393822
4311,6.724574473703178
4312,7.925275320403495
4313,6.353465616611311
4314,7.785114934476619
4315,4.800217486828609
4316,6.315720807915229
4317,7.128354059659445
4318,6.0239162143964435
4319,4.51333598514492
4320,6.24181118122932
4321,3.552409332771349
4322,8.18597033761284
4323,6.452374982367969
4324,3.919480758498452
4325,8.504004235946983
4326,4.709594755723204
4327,5.890737561792884
4328,6.5552930140268995
4329,5.152216874232908
4330,4.6517940264347075
4331,2.3174041637968337
4332,3.674873454195779
4333,4.116501564164438
4334,6.986607949649968
4335,5.249487256538799
4336,5.178832994152026
4337,5.005694813356804
4338,6.80980095530167
4339,3.936713871869563
4340,6.26449970344734
4341,3.3064752762311156
4342,2.863986824435438
4343,3.28983981689493
4344,5.276745563046681
4345,3.418710066109809
4346,3.9956783146923325
4347,5.7533996502520806
4348,6.4866587776377695
4349,6.9356854584889245
4350,8.292564595244238
4351,8.683221079136729
4352,7.630878774016101
4353,5.722220646673054
4354,4.597069004845224
4355,5.9154676630410545
4356,5.51868767433648
4357,6.594619154086133
4358,6.116294127046818
4359,6.401769108903816
4360,6.084374265008785
4361,6.488774315977201
4362,8.606264035893954
4363,3.1884257950003576
4364,7.478763670407708
4365,8.67051982753255
4366,8.17752029122319
4367,4.36971187547762
4368,9.588466731492156
4369,3.226500720338561
4370,4.876103260632451
4371,3.311057359052085
4372,2.7013189939105127
4373,9.013346352875436
4374,5.140782957857864
4375,6.433059894500564
4376,3.1984526208007704
4377,7.0404329050316115
4378,6.585668851253285
4379,6.253528851509989
4380,5.559206867511135
4381,6.309549863728995
4382,6.032172396422271
4383,5.34742108015434
4384,7.907874133198002
4385,6.744617115053492
4386,9.583030070402256
4387,6.035490415047473
4388,7.206829392674471
4389,9.170322065894698
4390,4.09371286492267
4391,5.567561515005227
4392,9.27178325177352
4393,5.656069940316951
4394,9.26691405515279
4395,7.096224683183949
4396,4.737867168865775
4397,2.46001664034711
4398,9.350762168835924
4399,6.688564188522937
4400,5.591121653869106
4401,3.7715834700870268
4402,6.99332419672918
4403,4.588700168914332
4404,9.27837176977622
4405,8.198594360661883
4406,2.2225094297533254
4407,7.709766771927794
4408,3.6845226256209225
4409,7.051414815651914
4410,4.8963976095723325
4411,3.3691313632375848
4412,4.435723811094739
4413,1.5030001242475726
4414,5.176762689719214
4415,4.1051508404798325
4416,5.225685807257209
4417,5.504862041731561
4418,5.145339432920974
4419,4.34430923173968
4420,4.5875989013110825
4421,7.405307344909561
4422,6.563358481249794
4423,6.987925700657258
4424,4.5722209411224215
4425,5.591268755914123
4426,8.607927341029228
4427,4.145673364657775
4428,5.126760122705895
4429,6.410538038959002
4430,5.283336351138628
4431,3.822245398305886
4432,3.4053411929901314
4433,8.32896932239388
4434,4.730527048461083
4435,6.3640789071612645
4436,5.80151034273521
4437,2.186780535297598
4438,6.404647647427306
4439,6.257434697736259
4440,8.147096081089284
4441,9.264254904571139
4442,5.988762562670276
4443,9.027839280297316
4444,7.204846269014142
4445,4.100758031634096
4446,4.979961110928973
4447,5.868856120846128
4448,5.973953281925314
4449,4.945039028101612
4450,3.7346706171594706
4451,7.116856186366594
4452,5.557098090773961
4453,6.124378275645694
4454,4.124133123925542
4455,6.413269716908876
4456,8.318822615416018
4457,6.909879564207809
4458,4.647627320020891
4459,9.284843761271706
4460,7.839993546537295
4461,7.140508434298223
4462,3.5624565079907065
4463,2.747324406707042
4464,5.8844280237067235
4465,4.552911998045596
4466,8.209656580184403
4467,4.3814610711613895
4468,6.815751071116007
4469,8.623698360689367
4470,6.279335539929723
4471,7.835789093601686
4472,3.852306698267367
4473,1.520396348439351
4474,4.901474786948205
4475,4.722114315387097
4476,5.670893383751962
4477,4.151789383793056
4478,3.9718908259322947
4479,7.1911266970266885
4480,4.548316261270387
4481,6.567371759321382
4482,5.6756367960468825
4483,5.290635362579453
4484,7.483912237349767
4485,6.9267511620918985
4486,4.538949480666114
4487,9.670453440847897
4488,5.466511394147537
4489,6.341526174668597
4490,5.699036565460085
4491,5.53775349989473
4492,9.412780773998673
4493,5.255830155669752
4494,8.358217306214188
4495,2.3075439983533514
4496,4.597022326177306
4497,4.652325734366893
4498,3.1842288267483467
4499,4.016484487434209
4500,5.992713410371074
4501,6.059263549011936
4502,2.178548344340135
4503,1.7722968744147287
4504,4.441637656736929
4505,7.6059386266210645
4506,3.386828931333926
4507,8.548775653358334
4508,9.074938500319469
4509,6.191871155711042
4510,4.449119220005928
4511,7.282791107208048
4512,7.356283643577098
4513,7.225068098498516
4514,8.820538207040823
4515,8.025497439136187
4516,4.444967139530279
4517,6.725464945979404
4518,6.535877112971317
4519,1.1067115472801152
4520,7.020011808134138
4521,5.269340376907698
4522,4.699934839665465
4523,6.90403850782313
4524,4.428521098353242
4525,6.991426559242445
4526,6.529801932832097
4527,7.923931048531664
4528,7.372631211228122
4529,6.880160015200342
4530,7.1581538472952495
4531,5.110599337863918
4532,2.9146251474774987
4533,9.52995914231686
4534,9.498707342667256
4535,5.692155191846201
4536,7.57938853204542
4537,8.165436927183368
4538,5.7525466691528715
4539,7.151840668593237
4540,3.13162719918593
4541,4.441505443687489
4542,4.173665448587015
4543,4.068831529398559
4544,6.464870665331429
4545,6.1626337493993155
4546,5.472733099020893
4547,5.192827444317391
4548,3.7827934413659223
4549,8.837514708667724
4550,7.018385442662411
4551,5.077256940310465
4552,4.449962998045613
4553,7.839917738657845
4554,4.299461303887649
4555,9.828253633812796
4556,5.4778352160731885
4557,8.435382104975462
4558,3.4247475780543355
4559,8.089302178353396
4560,6.67308818700327
4561,7.45821870572
4562,3.5298309342166045
4563,3.9443014534121437
4564,7.562308489270164
4565,1.8722888538470317
4566,7.995611412690092
4567,5.326085170010163
4568,5.241910667728172
4569,6.02786317411533
4570,5.920630128068413
4571,3.7574055038825227
4572,6.678220042954192
4573,7.026424821548989
4574,6.027830396952579
4575,4.058154758152964
4576,6.051238009302028
4577,4.5416824200324175
4578,6.220823203668649
4579,7.485187225972391
4580,8.470938557754774
4581,8.52372794282263
4582,7.952739453153096
4583,8.750442812911215
4584,3.7494304591558967
4585,7.213429130512045
4586,7.537231516131791
4587,7.494880849428661
4588,8.120988303401402
4589,8.227583305433885
4590,6.087936415968655
4591,8.105632272985773
4592,7.2420568854030165
4593,6.663703072286788
4594,6.1360626303465535
4595,2.6956179235284763
4596,4.008251061863181
4597,6.921048627535098
4598,7.5153096021643515
4599,3.513311323336324
4600,6.922562539400163
4601,6.178798744181162
4602,5.444430951323681
4603,8.293187950842773
4604,5.414010254126052
4605,9.222685286674482
4606,6.352019920467361
4607,8.31928475067535
4608,6.907264456786938
4609,7.131559178920639
4610,4.2965903864423005
4611,5.426543247408234
4612,3.394142225225937
4613,4.0978650258357465
4614,7.439049260480042
4615,6.63290337263586
4616,7.5242213532369835
4617,7.865107273474743
4618,5.799024105118911
4619,6.471324128086898
4620,9.22768661851836
4621,6.921470980484136
4622,6.556697650607913
4623,3.8671420806019183
4624,6.106582420128616
4625,2.217163418802897
4626,7.085013970526192
4627,8.860180294001207
4628,4.623794504075801
4629,4.592840521328776
4630,6.052287609967115
4631,5.51198915917961
4632,5.335466651082743
4633,8.341486567322463
4634,7.135815979032332
4635,5.476058472721228
4636,6.0213601619267205
4637,6.393392500040598
4638,7.438676883450439
4639,5.374742093480789
4640,8.742277977933503
4641,6.381448528134027
4642,5.620532390354153
4643,7.217023801334144
4644,4.72091339278445
4645,8.496561966200526
4646,6.466677274601892
4647,3.478236218969763
4648,5.897310695544767
4649,7.405618867703263
4650,5.562037366310928
4651,9.028664513553153
4652,5.823493265275163
4653,9.3290529008157
4654,6.712924684525351
4655,7.959551682268188
4656,6.807615888934036
4657,5.369467222751633
4658,3.60950925563567
4659,8.231845035906224
4660,6.765372789075622
4661,5.922627964575985
4662,1.7485419923251113
4663,8.35690791151782
4664,6.227500004955671
4665,4.027887961641233
4666,7.112525613725211
4667,4.695651866404815
4668,8.301970478794045
4669,5.10603560031654
4670,4.850496145848137
4671,8.215470619482389
4672,4.354214443990356
4673,8.463274331134619
4674,8.763206645891522
4675,3.1492972226345506
4676,8.08608810358297
4677,3.376734742005289
4678,6.115300771914031
4679,6.096861161679209
4680,6.28773447188301
4681,6.977032150927527
4682,2.154069505404191
4683,8.062975884182661
4684,8.570250342924291
4685,5.826642329561873
4686,7.9210169653065226
4687,4.1033430526638055
4688,6.741886834235512
4689,9.79590970308405
4690,4.10424083539089
4691,7.2484857416014075
4692,7.129565318193096
4693,7.993359810491861
4694,5.196462123658367
4695,5.281903123443485
4696,7.418038131516061
4697,4.344563392935728
4698,7.856990638663717
4699,6.950175565150782
4700,3.74144827819686
4701,4.983309034250319
4702,7.233216735161752
4703,4.880117948990772
4704,4.9906743199630945
4705,3.4730775534756155
4706,3.1631796122956297
4707,5.159330810089922
4708,6.19626487613981
4709,4.420024385065992
4710,7.350511403913811
4711,5.3319524191428584
4712,6.481243200237271
4713,5.1335747902114
4714,5.1880567228864845
4715,3.889560170841377
4716,5.946531854407853
4717,4.55333642056487
4718,5.831731298889707
4719,4.049803508701098
4720,7.514948806655436
4721,2.23241663011339
4722,4.927625541268376
4723,7.649572229289189
4724,5.853352928630978
4725,4.326624434718884
4726,5.326330368645236
4727,4.255815306669259
4728,8.192263267292796
4729,2.587003611100811
4730,6.741053850362627
4731,5.64171261510192
4732,5.700023705342275
4733,8.333048944755207
4734,7.1612827141782915
4735,8.240085578838057
4736,6.670709624143925
4737,5.665417917024579
4738,9.216417269235404
4739,8.541656928575932
4740,5.671106504287893
4741,7.221753132262211
4742,5.537216722502741
4743,6.1334824409196695
4744,6.028499332728588
4745,5.815695006841865
4746,3.4024570938547365
4747,9.237664716727386
4748,5.02549560233526
4749,4.7972822101896275
4750,7.782622645790767
4751,6.405774142227663
4752,7.108156553434474
4753,0.9151271372596386
4754,7.21846430455556
4755,6.71724087456114
4756,5.397541584058661
4757,8.222935263759055
4758,8.635728157233304
4759,4.683404989212889
4760,3.7081984905198366
4761,5.725786912027839
4762,6.445137270892475
4763,6.541644109388851
4764,4.824346328485097
4765,6.791024031154949
4766,6.547942161993392
4767,5.75266411421494
4768,4.9858967530571405
4769,2.7448179167400277
4770,3.188006470204186
4771,5.275629775418836
4772,6.814441821258255
4773,5.931746801780434
4774,4.5585420527928076
4775,6.9112476126171165
4776,6.439146288728722
4777,6.857880778283224
4778,5.9598544015001025
4779,9.191942082829906
4780,6.31415057908702
4781,4.572829191302229
4782,7.215161898112735
4783,1.8882626478931313
4784,5.182959677724384
4785,5.4486167230862765
4786,7.70442622195635
4787,6.344383971590716
4788,8.7914517337064
4789,6.244893596238134
4790,6.203532819543538
4791,7.943489141838864
4792,5.329809287835898
4793,6.542688079203652
4794,6.216492976874321
4795,6.44774728408626
4796,5.892740794266114
4797,2.836780184442173
4798,3.4529956271402056
4799,6.062654436445099
4800,4.913323578395892
4801,9.42190164435705
4802,7.5619134147032385
4803,4.810938313249693
4804,6.318835897111897
4805,6.041942477612212
4806,6.38974053645274
4807,4.561545334220224
4808,6.111770431263501
4809,5.983009179719723
4810,7.158897222888915
4811,2.585173049417338
4812,3.9652038768831965
4813,7.155417043655859
4814,2.794998434420311
4815,6.327448441760775
4816,5.419961782274097
4817,6.42832597355485
4818,5.783869456224564
4819,5.195026040743633
4820,7.887448994610214
4821,5.682474078218925
4822,4.696439078012386
4823,6.523731929586739
4824,3.7369385251625324
4825,8.00380849753088
4826,7.3664857237801
4827,4.857740048247388
4828,8.042458655240862
4829,6.989068416912762
4830,4.776222265977268
4831,4.690994698594974
4832,6.664735899093241
4833,6.006381934035722
4834,3.5822737982104766
4835,4.505085549245611
4836,8.530893648079832
4837,5.024848101958712
4838,5.607150477136287
4839,7.777808788735289
4840,5.87295139631257
4841,1.739506331655257
4842,6.754502775840054
4843,7.869656030517595
4844,7.077189404109528
4845,7.775060494673395
4846,6.6691110885956135
4847,5.273293898600794
4848,5.661112111263179
4849,3.3696506003372804
4850,1.6837984359253175
4851,7.539428394983181
4852,5.846413741255006
4853,4.165521371886998
4854,7.028495829127004
4855,5.324959656022965
4856,2.836625421479181
4857,6.5825598114549635
4858,5.987322004029816
4859,6.545029134657881
4860,8.881437825266104
4861,5.908547990848282
4862,5.610274397975314
4863,4.656293135892992
4864,6.603059034431861
4865,7.069520913224332
4866,2.146842387173803
4867,3.3409706850268517
4868,6.061474206907413
4869,5.388545590860148
4870,7.3451064810132065
4871,6.879027412184888
4872,5.529102917144429
4873,4.574088624701728
4874,5.18669143637937
4875,7.043646212525019
4876,9.052906669679006
4877,5.811853325372588
4878,4.715589323461556
4879,5.79682166167209
4880,6.99587162565086
4881,8.721281140371035
4882,2.432663476353877
4883,4.981032215040671
4884,5.755915453517692
4885,6.8758751986341435
4886,4.380552027730195
4887,9.694351969159186
4888,8.480257606641295
4889,3.6176693148334307
4890,3.687696968917214
4891,5.518916411255923
4892,5.522580198923432
4893,4.790990502293576
4894,4.940090611406771
4895,4.051721123019196
4896,5.688954743739871
4897,8.008577515064896
4898,7.601335954507684
4899,7.302154758867058
4900,6.51526855444088
4901,5.1618561624014525
4902,6.225027288389129
4903,5.259876503184056
4904,5.635759608392069
4905,5.720635087079528
4906,5.284225685696339
4907,8.397924120150785
4908,1.9295138776232483
4909,8.024971372701861
4910,8.184333544776665
4911,6.274862216459753
4912,5.842871535978533
4913,6.874911112497711
4914,7.4966040115848225
4915,4.93262931987232
4916,3.777183957680017
4917,5.74240938156688
4918,4.0949165381947115
4919,7.553867774419026
4920,5.864527352560367
4921,6.812213844785191
4922,5.198360386431949
4923,5.649850393272616
4924,7.868957804500585
4925,3.2656835452183186
4926,3.2342177476620657
4927,6.197746131594716
4928,5.585932340478321
4929,4.69473973652358
4930,8.476551059111292
4931,5.449121245659174
4932,6.449733781028498
4933,8.122942795592518
4934,4.604336935156729
4935,7.896480777309373
4936,4.97838153250825
4937,6.739192893714814
4938,2.423341848007932
4939,2.4964682544013717
4940,5.919882286077337
4941,5.264923816009844
4942,4.27457345564389
4943,6.222571551381549
4944,9.050325562818198
4945,6.3916082575157604
4946,5.560529764202267
4947,7.949840431616176
4948,1.3053617610108048
4949,5.605249750748987
4950,2.7630294432968046
4951,7.7401344853310095
4952,5.346135519107914
4953,6.36802708907404
4954,4.846729978945049
4955,5.383390121293348
4956,6.6729270118321775
4957,7.507914289104416
4958,7.096463715703651
4959,3.3080347465209172
4960,5.873051123191688
4961,2.888009292432242
4962,7.8444614635144365
4963,6.032567717362375
4964,4.60473522307996
4965,7.202852635731436
4966,7.398228041929018
4967,7.464702702189388
4968,2.528755160577561
4969,6.190572318594505
4970,7.185436069495783
4971,5.254597611699443
4972,4.962201040973293
4973,1.418634688036541
4974,3.2011428962677115
4975,8.319851637792901
4976,3.1057405363514707
4977,7.880698219058737
4978,5.639763863360126
4979,3.2459882645945717
4980,5.869422688800597
4981,6.1260811079349375
4982,6.829484314846582
4983,3.788285381135969
4984,8.052936203203009
4985,5.356184374590418
4986,7.470136845145764
4987,3.807661452112879
4988,3.1075866256922957
4989,7.068103532511412
4990,8.104909895942665
4991,6.129690688882688
4992,5.735461042276993
4993,8.166501989356094
4994,6.247528644110619
4995,6.970694534751742
4996,7.521445429133366
4997,4.707914504918342
4998,6.201555840538304
4999,7.458664149319323
5000,4.901958758370761
5001,3.582679256312724
5002,5.202054352167661
5003,5.448680578738572
5004,5.9348834501999015
5005,6.748897092766116
5006,4.887282013686191
5007,8.043902640535967
5008,3.630153680393111
5009,6.275217563992518
5010,4.285191775350355
5011,7.147435581905535
5012,8.169538478546196
5013,3.64053429065437
5014,4.587115558491783
5015,6.190246472391684
5016,6.618401112467689
5017,4.634796103689263
5018,6.357209445875615
5019,7.658187380955466
5020,7.698322890480421
5021,8.624725256976593
5022,5.66761338138456
5023,4.761796057660835
5024,6.826756513783993
5025,3.595996161647625
5026,7.703042904831539
5027,6.032542193552419
5028,5.2016953208423615
5029,4.257440179222307
5030,4.0088252368056185
5031,7.51474681062887
5032,8.902741800471848
5033,6.506299740583851
5034,9.01703732433965
5035,3.5353333144249364
5036,5.669859820590045
5037,7.331784978804828
5038,9.942357775733775
5039,6.293717039535833
5040,6.196601527630141
5041,4.845336153372428
5042,7.766555845129389
5043,8.195436005045842
5044,5.426010703426658
5045,6.2897465494291005
5046,4.008389776952712
5047,4.224794420585338
5048,4.478315240921668
5049,8.51996125098142
5050,4.071841608817619
5051,4.185423686896775
5052,4.863241277767859
5053,7.490955792012406
5054,3.3589599730248536
5055,1.943925620246647
5056,7.120436916116686
5057,5.89276096581191
5058,5.666037958437661
5059,4.792281021973521
5060,5.597849974992998
5061,6.367585882420807
5062,7.079525514303334
5063,2.1259340871582593
5064,8.854153554489617
5065,7.599736111656402
5066,5.818958522501066
5067,6.15123086561862
5068,8.856443804055342
5069,4.902721643637755
5070,8.75293445651054
5071,7.512113032704889
5072,7.026262517174277
5073,7.648189423692871
5074,5.1243926466410334
5075,4.74451373918422
5076,5.886439778005855
5077,4.248265584216442
5078,6.221070197744423
5079,4.234171626842597
5080,7.358328119532735
5081,7.51035386956681
5082,3.9204314237528983
5083,6.954249991912608
5084,3.9743944687122417
5085,2.450974768920881
5086,5.639404811261047
5087,3.6881297168880227
5088,7.778952201716171
5089,5.609093420952196
5090,5.834197351885592
5091,5.976748172461528
5092,3.693585029696378
5093,8.418979330309645
5094,4.942493183488217
5095,4.894129702415682
5096,0.7261803043613566
5097,4.590167669851647
5098,5.492429186871658
5099,8.536896169130145
5100,4.524406311690783
5101,6.259470151008096
5102,7.907544896359564
5103,5.617368236228917
5104,8.858631997267917
5105,2.5505439132662495
5106,5.986775381358415
5107,5.748903603466346
5108,4.7863992143647405
5109,5.351277700575057
5110,6.484456346863961
5111,4.777702933738246
5112,6.671838381316739
5113,6.352096809167177
5114,4.614988408393791
5115,1.5348700179824397
5116,9.119101120417659
5117,6.368870742785361
5118,4.708129046959711
5119,4.168615374699516
5120,6.243664998506987
5121,5.709556098190248
5122,7.361429240309404
5123,8.150336205918222
5124,6.702972079438214
5125,4.2802910977518485
5126,4.2070272553218695
5127,5.304495724113426
5128,5.612166177175614
5129,7.584490432726573
5130,6.215434615960956
5131,8.938808880597305
5132,4.250024822411971
5133,7.788701656709253
5134,4.474907882253957
5135,3.0284074038259785
5136,7.48660659065051
5137,6.343965885338946
5138,9.234339660492557
5139,6.340513664403742
5140,5.029941124016377
5141,-0.005098241786744839
5142,5.957127400825755
5143,4.094862116635584
5144,4.818651445553467
5145,6.868576336655862
5146,5.367792083425966
5147,5.206093858525863
5148,5.984855872938033
5149,3.299690267156648
5150,5.26419379036282
5151,6.970370037773815
5152,8.535012593396624
5153,7.000347204882794
5154,6.058841616712282
5155,5.417308443274013
5156,5.08152552170651
5157,7.02171716967675
5158,4.122902910899939
5159,5.385243008771979
5160,4.059853955868591
5161,3.9350391205253588
5162,7.5871734264807
5163,4.523347909137126
5164,7.678325926395912
5165,8.008476220730934
5166,7.508641275286544
5167,3.1524154691296187
5168,9.66278334901878
5169,1.0312088866655698
5170,6.109482865068831
5171,4.845515108168705
5172,5.749772940623827
5173,5.410870897504449
5174,5.814502313567682
5175,4.830873809579171
5176,9.20976301038406
5177,8.749759578049156
5178,8.076371950575753
5179,1.0364952406208503
5180,5.708704494546653
5181,1.1154433809699802
5182,6.489663310750076
5183,6.455876975996481
5184,7.371870947238048
5185,5.383556535826539
5186,5.086046860233043
5187,6.089555696960927
5188,5.247693251968328
5189,2.9231907508394612
5190,6.0291206297911435
5191,5.641348718906951
5192,6.097075673610409
5193,7.590253304464309
5194,5.315874531174663
5195,3.2702455712291028
5196,4.276342510440177
5197,4.271290553988233
5198,3.722263082995353
5199,5.529362032165563
5200,5.5251825215779125
5201,6.073703553917149
5202,7.37928871859835
5203,2.9785591615075244
5204,5.235700153885505
5205,8.938184736423338
5206,2.7237979812097337
5207,6.853447516261532
5208,4.293291640391127
5209,3.4130099348449927
5210,7.170732557787526
5211,4.848165579149674
5212,7.458119601563077
5213,4.545346101778402
5214,6.958816495412238
5215,9.188828244082416
5216,8.494828664425434
5217,3.3021022084605183
5218,7.11823631435584
5219,6.545682215077843
5220,5.938326641564744
5221,6.550797797350361
5222,2.7728195481689983
5223,6.396495390898834
5224,7.328528455035094
5225,6.787861902649163
5226,3.8400798809202135
5227,4.876650645034086
5228,6.9686607657441675
5229,6.206558200501614
5230,5.594452913675163
5231,6.128116818073589
5232,6.319668786638884
5233,3.625001147316998
5234,3.669100446391651
5235,7.701251825577899
5236,5.388751269923039
5237,7.216680291046904
5238,6.954449574579003
5239,6.722892359336003
5240,4.731812762355201
5241,7.429359355761571
5242,8.673019607950256
5243,3.561953120826192
5244,5.7773684666498095
5245,5.202946188115881
5246,8.144758240798955
5247,7.969591586610932
5248,4.4326612199476365
5249,8.46900577990568
5250,7.0328005535674105
5251,6.626365371176776
5252,6.392589387050175
5253,6.975252835537919
5254,3.3503216654804246
5255,5.55820742407216
5256,7.39897521131982
5257,3.1664071285394293
5258,7.319607163565803
5259,3.9586374245613127
5260,4.050733934217622
5261,7.822924900983079
5262,3.916189353741756
5263,6.464877575318052
5264,6.72530083007833
5265,7.518493998510938
5266,6.291821616324891
5267,6.758639714235228
5268,6.325552487435756
5269,6.030443097733772
5270,10.367562482362345
5271,6.193677625467348
5272,6.695489312045787
5273,4.737682209394847
5274,4.717683477682979
5275,3.1046615957426176
5276,5.015189242289755
5277,6.091702943066779
5278,7.418552379064186
5279,7.568464571675402
5280,4.854144450500969
5281,6.0481645084105695
5282,7.9179780300097455
5283,2.5253123528163166
5284,4.6784982359289
5285,6.103413776613387
5286,9.36336308078552
5287,8.459278630737872
5288,5.765083752793122
5289,5.929601826545567
5290,6.3961772958548595
5291,5.469634839572246
5292,7.180576331136269
5293,5.611196137455707
5294,5.498457963900679
5295,5.342609298663416
5296,5.640966750308814
5297,5.7763485600756495
5298,6.353128718378208
5299,9.19548012252057
5300,2.3681878667509872
5301,7.577963985052177
5302,4.169776060598904
5303,3.412083823140045
5304,3.721538833026776
5305,7.8562478247415415
5306,4.4495801396861765
5307,1.8242417223733305
5308,7.897280138400341
5309,6.133485118264185
5310,5.088689894104027
5311,6.40297166826476
5312,6.339932226355227
5313,2.4374253402704813
5314,7.120579316864294
5315,5.068181426988213
5316,5.7979235260002175
5317,3.9924478057292703
5318,5.21160593231865
5319,3.9613537545898856
5320,8.48442332293449
5321,3.25247128847212
5322,6.212174276592107
5323,4.84083152048949
5324,6.55794144167615
5325,5.554215904508592
5326,6.504038347200064
5327,6.199514411997265
5328,5.497042701942478
5329,7.429949897848855
5330,1.7409445796681196
5331,7.836061120666367
5332,1.9741743666449871
5333,4.490404096183756
5334,4.850544395098254
5335,3.156776284230604
5336,5.841885126492476
5337,4.403340671955938
5338,6.60309669246856
5339,6.424025721842807
5340,7.483846806480606
5341,7.661075463609795
5342,2.6577591332296158
5343,7.542963903794184
5344,5.435343038222586
5345,5.726626083937267
5346,5.171377071804967
5347,3.3868213523913298
5348,6.438076363786719
5349,6.732590354433766
5350,3.675017313279276
5351,3.842840055746026
5352,6.286525683798473
5353,6.762739710964055
5354,6.677312399838062
5355,6.055202932961924
5356,4.829037756663994
5357,2.7278464695256375
5358,9.097381401782334
5359,6.614837534845474
5360,7.112252667193132
5361,6.484109211888759
5362,7.239274616271807
5363,6.811824373757718
5364,8.762945567289133
5365,1.2096609114787302
5366,7.03856351089446
5367,6.0838519598822325
5368,5.3139646858733105
5369,1.8932844658517227
5370,7.744327942340542
5371,8.143680670995574
5372,8.409388949485596
5373,1.8602667016785566
5374,4.980994813224264
5375,6.210570595833899
5376,8.291370227945576
5377,4.319410468993553
5378,6.1059442107990005
5379,7.281161387860415
5380,5.047633687680792
5381,5.4031358141888175
5382,5.514090612296309
5383,6.457902272058513
5384,4.504487537648997
5385,7.391993355103232
5386,4.477845125377556
5387,8.196437847223988
5388,3.533303637409641
5389,7.219204567280393
5390,7.262957520942712
5391,7.642852069937264
5392,6.041451531810957
5393,8.860882957336123
5394,6.205225858365569
5395,8.808521655332068
5396,3.38630169907087
5397,1.5872367879210592
5398,6.933471025911786
5399,4.186758469322616
5400,3.3548604727070517
5401,6.492403097999671
5402,8.282674495211287
5403,3.0631053816291267
5404,4.249709811692727
5405,7.683062842724688
5406,6.615487940650732
5407,5.759877035836103
5408,5.395064783541049
5409,6.704649634468546
5410,3.8850569120603105
5411,9.960794799615135
5412,3.572095250436809
5413,7.373843489355226
5414,8.241184224723254
5415,6.453428024214498
5416,6.596674213768259
5417,7.571850098747257
5418,4.325973135341309
5419,5.324347984830003
5420,7.487250311431481
5421,6.488977171684041
5422,3.9478101252446653
5423,5.230524977667953
5424,5.115855139187459
5425,4.513459905279753
5426,5.6318237722235045
5427,2.5170555604286355
5428,5.9459097360236415
5429,8.51100188232451
5430,2.5723417578751016
5431,6.207195364809406
5432,8.965864048992284
5433,2.903370986707307
5434,5.943826983875885
5435,6.5557644469529865
5436,4.2257289556744
5437,4.722559667853203
5438,4.140661832877914
5439,5.8393494911095365
5440,4.113842278863606
5441,9.141340635171586
5442,7.700831163894677
5443,7.284632239195136
5444,8.434268353654373
5445,6.193026090560812
5446,8.19399417885922
5447,3.942621414992829
5448,7.514802299247134
5449,6.96294052217627
5450,3.391136391604679
5451,6.739045643413402
5452,9.861155921898328
5453,4.420215038143077
5454,4.92516713412997
5455,2.8210943422400017
5456,4.526455763181641
5457,5.202125658767585
5458,6.944236256853863
5459,5.55279635227159
5460,4.073560305554702
5461,4.614389566630452
5462,7.155117309687293
5463,6.2789733772914005
5464,6.733275673809057
5465,5.729411786738248
5466,5.038518122485068
5467,2.3282038205147484
5468,4.674675270037374
5469,6.360704699578497
5470,2.972645043307061
5471,8.818808393121945
5472,3.2883987605914533
5473,7.623271187324831
5474,5.800596068635452
5475,4.975621095455103
5476,6.019767420586707
5477,7.802653599837436
5478,5.722300247539018
5479,3.6267353652372893
5480,5.277662070006621
5481,8.691446977798567
5482,6.320683780969409
5483,4.843473297601467
5484,7.272049314562161
5485,7.478876023582457
5486,6.065730035216637
5487,7.534658045693898
5488,4.454829969311831
5489,5.309886212596559
5490,2.2067731218673714
5491,8.829173373912194
5492,2.490391044481747
5493,3.5563506052156857
5494,8.108942393164892
5495,4.169875380141517
5496,4.6144028483934365
5497,8.296468491515823
5498,7.053586329216123
5499,7.489217478538702
5500,4.96980060753484
5501,6.365498243068128
5502,3.7703936255570616
5503,7.710812145567269
5504,4.351374480818935
5505,7.215059150117569
5506,5.330531275780845
5507,6.392974683511165
5508,6.484252132197246
5509,4.111445889469711
5510,8.913105185567085
5511,7.248571762184815
5512,7.044402465505562
5513,8.758411821596255
5514,5.659963435732382
5515,8.250881078277269
5516,4.704282885946382
5517,6.644032834724157
5518,4.434421550502014
5519,8.710654405083202
5520,4.3866292468684165
5521,7.642025700114202
5522,3.8645049649638845
5523,6.926227141215635
5524,3.014702876304045
5525,5.950443565349473
5526,6.737157269537439
5527,6.521353694231413
5528,6.329103708425387
5529,6.573742007168073
5530,3.983278529238455
5531,6.158187293147477
5532,5.4268816969586275
5533,6.626070288614905
5534,6.656733045878828
5535,7.332583659245342
5536,8.846870348297177
5537,6.627320411877646
5538,3.48417579244815
5539,4.038191743699766
5540,3.133738852411069
5541,5.078952019453384
5542,4.972023333633361
5543,6.991092183441189
5544,5.463194158371845
5545,7.58632253289801
5546,4.098380066908342
5547,5.774270125505262
5548,5.727799182362645
5549,8.10807030681889
5550,5.570180505937092
5551,6.356492654471132
5552,8.529465356906003
5553,3.5265317802112754
5554,6.001697131576167
5555,9.266410208795183
5556,5.859406706545559
5557,6.680732919704755
5558,3.670207016253672
5559,5.487066087697581
5560,3.7277725266681636
5561,4.439301083168105
5562,4.755785958805108
5563,6.680580038150918
5564,5.711054683964154
5565,4.623276307230579
5566,5.939940698823645
5567,3.8456427822470713
5568,8.197324518483983
5569,7.4796234824544685
5570,3.408243917407647
5571,3.9150113877336823
5572,5.800729902524707
5573,5.831783197557156
5574,2.553695364351186
5575,9.7427975059354
5576,6.92248812757562
5577,1.692345866675965
5578,6.149960649297773
5579,9.464909993530743
5580,6.398360212883556
5581,5.833047215733872
5582,7.143508778642106
5583,8.620474838705627
5584,8.249813075661953
5585,5.815548604884297
5586,4.644646035305067
5587,2.537997426359765
5588,9.982559184852128
5589,7.00741298441936
5590,6.7492267342766565
5591,4.817321939639107
5592,3.8068392355331713
5593,5.876649576200904
5594,6.5134500721363775
5595,5.5673337498721835
5596,3.9768046428670076
5597,7.66919545050274
5598,8.268504404656046
5599,5.454153663571216
5600,4.762993723034248
5601,4.898661771755609
5602,3.5742814793249065
5603,5.1834080495125345
5604,4.970260450654092
5605,7.045775749713786
5606,4.893750860414268
5607,3.576557155293935
5608,8.395864058758615
5609,4.414067538933727
5610,7.416982353636989
5611,5.128345309154036
5612,6.789082707452462
5613,6.006198083717506
5614,3.365252611752299
5615,5.657431497925256
5616,6.902045033082105
5617,3.9274601217531604
5618,4.233095710755537
5619,7.276371867484574
5620,7.832568132934371
5621,3.8771889082800506
5622,6.693730725429502
5623,2.730700636043895
5624,4.818747781143379
5625,5.413628041133197
5626,6.371836988670784
5627,3.6115137758500504
5628,7.740215412596721
5629,7.732921732022604
5630,5.299274734819319
5631,2.8988030600277788
5632,5.135475706753276
5633,5.828756967494871
5634,7.030140170264096
5635,5.706086658365673
5636,6.962322469941636
5637,9.379343952982989
5638,7.01771974213532
5639,5.47720564966656
5640,3.476870660037251
5641,4.254965896399794
5642,7.6407910310504485
5643,4.633013965810395
5644,6.183075988797842
5645,1.6820833045833319
5646,3.6217703493617117
5647,4.911215334310603
5648,5.126037964851399
5649,2.6293962353181266
5650,5.952540501423259
5651,3.296856821278338
5652,1.869057785016668
5653,6.7433673882049305
5654,7.273738119015093
5655,6.257144012033731
5656,8.517560552196024
5657,1.4085305855139931
5658,1.9333325855324497
5659,5.400128493265763
5660,8.147190036995992
5661,3.7126646508802086
5662,7.990121503488658
5663,5.919382321627178
5664,6.094515940899143
5665,6.759504297724769
5666,1.3587639075829794
5667,7.0387656548643776
5668,2.206319074958937
5669,9.022154370037388
5670,4.159468379469045
5671,8.456656666700848
5672,5.16897832112891
5673,6.638792624657066
5674,3.5172509752216037
5675,6.42670113631477
5676,7.38039036518606
5677,6.673703353279608
5678,6.912089954911869
5679,8.815518624948032
5680,6.745324221472503
5681,3.4884590696932523
5682,2.145953271864022
5683,8.447169372916106
5684,7.157693009480503
5685,5.632461347030621
5686,7.882914294508328
5687,4.383136551335159
5688,6.422895924657116
5689,6.160881449862927
5690,6.725202935704976
5691,6.592394476485848
5692,8.242537833704857
5693,7.228337030771517
5694,6.469527485162639
5695,4.128996692407852
5696,7.018948664688657
5697,3.68932239910332
5698,7.047112820682393
5699,4.840555804716733
5700,6.9461256168812096
5701,1.724907042047424
5702,5.181008997495061
5703,4.670431021406012
5704,5.731934908244351
5705,6.294364461378832
5706,2.2006587668810753
5707,6.87913529317866
5708,8.061524732956759
5709,7.008445204848696
5710,7.325353541289077
5711,6.2415527773955795
5712,8.440204105095923
5713,6.456262014370417
5714,6.462900822209476
5715,6.933301603445679
5716,1.3315131332542953
5717,6.238123974578468
5718,2.8575542879286333
5719,6.359468767581825
5720,5.192563663872426
5721,3.958145308120013
5722,8.717927160302594
5723,5.055959666744313
5724,4.108245466695363
5725,8.196727590518366
5726,5.199121986247831
5727,7.537950817338763
5728,5.241883802652543
5729,6.578130984682509
5730,2.666259302763045
5731,4.352371255743646
5732,6.651938884978466
5733,6.583579899967536
5734,7.468166001498118
5735,4.783413277139086
5736,6.7013735075857
5737,5.45613507654733
5738,4.8565250319730655
5739,4.183859819517387
5740,7.523655787607276
5741,3.002431029491891
5742,9.59658893209555
5743,5.682493104585927
5744,5.047325734256482
5745,6.862534771134108
5746,6.287222165998337
5747,3.39625383953758
5748,6.462241910773741
5749,4.860381888147801
5750,6.035658885939661
5751,5.464816966910879
5752,2.7894642934378755
5753,7.461375979214936
5754,5.925078205399313
5755,6.799971552723116
5756,1.6370280427654382
5757,4.6602403825149965
5758,6.574477035915942
5759,9.396458923696349
5760,5.010862205514448
5761,6.111778128563583
5762,3.7745134655016717
5763,3.5697834330906364
5764,6.666490219855004
5765,6.591923524471339
5766,4.195556348865413
5767,7.773043124164888
5768,3.36013958988738
5769,6.869346396407355
5770,0.3319104155926145
5771,4.885375824345912
5772,7.927818585135945
5773,4.747536900123357
5774,6.2532011040172115
5775,5.4882812101439775
5776,3.035839587743359
5777,5.9500607224964
5778,4.698519379338256
5779,7.888315555613301
5780,5.548649524606175
5781,6.2542181646280905
5782,2.3392344612792924
5783,2.707915576971149
5784,4.557523753136279
5785,3.1348388774152367
5786,7.7934214196868306
5787,7.628336558426772
5788,7.50405402807876
5789,6.0652780946290985
5790,8.588097141235753
5791,4.155225936591926
5792,5.471435232764195
5793,7.016690043109227
5794,3.6742058018190393
5795,8.860098208553127
5796,6.106064539266622
5797,9.528709034787811
5798,8.727839723226372
5799,3.879751134722695
5800,6.504928452262359
5801,5.124362161091156
5802,6.049580386687484
5803,8.543980751946277
5804,4.497586647918772
5805,7.813201266667125
5806,5.725359682351555
5807,9.511716849833379
5808,7.320167671867118
5809,5.811921192761519
5810,7.3007413511461134
5811,5.455193941844868
5812,6.318402746728287
5813,8.72579443802705
5814,5.16871760438382
5815,4.892871206877784
5816,6.70302116334896
5817,7.169126675291801
5818,5.542517784422684
5819,7.574221961594193
5820,8.130087289899445
5821,8.988765689742543
5822,6.010968368638935
5823,7.013317276846873
5824,6.940326163580108
5825,7.627123748191735
5826,9.330407598248359
5827,4.817329992772645
5828,8.68755325925685
5829,5.275910967488842
5830,3.009041100892792
5831,5.674420973181253
5832,4.324154919506359
5833,4.698470680898177
5834,6.139915907310304
5835,3.2846662072274886
5836,4.6504998902861026
5837,6.2960320110020245
5838,6.420204841490546
5839,8.027600033149863
5840,4.872403130039114
5841,4.79552347608155
5842,7.724696605284378
5843,8.473318369299689
5844,8.510893512533162
5845,9.130152686291074
5846,3.2731057902105656
5847,4.8802620145963775
5848,7.388306902754623
5849,5.8529415174074755
5850,4.570037146463895
5851,5.633768328417668
5852,5.551443286772027
5853,6.9437804401205305
5854,6.975405266353306
5855,4.436752540667666
5856,7.200012180964399
5857,6.451177915106533
5858,8.94097769016227
5859,8.29646368757423
5860,6.507698531872026
5861,5.600411004304508
5862,5.254066761411334
5863,5.502612013873611
5864,8.801384213904335
5865,6.410501486231416
5866,2.5146621399995706
5867,3.4857497994047812
5868,3.599759428764821
5869,6.486665245313353
5870,2.2078742607795308
5871,5.7054152832659835
5872,5.575718161682392
5873,7.277966758003559
5874,6.843308714639669
5875,6.530309356025117
5876,3.6669578775586
5877,6.465335862817232
5878,5.666371773956846
5879,3.499361845522839
5880,6.417689653534162
5881,5.622444769557926
5882,2.4714586014527504
5883,4.750696427171261
5884,7.077907775618661
5885,4.681311588010843
5886,5.67183269272952
5887,7.689354096588344
5888,9.22873965156959
5889,6.200393377975083
5890,7.088846635846703
5891,5.075492082705343
5892,6.510659301475733
5893,8.645126632348886
5894,5.564868709241166
5895,7.859861745388308
5896,6.04265489777662
5897,3.9672637748140476
5898,7.191360802720217
5899,5.825181162729062
5900,6.658145962283711
5901,5.776070457763254
5902,4.507439267707421
5903,6.712599223579722
5904,8.755954170515631
5905,7.193241057755454
5906,1.3303282827566287
5907,5.639330102714669
5908,6.629851865276567
5909,4.171218070736715
5910,2.750800341292539
5911,6.259612948286708
5912,5.57734993444516
5913,6.5987130681663695
5914,4.098247224020074
5915,7.005338897665288
5916,7.5026960896273724
5917,8.520863083601267
5918,6.58414939743828
5919,4.091395515955868
5920,7.38385012118953
5921,6.44718103764059
5922,5.803419991729692
5923,4.832589949311139
5924,9.808805659087058
5925,8.783028429514225
5926,6.310681645601877
5927,7.452336938669992
5928,4.02847612597264
5929,6.4821871361624375
5930,6.626590318950788
5931,7.403299878981994
5932,8.122140187498111
5933,4.916858119809139
5934,7.929209432402931
5935,3.867983354053492
5936,5.704975642218869
5937,7.226828556289124
5938,4.8460276008726195
5939,6.488166935287987
5940,7.564337390867156
5941,7.433765173147722
5942,3.8246357548420136
5943,5.949362784235365
5944,7.359079726126146
5945,8.656423070813739
5946,9.717874927056727
5947,4.846127253836817
5948,5.264495554452224
5949,4.538970441841778
5950,0.23582051831721357
5951,5.95828986299702
5952,4.073418893418151
5953,4.8879851732690405
5954,7.591863315172903
5955,7.482817459548214
5956,8.738466610412122
5957,7.988539623070448
5958,5.632061748510836
5959,5.818863707773346
5960,5.038041605078428
5961,7.899677415070857
5962,5.033261131386331
5963,3.778349849006788
5964,4.26799485397734
5965,5.680590392732012
5966,6.372920245081861
5967,8.458059196523859
5968,3.1382064054399117
5969,5.0454244800509915
5970,4.837646233089742
5971,5.362519483094096
5972,8.880288875647878
5973,6.289537193059673
5974,5.874948453634334
5975,8.100631366671468
5976,7.437430195166338
5977,8.87363110243321
5978,6.398612746593438
5979,9.30545118033463
5980,4.835804282916086
5981,7.128186644871748
5982,6.4585428843166515
5983,7.24353038118855
5984,6.530103704143628
5985,7.580365772417244
5986,6.671046203582489
5987,5.047416250799179
5988,5.558487982605741
5989,4.667045819917449
5990,6.5434880560682975
5991,9.012132093803597
5992,5.748348808764423
5993,7.563487877889672
5994,4.048828461109935
5995,3.2708530820851673
5996,5.760308760746485
5997,5.809366991967972
5998,6.253987355286901
5999,5.4744481546127
6000,6.171315051745719
6001,7.803282377747604
6002,6.208661027867813
6003,4.611312851776873
6004,5.036154020171791
6005,6.118359918453221
6006,8.909121444160279
6007,8.577842670185886
6008,9.3641939007055
6009,5.117559857680981
6010,7.216885357936963
6011,5.998201752072758
6012,1.0145567573109622
6013,4.178400041581501
6014,5.731209467257174
6015,6.3103942288551895
6016,8.371477354218698
6017,5.576550332953477
6018,8.652553996747525
6019,8.112427259794902
6020,4.171809942174214
6021,9.04924921323246
6022,6.6296869954650814
6023,3.9632787358151553
6024,4.52533444408132
6025,6.1397464084843225
6026,8.274400669657586
6027,8.523574264286694
6028,3.600637255182203
6029,7.59420642180836
6030,6.435122994523708
6031,7.679310087662277
6032,9.842040276073806
6033,6.726225121690731
6034,4.933956508237596
6035,6.152331122622787
6036,8.7240743527878
6037,7.7673388891689985
6038,6.488679988337761
6039,8.46516081850107
6040,3.8689615532178854
6041,7.377567673282166
6042,7.3841006680302295
6043,8.844553557918333
6044,8.23884200561686
6045,6.29695773971882
6046,6.511223145727951
6047,1.525062749942357
6048,3.864834059658599
6049,6.7528413557223015
6050,8.313771640636933
6051,3.7884554024912065
6052,4.815497059440392
6053,3.287714563448696
6054,7.392370739549475
6055,5.061527327947676
6056,4.1771734704299
6057,5.065416301051917
6058,8.784904637693597
6059,4.3570664721559735
6060,1.6515085889400094
6061,6.81453517915035
6062,7.572040874957103
6063,6.400083696231696
6064,5.389764619214945
6065,5.361327283086352
6066,7.0955727483955435
6067,3.8203735558874077
6068,6.99400037503729
6069,2.4098504748648164
6070,4.055235385946257
6071,6.365051961477283
6072,5.447542336284515
6073,4.380986443084016
6074,6.091801175935675
6075,3.26633048400167
6076,6.254536625217334
6077,4.578290309503635
6078,6.445884194192655
6079,3.103293097273836
6080,3.6069854185438737
6081,8.534112697460383
6082,3.4492919018242256
6083,6.623466494529248
6084,6.4571140142407755
6085,5.404499220551559
6086,7.779551089389884
6087,5.204666890820519
6088,4.789951188625492
6089,5.731214874535491
6090,5.474865539916883
6091,5.181224951978328
6092,6.536436223907205
6093,6.321441875155428
6094,7.488377879010388
6095,6.647562379372783
6096,7.767186764866254
6097,3.8938907277011916
6098,7.524637531585178
6099,8.275932039880647
6100,4.87035379142428
6101,6.264310124933036
6102,5.763822269800291
6103,3.621224481247274
6104,7.403395078948899
6105,7.920168626105625
6106,6.626044440744203
6107,6.884758066345137
6108,5.594914412281019
6109,9.115206603033604
6110,2.9213932131469944
6111,5.968400572752398
6112,5.137766428880904
6113,6.069765260104323
6114,5.033785515881453
6115,7.2513067301062
6116,5.107235446636448
6117,8.271683272718077
6118,7.89591293066144
6119,5.02195598562928
6120,4.392619005221103
6121,8.709747331825653
6122,3.7466977811559046
6123,2.9685230926777395
6124,6.818198135107134
6125,9.701817385374278
6126,7.876756451862582
6127,8.703397649387107
6128,4.5046569458034265
6129,3.4049821970740997
6130,5.006279701980542
6131,6.725165460894386
6132,4.744231562091414
6133,6.473684431170712
6134,7.873658920216346
6135,3.0734082226548995
6136,4.078796157673308
6137,4.637393486037118
6138,4.514803031953613
6139,5.012168987391971
6140,6.400091552452841
6141,4.592397734477742
6142,5.658146905307076
6143,7.781514818263108
6144,5.9287588377435885
6145,5.254405907228487
6146,7.018311300250795
6147,6.784425780480211
6148,7.64816468277275
6149,4.623799901684217
6150,8.023861048347095
6151,2.8048362526388297
6152,7.033535635329314
6153,5.733915248186495
6154,6.140176676301665
6155,9.398951596697906
6156,3.069687979989296
6157,6.5288889331499345
6158,5.317454046142885
6159,6.130276764488283
6160,5.186760253624259
6161,5.234722704238749
6162,7.500143108261405
6163,6.3805677729386865
6164,5.229733446374942
6165,3.520058720875957
6166,6.628902761556554
6167,6.852629473278652
6168,5.856078663226683
6169,3.626364351242381
6170,6.546305051164548
6171,4.201301041268864
6172,4.761695644716046
6173,5.4394395004582305
6174,3.753194601763937
6175,5.868845864377981
6176,7.708148519361658
6177,6.878547916548177
6178,7.726939287671168
6179,9.184814625709695
6180,7.505010259367256
6181,3.2792575448656986
6182,5.122916068847792
6183,1.978583686612788
6184,4.253635719470415
6185,3.8531227897348446
6186,7.614963818748896
6187,4.407938758986796
6188,4.3924179663828955
6189,9.627951355264695
6190,6.949480134583963
6191,6.441400399918441
6192,6.190894051697244
6193,6.871054079839207
6194,7.269952263847466
6195,2.2157494391227543
6196,4.635319315007261
6197,4.805882826388634
6198,4.715841756490043
6199,7.490138265744814
6200,7.979429775731248
6201,5.339210619050787
6202,3.732128976372272
6203,4.4274983106347765
6204,3.2664890443879258
6205,7.644122579469272
6206,7.16155046446251
6207,3.9516752907871693
6208,7.810738018295842
6209,4.2251281197126165
6210,4.986922100997629
6211,4.394171762501422
6212,6.145949284804512
6213,7.276274134803307
6214,5.8857520183050385
6215,4.544613613284964
6216,7.698352739343928
6217,8.77539366737451
6218,4.549968777175851
6219,6.369430914037711
6220,3.6060039482940565
6221,5.665477748795568
6222,4.344671189018285
6223,5.8189068465649925
6224,4.615862111729803
6225,6.252624944409832
6226,7.304061860235651
6227,4.739663086193662
6228,7.128337013499677
6229,5.4477466779726935
6230,7.453918886620692
6231,5.6368970320626275
6232,6.034013029062868
6233,9.489854818226567
6234,8.005273048572665
6235,7.453353924489065
6236,5.206550708302089
6237,6.781949039343574
6238,8.771800671868771
6239,5.061322132062324
6240,6.982724714046991
6241,5.107172946800526
6242,5.822419862987115
6243,4.492323482144983
6244,6.354111920386754
6245,5.154437803140738
6246,7.892595584653985
6247,6.048435413252699
6248,9.111207094875354
6249,5.053848928607739
6250,2.9646938984820754
6251,10.182116647011725
6252,3.881914659787805
6253,6.5117838722238375
6254,5.567032516733464
6255,6.9632106121791475
6256,5.656723185978847
6257,5.601820213096293
6258,4.255827492860262
6259,3.2384001037207417
6260,3.1825566353482793
6261,6.144637121287278
6262,8.651401428434438
6263,8.533178065501845
6264,5.8701246438574115
6265,6.695108628072557
6266,2.646487176526701
6267,4.723028924982718
6268,5.143145668146539
6269,6.528499911154666
6270,5.788032977445301
6271,4.218952473569273
6272,1.7704956905679303
6273,7.513902372766683
6274,4.256449075240066
6275,4.3610057289116035
6276,5.351890651775782
6277,5.030358979044054
6278,7.2084500531401385
6279,6.9690260145111464
6280,6.671000417356219
6281,2.6800507782558762
6282,4.766832381805546
6283,5.747910246416021
6284,7.152082003727026
6285,8.185136028541569
6286,4.2921519566053545
6287,5.252647430419085
6288,9.085344086907282
6289,3.3925407306034523
6290,6.311489226878031
6291,3.6664355869119665
6292,2.5557065982316125
6293,6.085142626943055
6294,6.288500017985014
6295,5.949689269423026
6296,7.780737220516321
6297,6.60827133863683
6298,6.831528556119908
6299,4.1270424100414935
6300,5.15959228949864
6301,4.66942001615699
6302,5.8938038778647766
6303,3.962119745225794
6304,3.645856261156286
6305,6.902757420804038
6306,6.332955938362458
6307,6.8105518620038845
6308,4.959948507444477
6309,5.392954156982805
6310,5.106738784366624
6311,8.613164535764579
6312,7.219433352441025
6313,3.045443876998438
6314,7.227131938343707
6315,5.003712991980953
6316,7.968399303198557
6317,9.41944115088652
6318,3.4040573163142382
6319,3.850001539428256
6320,5.4814400485342105
6321,5.040658675474107
6322,7.897758203688225
6323,2.7702274261925215
6324,3.7504872055387977
6325,7.019046981869193
6326,6.359860902832184
6327,4.416179718528971
6328,5.008076027043083
6329,9.033776638661658
6330,4.971389948486612
6331,7.001522026714267
6332,6.4079329657333775
6333,8.013534813205904
6334,6.71927187426678
6335,5.949585085210497
6336,7.05032250365497
6337,3.2722940291548612
6338,7.64109287900341
6339,2.6984041145558386
6340,5.299249762855914
6341,4.49152679850613
6342,4.8365063075698655
6343,6.914750703616466
6344,1.6723822124453114
6345,3.3898715198738945
6346,6.876609082459412
6347,6.287458645682603
6348,5.466675129979196
6349,7.2383717173015185
6350,6.8717152091189995
6351,7.78411343047935
6352,2.28794958048602
6353,7.123972425905444
6354,9.233779991406639
6355,7.243749531111004
6356,5.5039783385230585
6357,4.25750372523241
6358,6.1816739650461345
6359,6.73810297908238
6360,7.636221399550444
6361,6.222911802527556
6362,9.383630984690395
6363,6.741329068135798
6364,5.461173585081738
6365,6.467655509625574
6366,8.156207050281294
6367,6.665119721711494
6368,7.663871899175028
6369,7.762553305382973
6370,4.360472930286061
6371,8.167255593546948
6372,3.8343238271171463
6373,5.625084390887425
6374,9.025035692463732
6375,8.888482223153744
6376,4.669578393533852
6377,4.423021304624397
6378,3.4326675657870287
6379,8.954179949864224
6380,4.286454559429628
6381,1.6057217117958813
6382,2.097340520841383
6383,7.017857937105703
6384,7.253707715192478
6385,7.962061282004119
6386,7.67622628884401
6387,5.352676489269837
6388,6.269777487498484
6389,5.813460785413248
6390,8.738228024423726
6391,7.33076462890228
6392,4.260516359455445
6393,4.481210865534463
6394,3.17992636384779
6395,6.1765672657568285
6396,4.3075970183542385
6397,4.907529940155252
6398,5.587210341699874
6399,5.117889613614327
6400,7.313789586847789
6401,6.755075254240616
6402,7.6735067409246565
6403,8.243530586506337
6404,0.9782838688626785
6405,8.434146321251934
6406,7.12689160772735
6407,5.40281414152415
6408,7.665290959491693
6409,6.3695578076327575
6410,5.67179596439234
6411,9.273024829891664
6412,4.082832452024935
6413,4.372667559265421
6414,2.1813779909993216
6415,4.268943426934498
6416,1.725931908752204
6417,4.22695455539021
6418,6.40925986160595
6419,8.904841021415438
6420,5.981938311415897
6421,9.617596932256529
6422,7.810951836808514
6423,6.475907043013924
6424,9.588364918179224
6425,8.350811942301473
6426,4.85960879442012
6427,4.750690153901594
6428,6.425849878382652
6429,3.6009138615973013
6430,6.44969192286745
6431,3.408136518178594
6432,8.010555109420142
6433,2.902659902744809
6434,7.447205368398778
6435,8.580725960886928
6436,4.469100430580086
6437,6.946693650344979
6438,7.66023029891673
6439,6.050878642719584
6440,6.043940537546796
6441,6.514471576350883
6442,2.4046570366332185
6443,4.088195291765045
6444,7.565042150496629
6445,8.009017905464486
6446,9.76218924654489
6447,5.776703088193196
6448,4.875312213258273
6449,4.802321604054075
6450,6.094824281660004
6451,9.047343059812617
6452,9.851600196145554
6453,3.863795014432869
6454,6.70639825719289
6455,7.542321994518286
6456,5.481570268286633
6457,8.3944713937368
6458,4.541024352508386
6459,2.9976692932433147
6460,6.636459651032697
6461,8.259934299954747
6462,7.8271612721898105
6463,6.5881289479644
6464,8.120582163225778
6465,8.60310028575395
6466,5.103746242017234
6467,7.2756185154854
6468,4.21810406933443
6469,7.052343532384532
6470,8.6371809042135
6471,7.20155333185788
6472,4.960147196996945
6473,4.0481144059021394
6474,7.4354175886847615
6475,5.169523637386009
6476,5.049727966842648
6477,8.46180968016525
6478,7.218225621153291
6479,8.32238571388707
6480,8.063058805360331
6481,6.438645789890086
6482,5.09409277705644
6483,5.750904697750436
6484,5.8832309704255
6485,7.58549263933809
6486,5.174055978406983
6487,4.200846205942801
6488,10.071156035118527
6489,5.223137227104051
6490,2.8031954790877966
6491,4.761767840053577
6492,5.8485528154872135
6493,3.141463891659249
6494,4.5147040826120275
6495,5.24793247211513
6496,7.714778449380976
6497,5.732329805931723
6498,5.938472457076727
6499,5.855982699934235
6500,8.878549930729758
6501,2.702808489177608
6502,2.4799965778832314
6503,7.885691254563544
6504,9.246621844192813
6505,4.655742893543682
6506,3.9407617325414193
6507,6.824979908301839
6508,5.596331867047836
6509,6.39502393223432
6510,6.745652655988625
6511,7.284498725387486
6512,6.500645877112065
6513,6.417827890872331
6514,4.310310894986367
6515,3.9817978842378494
6516,9.313376749444842
6517,6.19808185658212
6518,4.793326602013924
6519,6.116757058865173
6520,7.737027310164287
6521,2.863582311455769
6522,3.842903210066352
6523,3.3185662283525614
6524,8.471327834268783
6525,7.977516303805682
6526,8.835262192961602
6527,4.31360814236813
6528,6.45387007002209
6529,4.209927411469364
6530,6.35269910329503
6531,7.439475481911096
6532,3.113497014134034
6533,8.719461187451474
6534,5.6150639722186035
6535,5.815012637717546
6536,6.627467096041755
6537,6.523932085664042
6538,5.1119780765066425
6539,6.969209037628637
6540,6.037402892151864
6541,6.697981230378592
6542,4.2531410217353915
6543,7.323326140055888
6544,7.092725058412439
6545,5.966223648213985
6546,8.176758001369405
6547,4.078166885269907
6548,6.139063717767148
6549,3.6019261557372104
6550,6.697998534975061
6551,3.2844033884986423
6552,5.35740158956377
6553,6.826011979086063
6554,5.572371042047303
6555,2.26178040299485
6556,7.348851734577574
6557,2.519484553302465
6558,7.212951208658354
6559,6.4925762402103135
6560,4.423790271144332
6561,6.309342622065401
6562,5.015189458485406
6563,5.803244821103862
6564,3.265222542118549
6565,4.290862140166575
6566,9.217020595293056
6567,7.774226989914222
6568,7.395535430693364
6569,2.6526403914338283
6570,7.6131200814820845
6571,7.471547437421077
6572,2.987793571843073
6573,4.037207906922326
6574,8.072668489667876
6575,5.994031032964093
6576,4.654665759904186
6577,6.729900437763043
6578,7.770919685517896
6579,4.606261094723951
6580,3.797597578048308
6581,4.086630559091917
6582,8.597102794612608
6583,8.722152157332442
6584,8.394322465591094
6585,8.768005147846564
6586,8.190890861608736
6587,6.513588209150571
6588,2.2960746956993265
6589,5.7590348000539775
6590,5.8399078585734765
6591,9.361533478552499
6592,7.619983884865195
6593,6.307854849372338
6594,5.888821704844142
6595,6.783756894909939
6596,6.237928857606125
6597,6.115675597604416
6598,7.096028542873453
6599,5.513202521915383
6600,8.400289280402548
6601,7.658055748061502
6602,3.9604599224537473
6603,7.595761679603406
6604,6.762327165071438
6605,6.448333956513061
6606,7.695293428330929
6607,5.2641392598535175
6608,6.88740967927934
6609,2.457850642907281
6610,0.37931326831732665
6611,7.090180157970176
6612,6.298857534525599
6613,3.8716315260604675
6614,2.6795413774379995
6615,6.506997944467724
6616,4.517685808870858
6617,3.6193101602616604
6618,7.647529291329556
6619,2.904490791522411
6620,2.052110547341931
6621,5.113310184909763
6622,8.115738272827635
6623,6.526923838222697
6624,4.073453186315053
6625,7.091042520171398
6626,3.602648444566868
6627,7.719973399783756
6628,4.473694096257425
6629,7.683766343145418
6630,6.025280638126638
6631,6.729239769831532
6632,5.892307744319046
6633,7.95647865882129
6634,7.414969436551499
6635,7.506970539539322
6636,5.474796494674532
6637,1.9702850265298963
6638,4.258278615452625
6639,5.40874958301423
6640,5.729152620927536
6641,6.650783432869108
6642,6.451954889447688
6643,4.168043444865836
6644,5.796510439074118
6645,7.608027250603911
6646,9.125911606736974
6647,2.8346878414901404
6648,3.5454406561804954
6649,5.762383132905472
6650,4.510766810759964
6651,5.393195806833505
6652,8.687136002646016
6653,6.016576313108969
6654,9.18281067458095
6655,6.233131497103122
6656,7.225386396959662
6657,7.5339556558815035
6658,8.050187296172975
6659,3.399493635438173
6660,3.7901694096044842
6661,7.21733173079982
6662,9.283675191397503
6663,7.860211406303122
6664,6.578545904751578
6665,6.105504173387914
6666,8.621764701368662
6667,5.95250999090089
6668,6.368885257272574
6669,9.426763946713768
6670,6.260860145467651
6671,5.910638384330238
6672,5.171588250050782
6673,5.869355308690463
6674,7.288480886876821
6675,6.398139282905786
6676,7.279600804117181
6677,8.806697815530374
6678,7.280719692873193
6679,7.1886190331506885
6680,6.887899755426016
6681,5.073661625124938
6682,6.836411511685892
6683,7.04747885476236
6684,5.6363745659466575
6685,5.7537797117576766
6686,6.485186077058833
6687,7.3214528779505015
6688,6.173740567904735
6689,7.131466339449837
6690,6.71309555029264
6691,6.341933468284718
6692,9.123286651177022
6693,4.1919909164446985
6694,7.513995869964347
6695,6.817178653920074
6696,4.251301520489741
6697,5.578528488475305
6698,5.8211532464744336
6699,4.515207506332411
6700,3.8256787008571873
6701,4.139959860465894
6702,8.892566707960297
6703,7.687732825421311
6704,6.806750153646945
6705,7.386876118005345
6706,9.387089539000772
6707,3.9131507831648236
6708,7.861771169011261
6709,3.41186329884446
6710,6.938596571903785
6711,8.232086178430936
6712,7.744592924536001
6713,5.024604827967022
6714,5.923387294241523
6715,4.572428274335228
6716,7.040215460209566
6717,5.466249450876198
6718,3.4968078131189246
6719,6.588621915603042
6720,6.072431965864906
6721,3.8506605297540495
6722,4.473328915699724
6723,8.64526448769737
6724,8.531598012818737
6725,6.155442273849992
6726,1.917414750554952
6727,7.562295271026364
6728,2.9420720143243955
6729,5.448134271790046
6730,9.195647245153415
6731,3.79708541139619
6732,4.4195164548638255
6733,7.2421434510436775
6734,7.887323735596132
6735,3.289885813789662
6736,7.629755353587284
6737,4.749211859752032
6738,6.096359578359218
6739,6.192815733697122
6740,7.277275042131878
6741,7.308623127918878
6742,9.078627218289629
6743,5.525278501936645
6744,9.059718749254667
6745,1.4058185484656467
6746,6.001865964697247
6747,7.880377506222544
6748,4.025234103245726
6749,8.831636493466082
6750,5.008915904156828
6751,5.604454941056864
6752,9.028479104901455
6753,7.0502016332589825
6754,7.119853646448419
6755,7.344167789411636
6756,5.2507304393212095
6757,5.134594791531168
6758,5.226868778584864
6759,2.132738218859062
6760,7.251765048097735
6761,5.184530776235577
6762,5.738102882916479
6763,7.242917831958568
6764,3.8485442449284646
6765,4.315441652961176
6766,2.6113439172207955
6767,8.043509049341015
6768,6.707637904202954
6769,5.53251012051286
6770,5.859865639984459
6771,3.9800203339044136
6772,8.069480427526376
6773,1.3268690928461508
6774,4.728232786403712
6775,6.9878034116919014
6776,3.03676011565879
6777,6.7125562801030805
6778,7.09716413997756
6779,5.650337797097076
6780,6.518122995824024
6781,5.458608207047837
6782,6.915784586836502
6783,5.97319699211141
6784,4.886137818460341
6785,6.417970505352635
6786,6.167078282411172
6787,6.569107748280767
6788,5.6419107663079675
6789,2.5245757370386945
6790,5.112247201331183
6791,3.975716256319646
6792,6.89284007102301
6793,6.188378213935807
6794,6.489778634954048
6795,4.623954168719667
6796,8.139429793057126
6797,5.669460574336693
6798,4.149370448600416
6799,9.081121868742866
6800,8.30280311870273
6801,6.00050043801463
6802,6.201227202794888
6803,8.429338486211343
6804,5.566494353409828
6805,4.895555048862212
6806,2.820105052912319
6807,3.1401668914272602
6808,5.089024466847084
6809,7.194290838961429
6810,4.669746717025614
6811,4.751423478443096
6812,6.241219096049255
6813,8.852964647798968
6814,6.48637004851567
6815,2.794373904223984
6816,9.37735208049039
6817,3.8333057147984286
6818,7.230562041411901
6819,6.120594256811117
6820,6.27177522026337
6821,3.104259440783938
6822,1.6834033217081714
6823,7.005987086681367
6824,3.4240734533061907
6825,6.17011862461562
6826,7.433149071335055
6827,9.410163599219851
6828,5.474942712427188
6829,4.261271248824212
6830,6.076148065702121
6831,8.438505240266501
6832,2.4074577852948433
6833,7.693054922540025
6834,4.737056301413666
6835,7.187185113925344
6836,7.284877909744204
6837,9.922852940006777
6838,4.185482608442848
6839,7.748247727776326
6840,4.879516004641395
6841,5.911479275259199
6842,7.6853806598358565
6843,1.6896094513502522
6844,5.4824166788900675
6845,7.899828573018857
6846,6.510942914242384
6847,5.051082549512314
6848,6.646604033178401
6849,4.364598338671159
6850,5.123054204533907
6851,3.2755116287039643
6852,5.448719482388074
6853,5.5327739247084855
6854,8.867696808234033
6855,5.468137015847422
6856,2.408650633356779
6857,8.838132087310903
6858,6.736590675092447
6859,7.802402434865343
6860,4.287827746374177
6861,4.2345631993481705
6862,7.875989812410979
6863,4.617529589757639
6864,3.839649923361148
6865,6.66844800489998
6866,3.3093849897212575
6867,8.801119163006987
6868,4.779408415360315
6869,7.593759828424027
6870,5.0120106856765165
6871,6.337849208315332
6872,5.128059792473891
6873,3.341011876870848
6874,8.630088828137312
6875,4.587455093652256
6876,6.787812776243762
6877,6.595906796339891
6878,4.574989294758
6879,4.338248130556572
6880,7.561548703262675
6881,5.450531232573278
6882,5.912339259862282
6883,5.852797745223425
6884,8.529488663225468
6885,7.918950356616089
6886,3.8178924275348924
6887,5.2662288281344924
6888,4.980200314495017
6889,8.14926997993316
6890,3.6427149633092823
6891,6.506009734838105
6892,7.617645088920552
6893,5.470997837552536
6894,8.429221519637354
6895,7.689168916807271
6896,5.480062112648246
6897,4.0085626229513664
6898,8.425995488248319
6899,7.134106840632825
6900,4.309706970815754
6901,9.687639922289053
6902,8.37361575496011
6903,6.723423785299073
6904,5.110010159338849
6905,5.892665955622253
6906,5.876350241273711
6907,4.380782970633472
6908,7.686714541225397
6909,8.095585563406496
6910,4.222580786254063
6911,4.740978140366863
6912,2.604027452744335
6913,7.214662198395248
6914,6.657080848789172
6915,6.995693979513071
6916,5.510631290771369
6917,5.877132526788504
6918,7.241498911516665
6919,5.976687254958488
6920,1.9405730437738467
6921,5.166567420484329
6922,8.61727037731842
6923,7.726683197917983
6924,7.438035761202254
6925,6.311635726885971
6926,2.8085358786602805
6927,6.335719970058934
6928,7.759494926771301
6929,7.4860893676919975
6930,9.135410423242613
6931,5.3766826370050795
6932,7.312600095641764
6933,6.272296187196374
6934,6.309766166541557
6935,9.504223694927921
6936,3.1404276960560016
6937,8.846682451505655
6938,7.889722896665608
6939,8.21558111390775
6940,2.666135290058725
6941,6.460150875194253
6942,4.034268262724625
6943,4.029724887569585
6944,5.048488203384721
6945,4.491180923516692
6946,7.1158763471745345
6947,4.800176203931107
6948,4.582017323678472
6949,2.89095155016624
6950,4.96232841754059
6951,4.541765172527393
6952,6.244755621749763
6953,2.347474051460744
6954,3.5760777010817733
6955,6.963092089081664
6956,6.612323476876419
6957,7.399728016849002
6958,5.832742392245057
6959,3.9308685023801098
6960,4.307033249231491
6961,5.720025519741853
6962,8.12849627672466
6963,7.370370391281401
6964,3.7744595643499212
6965,10.110303501762806
6966,4.852803125884724
6967,5.538335401275482
6968,2.771140341447432
6969,5.684893555175237
6970,7.320662125875781
6971,7.1666846036957
6972,4.113750133593273
6973,3.401764486498067
6974,4.408265439586182
6975,6.143918188744167
6976,5.857074997714132
6977,6.171825141235726
6978,7.546148685774049
6979,7.9834921978750275
6980,4.14661084001861
6981,3.069915808094271
6982,4.498878064867395
6983,5.425816793761516
6984,6.478692016758416
6985,7.983196190745826
6986,3.7748989692125434
6987,2.996435864734186
6988,8.936340913666207
6989,5.368688372806602
6990,3.71027943341384
6991,3.369891552087432
6992,6.7381949960710195
6993,4.4189226404827835
6994,5.878016753319559
6995,5.121102124198668
6996,2.9915886410679917
6997,3.7199859587986492
6998,6.892566748727142
6999,8.09679229761942
7000,4.336293162275502
7001,8.185919789414484
7002,6.892032609803346
7003,4.258826066532111
7004,7.828048236097834
7005,5.978230067412178
7006,7.504995395737394
7007,6.290459814789753
7008,8.32469128240955
7009,6.9797808090821025
7010,6.330784164306378
7011,2.6545210746222354
7012,7.198882782693211
7013,9.263938135473005
7014,3.4220151721019136
7015,4.4071630360868
7016,6.41532745050917
7017,2.684267817135148
7018,7.404473080169581
7019,5.670410770018641
7020,9.097079138342366
7021,3.958230165140595
7022,3.1498811707312435
7023,6.258318318539758
7024,4.972389541019498
7025,2.9836120339976766
7026,5.258710119652189
7027,8.183926608726493
7028,4.308334819418791
7029,7.70097511025519
7030,7.5743466849237215
7031,8.6724551188506
7032,4.202094313632916
7033,6.782856978492045
7034,7.150792491464253
7035,5.98303002837062
7036,7.508582992135435
7037,7.561416964511722
7038,8.407125809259476
7039,5.910361766949882
7040,8.758705219117182
7041,8.738368152393678
7042,4.855233899480787
7043,2.724296761028315
7044,6.045108546712633
7045,4.698027109834837
7046,9.291173723903249
7047,3.254760684413824
7048,5.010282823541055
7049,7.8594091492657725
7050,8.918947081671735
7051,5.725196765314549
7052,7.247207876242955
7053,4.617707773070709
7054,4.991673439763991
7055,6.249818526789575
7056,4.387871186733705
7057,5.037555311458348
7058,7.007180837561817
7059,7.970450107159136
7060,5.6522250842803805
7061,3.544650646229077
7062,6.0353359371109185
7063,7.892365954203436
7064,4.28996930617704
7065,7.06928192746241
7066,1.3660984893645034
7067,4.316394932428868
7068,7.287193784161115
7069,3.7800730509806577
7070,2.6739546286653333
7071,8.295348495265873
7072,7.473530675517563
7073,4.9985217511989966
7074,5.23722570115754
7075,8.62608547371368
7076,9.374668346389146
7077,8.291178600059146
7078,6.40144738142537
7079,8.350306488656907
7080,5.122834640972649
7081,6.447416341776259
7082,7.694521493409829
7083,4.271190546010892
7084,6.921426821883503
7085,3.437218003611085
7086,7.932896156866735
7087,6.449266359931057
7088,4.000554067037866
7089,6.797399836972719
7090,9.590634227548216
7091,6.2218869401306085
7092,4.546365127821319
7093,5.104895519594912
7094,9.107784050431771
7095,4.29701560658445
7096,4.623901837372325
7097,8.130657633860999
7098,4.742037349206038
7099,7.7133655618359045
7100,7.0615900535149425
7101,6.075550224301744
7102,8.126098605457674
7103,6.808033885520529
7104,7.708121636773749
7105,6.153264797206344
7106,3.1101508806318874
7107,4.687984825437444
7108,7.34935161497053
7109,6.498617452466987
7110,4.119824027477545
7111,5.514437778513339
7112,4.107415276002957
7113,6.671090402359288
7114,5.935174884780788
7115,8.329065419575334
7116,8.711890066783276
7117,4.925714917468411
7118,6.299011538486287
7119,7.6492384722485
7120,4.80585312063149
7121,5.30875374012305
7122,4.809270188101868
7123,4.727450529852811
7124,3.871216473588772
7125,5.207430429875513
7126,7.689823788857226
7127,5.342215401520502
7128,7.193702487693873
7129,6.705567043874064
7130,7.3562868210639145
7131,7.115248519553486
7132,6.558959928434006
7133,7.483815907060777
7134,7.421867878229704
7135,6.465686681885915
7136,4.363371162318255
7137,6.1174075394743515
7138,5.023210712816795
7139,4.509901944034421
7140,4.112779998608202
7141,9.631237327330723
7142,5.4013403304855
7143,5.263171355681002
7144,3.229425710488354
7145,5.368646569303919
7146,4.5786239632239445
7147,7.919272171569004
7148,5.585170195315786
7149,7.300075293843939
7150,5.783918921922167
7151,7.801551925238762
7152,6.486052817878443
7153,1.802856194958907
7154,9.23460550728174
7155,6.832642373891814
7156,1.898005569911057
7157,4.750502828740157
7158,4.178515253669764
7159,5.581610624974259
7160,5.2829869872479955
7161,6.776529220567893
7162,6.118835003679516
7163,6.475613031968037
7164,8.504077006883168
7165,8.598371739257567
7166,3.3857306265600187
7167,6.398413616818303
7168,4.408654926182158
7169,5.465815854118039
7170,6.594770593385769
7171,4.408789797205701
7172,6.295523019004448
7173,7.750106394634037
7174,9.185418548994562
7175,4.2312186529530385
7176,7.426389495140839
7177,3.69724618441354
7178,8.464305019432185
7179,6.385180534268251
7180,4.829802764177044
7181,6.482126386836839
7182,5.785469143937794
7183,7.755403993406181
7184,2.003497909337519
7185,6.420456883319337
7186,7.327395025474846
7187,5.1488797227530085
7188,2.3885364683926564
7189,5.836973738896047
7190,5.183438270826647
7191,3.0825446449969656
7192,8.51891147172469
7193,8.25581822808144
7194,3.360702727364747
7195,7.488247648761744
7196,5.853326872963169
7197,6.652133674341198
7198,5.944448191085357
7199,7.7778892590277975
7200,7.228860589530671
7201,5.5601325675221975
7202,6.58097867476782
7203,6.189032817757624
7204,6.248695793915881
7205,3.14938821218646
7206,6.722635130578621
7207,6.080563285808205
7208,6.215870812267383
7209,6.014757054965883
7210,6.930620920382353
7211,5.706117638280436
7212,5.3923402037223624
7213,5.692443328602481
7214,5.965780806875398
7215,5.179896250492569
7216,4.215889271665726
7217,7.213927366879558
7218,5.73239818595423
7219,7.990292618367485
7220,3.9211579328747965
7221,7.480738090383127
7222,4.684058844622197
7223,6.766663566329408
7224,5.996896079131833
7225,7.204544432385779
7226,6.788213279789681
7227,5.8985902505564844
7228,3.71087941957476
7229,8.564065463122693
7230,6.341316934128347
7231,3.073899976961145
7232,7.468833669899037
7233,8.137195648746824
7234,2.6345082210866972
7235,5.2903433333287655
7236,7.99876110558335
7237,6.0049504529144615
7238,8.531332342921147
7239,5.89420716376657
7240,3.5055729135350306
7241,4.012102337946351
7242,8.345222400116947
7243,8.955442035189813
7244,3.1299085549557213
7245,3.917239034454208
7246,3.3968533345837733
7247,4.083691718884782
7248,3.6735637607727734
7249,5.713111993667628
7250,7.351343901747288
7251,6.088091956138204
7252,5.243559409494527
7253,7.655291042955888
7254,7.869135707703998
7255,4.151548049623076
7256,6.919869673056886
7257,4.47321969172641
7258,2.9212132907685744
7259,5.753218765537679
7260,9.549431079792786
7261,5.769869114605087
7262,5.754808307193315
7263,4.688148972675252
7264,3.089177778688298
7265,7.903639785847273
7266,4.266818923484068
7267,2.9598414612411488
7268,6.279972084753
7269,4.7934688407997585
7270,6.9169227062888545
7271,3.9089587584376253
7272,7.196129455130728
7273,6.562328322465845
7274,5.217678690307006
7275,6.616737303567716
7276,6.149344277944115
7277,5.333267965235343
7278,5.93254285214207
7279,6.3944655671280275
7280,6.371437235444985
7281,8.777222937737747
7282,5.953656449229254
7283,5.398502968077846
7284,8.63758581230111
7285,7.501712387706954
7286,3.0124523265743615
7287,4.754530161613141
7288,5.832328908300435
7289,5.032920139474175
7290,6.704818909142291
7291,3.6237717146116957
7292,5.4970814850667615
7293,4.71554832841566
7294,5.1614424262969605
7295,9.609521369581437
7296,8.019533032938941
7297,6.884949825295518
7298,5.505904338543399
7299,7.355705651551222
7300,4.453172701454764
7301,6.882362267601998
7302,5.360196893766677
7303,5.168012069418302
7304,8.303257305759786
7305,5.65545220740907
7306,5.14746570807821
7307,7.056836451901387
7308,4.797970201149059
7309,7.761201713117098
7310,1.7629346183609835
7311,7.243372306861015
7312,7.73675376844623
7313,6.2544559878258745
7314,5.696745838144159
7315,5.835215351119837
7316,4.498343827372949
7317,7.60319044410525
7318,2.5615899608608643
7319,7.32626305747726
7320,3.87464825774966
7321,4.526728099313379
7322,5.714665320498623
7323,5.835878766228051
7324,4.691184571915504
7325,6.558989545937146
7326,5.872394206857573
7327,4.1786673556361995
7328,7.1026366872749165
7329,3.2668443167791983
7330,8.036724311550428
7331,4.0996005869356775
7332,7.433523642941285
7333,7.85748238295743
7334,5.810282120533761
7335,5.995789019426717
7336,6.018200545643888
7337,4.115540222808828
7338,4.522970712784278
7339,4.899037804638047
7340,5.584413269163642
7341,4.424818711910497
7342,4.752835821676096
7343,7.939242976821581
7344,6.067907359030283
7345,3.322945079384313
7346,7.686676403835413
7347,8.2040594292607
7348,7.329387769933538
7349,6.499673414649587
7350,4.559652684459728
7351,5.35663451725755
7352,6.268506631033909
7353,5.2664052409283855
7354,6.9518844821174595
7355,7.720435826722047
7356,5.4865678209357345
7357,8.78241963517484
7358,6.712701564156138
7359,6.035826402550165
7360,8.166785083855107
7361,9.018375970824568
7362,7.347685894667864
7363,3.7516635960613463
7364,6.5263791164200455
7365,6.359895907622253
7366,6.331218857619815
7367,5.999777713259057
7368,3.8220361159775935
7369,8.370696800703593
7370,6.319928927596615
7371,8.85851241492865
7372,6.478894188233648
7373,8.608959405504665
7374,6.471033312123956
7375,3.9349533313105742
7376,5.263787637421705
7377,5.5893695964155725
7378,2.7898205407094956
7379,9.421673953943131
7380,6.81046693525745
7381,6.013399274541785
7382,7.940824841017041
7383,3.229332238941339
7384,8.06349306258377
7385,4.8776661375181884
7386,6.0027627606550995
7387,6.44397442338108
7388,5.5979656845770345
7389,4.795459262698868
7390,6.352489783540097
7391,7.138220417371043
7392,5.960302418602208
7393,9.385634863158774
7394,7.637877584031086
7395,3.472821334980309
7396,5.871953701989631
7397,7.933885593685924
7398,2.227340969412739
7399,4.557228788968091
7400,7.934805444809007
7401,4.200504656643401
7402,3.2546092081056823
7403,9.295710238972577
7404,6.300345757347401
7405,5.107366255156511
7406,7.440705382728664
7407,7.6489796403455355
7408,7.519238174777348
7409,8.449942258578034
7410,7.454848144694409
7411,8.010687087415338
7412,3.294833684441457
7413,4.9152001266190215
7414,4.757419688872511
7415,6.064351821805725
7416,5.548665885431421
7417,7.043417215110313
7418,3.998525871636643
7419,6.26581247609639
7420,5.168657592130641
7421,3.409309472474538
7422,5.8810480934918585
7423,8.471497630506976
7424,9.357416364330199
7425,3.1204837186233503
7426,5.123999422356411
7427,5.6971382937147075
7428,3.951407889670671
7429,3.5390691137476917
7430,2.1889901752784273
7431,5.990292377177819
7432,6.492741021452882
7433,5.076921306910176
7434,4.281572792197255
7435,4.89728320355902
7436,7.65197677235869
7437,8.946595956139333
7438,4.888742496780416
7439,6.131179258479731
7440,8.398390155249354
7441,6.3599523387283
7442,4.080011893269046
7443,8.662174353774097
7444,6.178491125358427
7445,7.823466354483246
7446,4.232319681766347
7447,8.168905089903292
7448,5.025692976304374
7449,5.380977300873089
7450,8.448518177042862
7451,6.156541655743809
7452,6.3373996976704925
7453,4.1004104749002295
7454,6.691962875495464
7455,3.9132778269848885
7456,6.745461371630338
7457,7.110209482314164
7458,5.532283470819163
7459,3.790145476867224
7460,7.642005528804747
7461,8.278671581426643
7462,3.1302668538598604
7463,7.873937799316258
7464,6.094771390629468
7465,8.63210263963809
7466,6.799654568421007
7467,8.993349941722975
7468,6.763260783745908
7469,4.033133953588927
7470,6.396659640596902
7471,6.247685343909303
7472,3.369046434212023
7473,6.089981634548476
7474,5.226928862955114
7475,3.075141118232953
7476,4.897892525783804
7477,2.271725772358523
7478,6.474889264562766
7479,4.9080187269294715
7480,8.933203044930675
7481,6.796444317814009
7482,4.635019091287552
7483,7.74021606964957
7484,7.988626608698309
7485,4.982757314014976
7486,8.789719984044178
7487,4.864060974195093
7488,5.173969345213138
7489,5.326044104288695
7490,5.366457057700971
7491,4.309872767339275
7492,4.552516153107586
7493,8.381199960301986
7494,6.100118652382011
7495,6.970356057741713
7496,7.114487449668054
7497,6.4366343429262045
7498,6.582320019689636
7499,9.492612974316714
7500,5.66905881492973
7501,6.1990910409405355
7502,8.183128955701033
7503,4.514672926636559
7504,7.222565309928536
7505,6.117390235952474
7506,6.317458023420251
7507,8.619257978641965
7508,5.231124602133673
7509,0.885206589695574
7510,8.975415767758435
7511,5.258608889953973
7512,5.522210777527017
7513,5.752376664552994
7514,8.100698482398592
7515,4.757727951538748
7516,7.35689055322455
7517,2.839159511936889
7518,5.546045194340568
7519,2.7397401328679276
7520,4.478245362876265
7521,9.16648568749861
7522,5.720784560129033
7523,3.380429522136212
7524,8.246098769101016
7525,6.450264548426298
7526,7.648008612915993
7527,5.892082888189906
7528,3.494263350348864
7529,7.508449112614396
7530,5.634912214299761
7531,5.4795281606154616
7532,9.273194923181327
7533,6.80152441277429
7534,6.775719574980554
7535,5.377936293562125
7536,7.77866344671543
7537,7.771293011286295
7538,6.469575115670481
7539,5.954150195477663
7540,5.991494311418439
7541,3.911247884571802
7542,7.611539540293875
7543,5.488291352946917
7544,2.630639793040124
7545,4.958631191256027
7546,5.3331086930775395
7547,4.209749499858369
7548,7.249800810125213
7549,8.040204598619098
7550,4.7934128593268
7551,7.986405050511159
7552,6.177052873142283
7553,6.610945170369622
7554,8.991327696395999
7555,6.677191602557017
7556,6.215737780877919
7557,8.069763584847458
7558,4.370824491223916
7559,2.8505071087125557
7560,2.590788497433064
7561,5.997989015856504
7562,4.661965875891972
7563,7.505398285638125
7564,6.544196268450863
7565,8.58544578301436
7566,5.46576782495183
7567,6.902962643953506
7568,7.51553783827441
7569,5.8788504461187685
7570,3.1007402946149605
7571,6.631601282665639
7572,7.293757143972744
7573,9.809054369589528
7574,5.9538212938872626
7575,7.66480431143735
7576,5.210286526631235
7577,7.06292072506493
7578,6.236359166755898
7579,7.785250994603698
7580,4.001314773994112
7581,6.9400694486537695
7582,1.8851807973319001
7583,5.940039671996551
7584,4.264246899727721
7585,6.266328391491397
7586,3.816948391931296
7587,6.413477846407813
7588,4.526372382293246
7589,8.141863692880337
7590,2.0032789910585116
7591,3.3523456252964983
7592,6.157321915839677
7593,6.634444671791774
7594,3.753570727907564
7595,6.501818463763818
7596,3.297563698325785
7597,6.499531499445004
7598,6.015091849341244
7599,4.225025137967485
7600,7.48285886506428
7601,8.945251318983843
7602,1.15003059943529
7603,3.960315109444137
7604,3.5761381639369434
7605,5.449418910554745
7606,6.301830899207769
7607,8.311325646528582
7608,8.956925591890846
7609,7.73001351497755
7610,4.854475732863053
7611,5.186081179111291
7612,6.7438727774059615
7613,7.857582434551091
7614,7.002869174207293
7615,7.965641109336098
7616,6.4328777222062765
7617,7.126443719361798
7618,5.668047115068627
7619,3.4842496765986617
7620,3.9787419666025325
7621,7.990277060959577
7622,3.9006261196048997
7623,7.49057705235877
7624,6.723155274453616
7625,5.535962898518976
7626,1.1583536294180992
7627,5.451982806711493
7628,5.564806063344294
7629,4.131152776122912
7630,3.0027508995279497
7631,6.354694387376941
7632,8.300609558847398
7633,6.934222099048496
7634,1.7765713160049026
7635,5.018630447167032
7636,7.628616801523164
7637,2.4445922092028223
7638,6.733199051069409
7639,7.7351178045887625
7640,8.288733983094847
7641,6.617636139711676
7642,8.928062881651712
7643,5.557727120523041
7644,5.714039421569501
7645,6.759688762580982
7646,5.271025945271928
7647,4.666124152741807
7648,3.4003591787625336
7649,3.9600262977344705
7650,6.676368928354938
7651,5.554710929243503
7652,5.953339710638071
7653,2.9861652000630476
7654,6.106072240421604
7655,7.494709671051655
7656,9.530619009550374
7657,7.240914722423607
7658,4.649988993216674
7659,1.3315871912344837
7660,3.818905464488842
7661,4.206946227760519
7662,6.892909629223341
7663,2.5756952939540136
7664,7.648481514036313
7665,6.417656388463882
7666,5.853052187845974
7667,5.129297598479579
7668,4.842712621061061
7669,6.880102247221434
7670,8.721157312444678
7671,5.803371256623025
7672,6.155899907939519
7673,4.83477789905891
7674,4.982809719581265
7675,8.84962029645906
7676,3.0499605520318425
7677,5.223546593551924
7678,8.68653853447559
7679,8.05307542541353
7680,7.727674856715469
7681,5.658048393007998
7682,4.054466173979714
7683,5.366196245771583
7684,4.851228698119669
7685,9.564102878345514
7686,6.54337906249162
7687,8.755449910162739
7688,4.039960105375974
7689,2.849008597892903
7690,6.513886622987003
7691,3.3997067384443014
7692,8.586283311616437
7693,8.035701328840812
7694,5.06693513179043
7695,4.685745357815193
7696,8.736961757899667
7697,3.576260730804826
7698,4.959921793020059
7699,6.7680882393080495
7700,7.342476221314155
7701,5.1061676819835125
7702,3.5128899429709266
7703,5.442196544251149
7704,5.054862681741206
7705,3.9988835853151796
7706,2.1365014913018454
7707,7.061900033715222
7708,6.168927255268488
7709,7.4944001727658165
7710,7.165877430650426
7711,7.8009728958223254
7712,8.206100678038561
7713,5.208946180412372
7714,9.555451810184614
7715,5.531834448127948
7716,6.810570552458612
7717,7.219190110801225
7718,8.102129427215981
7719,6.382561421486558
7720,8.788569633489821
7721,3.466081200892822
7722,3.681209990209227
7723,3.68937072514393
7724,6.258834478077307
7725,5.536018583183545
7726,5.004465076192508
7727,7.055922108926699
7728,5.71861081899128
7729,2.84055558777436
7730,6.204826241312297
7731,3.5158110373613156
7732,7.660890951637455
7733,5.69510400540875
7734,5.787339902580878
7735,8.40805162718042
7736,6.706525604465684
7737,5.331688541193685
7738,6.376957998649393
7739,4.294232766711248
7740,6.596395369207206
7741,5.711224117304381
7742,4.885140743903648
7743,5.27360862680969
7744,3.3656460881342265
7745,9.347970684611376
7746,6.136529298111956
7747,6.293090991001517
7748,6.0120429759765255
7749,6.534969661918439
7750,4.027395863715095
7751,6.660016257325217
7752,8.08166423617119
7753,5.700875785998265
7754,4.8957881395123115
7755,8.520798971971374
7756,8.343179245682206
7757,7.657502106958407
7758,6.423492819902496
7759,8.963710109355604
7760,6.94825518749195
7761,7.7454828380946745
7762,5.254519240236679
7763,6.197493292561479
7764,7.193878502761171
7765,4.966842372567913
7766,6.737928533082855
7767,4.456900998240828
7768,4.984561269566084
7769,3.5962414313428677
7770,8.92618301986644
7771,2.6027416463854682
7772,5.434977812414798
7773,4.891019392914431
7774,5.239874421997236
7775,7.596410152314205
7776,6.225298429191204
7777,7.154205764122886
7778,8.221961890885384
7779,4.750903001517562
7780,6.521637743377948
7781,5.495912592747102
7782,2.575868110221406
7783,6.265185651450315
7784,8.261145679911868
7785,2.2486234158883933
7786,1.9294900818590155
7787,3.0758393280764036
7788,8.58848366070816
7789,1.5005106265507628
7790,6.45140519467455
7791,3.897148261901968
7792,7.577163349320151
7793,8.147297774456138
7794,6.260363971850668
7795,6.946339815137593
7796,6.787029010555763
7797,6.108934959769423
7798,8.002794115303358
7799,4.862475207834905
7800,3.7645010002699686
7801,3.1050515882573015
7802,3.142377361990668
7803,4.720211598264083
7804,5.200428525965128
7805,7.636094822507898
7806,7.590602664363988
7807,4.7458280935931505
7808,6.245932400221599
7809,7.866219115251435
7810,5.721703087977048
7811,4.615276693902285
7812,5.246033363616618
7813,6.553854355445838
7814,3.864994565810775
7815,4.230360929577653
7816,6.890925177022998
7817,3.396516536072782
7818,3.347442178000933
7819,6.313919572839609
7820,5.654224259203453
7821,6.780197527489934
7822,6.603432699530886
7823,7.486677432457178
7824,6.459922801191351
7825,6.208902010581804
7826,5.713513222022293
7827,4.192557545183183
7828,7.874786819969135
7829,7.572036879760901
7830,7.038996337379487
7831,7.201564727780314
7832,2.9470069751398933
7833,7.682046075500801
7834,7.987475015796671
7835,3.792103129059668
7836,7.374625151690774
7837,5.77893682035515
7838,5.148937616065861
7839,4.982828258065878
7840,8.672396446112826
7841,8.370766528126696
7842,7.785430087406713
7843,7.343431054541664
7844,5.130698342824108
7845,5.79197038679509
7846,5.681403172809498
7847,8.97886651749321
7848,4.33274762360571
7849,2.3962491785651956
7850,3.9618351354551784
7851,4.364768632923962
7852,7.9148621809709
7853,5.6663073569293685
7854,4.365385697531887
7855,8.224244900356222
7856,6.581324411960635
7857,9.660406985433184
7858,7.145715525973442
7859,9.70735227388669
7860,6.837306887633054
7861,9.671806026480388
7862,5.022432726664299
7863,5.177331212333215
7864,7.628933447167368
7865,9.201168244568297
7866,6.51905482902427
7867,9.729744436401855
7868,4.916710320283467
7869,7.481357176188294
7870,8.645568023111888
7871,2.0075406428120797
7872,6.252626368190818
7873,8.266256968822757
7874,7.052388372908595
7875,4.008771853840754
7876,4.057142972111627
7877,5.654345076293935
7878,4.575276552460603
7879,2.114741701026141
7880,3.980111202433362
7881,5.742710892090313
7882,7.8559984678816885
7883,4.605596942023668
7884,3.7700656151763043
7885,6.872289112054091
7886,4.763375152653784
7887,6.305352361698864
7888,7.216197451225621
7889,8.580422913941016
7890,3.9898517508583318
7891,6.065268941410128
7892,6.404643422772686
7893,2.5673807611724166
7894,7.258321499570055
7895,3.782558491878259
7896,3.803466036223556
7897,8.46661765335444
7898,3.286374420391195
7899,7.536475980929677
7900,3.8667810642364024
7901,7.196503058835481
7902,4.207392829227374
7903,4.542722357409069
7904,6.234285536183619
7905,5.036336458567174
7906,8.033364526286581
7907,3.9294697227074415
7908,7.597863803852633
7909,7.983095283813296
7910,7.198434503459028
7911,6.909624316282841
7912,6.103218984716593
7913,4.257134082921589
7914,3.795303649686252
7915,5.228989112608405
7916,6.603888654981992
7917,6.925659196202649
7918,4.385951883623074
7919,7.397026217414966
7920,9.327890940991784
7921,6.244113370297713
7922,4.914500976180255
7923,6.389252623094832
7924,8.402246653250828
7925,4.20547358356879
7926,6.3119699331893075
7927,5.505915639447329
7928,4.77195636439639
7929,8.67517036698842
7930,8.053760909746202
7931,7.6359766653832075
7932,5.379400094514264
7933,5.345679480920577
7934,7.957109478858771
7935,8.395782035955246
7936,5.481835144509059
7937,3.445312456509937
7938,6.001533374485748
7939,8.207027703469922
7940,3.5538240978708027
7941,3.76144943555602
7942,4.041020513250674
7943,6.255093343147458
7944,6.2319469543685155
7945,5.544646569428999
7946,4.593489119699498
7947,5.198545131572067
7948,7.440649090248024
7949,5.6361214829008635
7950,6.639332282188869
7951,6.805634676570235
7952,7.703924573660169
7953,5.904055749279899
7954,3.6675511276012913
7955,5.2417109584544175
7956,6.731747899452193
7957,2.8423061952969153
7958,3.2907058942087337
7959,4.7717299734926035
7960,6.3527506337446376
7961,5.614436261192511
7962,7.1702535417741435
7963,7.001964418821775
7964,6.177034414682451
7965,6.298002321813528
7966,7.453063109332523
7967,4.623530704934509
7968,6.361601800622324
7969,7.482624996440265
7970,7.388595540614655
7971,6.461314018430078
7972,5.801441588870806
7973,7.891263179072231
7974,5.83874513653346
7975,7.116521152994332
7976,6.434321425725385
7977,8.028819554058124
7978,0.9211481610215335
7979,5.672741670390324
7980,7.700553413099615
7981,6.332061175330827
7982,3.3707172304413078
7983,5.657456537807243
7984,5.8203339820281315
7985,5.544941519984448
7986,6.922450469920909
7987,4.139602241679586
7988,9.723652515174688
7989,7.345026859761126
7990,7.899993899073378
7991,0.6853448295357563
7992,2.8925678785966036
7993,6.717656064397329
7994,4.190931307910655
7995,2.9206310238844386
7996,5.992098334975399
7997,8.020401472034694
7998,2.1067699456950524
7999,6.6534577305854175
8000,5.512764289296897
8001,7.045419402030408
8002,3.318498439237162
8003,8.280408309258972
8004,4.756333751225867
8005,7.914253122458522
8006,6.339373148260464
8007,8.855955019691994
8008,5.578313978180432
8009,5.665707875398334
8010,6.512142103432856
8011,4.672755899427391
8012,6.554320304562798
8013,2.3699278891501687
8014,5.309140645429411
8015,5.18664631797813
8016,6.341856057367119
8017,3.948377320528021
8018,4.28109339999716
8019,5.968553746404486
8020,4.305490612228585
8021,2.9489102971702312
8022,5.422704779428822
8023,2.5028902973440466
8024,5.964941800501766
8025,6.442440852737869
8026,8.780033520407272
8027,8.805364651433724
8028,5.575908547947105
8029,6.522735706089376
8030,3.0877479914178814
8031,4.722478426841247
8032,4.513989539880437
8033,8.658839622166308
8034,4.335820938211686
8035,5.150788215710177
8036,2.0949753231962536
8037,5.25791411911862
8038,7.038129828553863
8039,7.7178712950016335
8040,6.251671302705941
8041,6.248432798633913
8042,7.988302874045205
8043,3.2449405410043775
8044,5.913088944476259
8045,5.871559886913591
8046,7.812047467572971
8047,3.5567012004990266
8048,7.264855672696917
8049,3.3435635807169906
8050,7.239570144668398
8051,6.815163261252646
8052,9.05143375739248
8053,9.985929146383462
8054,6.92255717479984
8055,7.8262062961674586
8056,5.394229301302037
8057,6.917580712414194
8058,2.5690332346967915
8059,8.225957101890517
8060,5.220412919187183
8061,9.031026675825839
8062,4.733948351741007
8063,8.385946181198495
8064,9.029009530223405
8065,6.519730897579116
8066,6.03199129645595
8067,4.427285474889535
8068,2.9781128862909068
8069,4.833703249052514
8070,5.18427827057241
8071,7.937187296368358
8072,5.329382108969025
8073,9.33024632320034
8074,7.807176567652523
8075,7.140128786046489
8076,4.995186077467699
8077,3.9165970045313783
8078,5.300580735982115
8079,9.689725524895739
8080,8.714868097088369
8081,8.20201451961917
8082,2.6008108249267803
8083,6.4608311676693075
8084,7.819938916912541
8085,8.602642066375042
8086,5.779974937446195
8087,4.852219452131511
8088,7.2949161290694065
8089,5.564889391612086
8090,5.096207782549891
8091,5.839849622926315
8092,4.506775001724478
8093,3.5431221530285506
8094,5.689645418099441
8095,6.852574463332385
8096,2.8187832129737616
8097,9.219477710661247
8098,6.158361883949132
8099,7.017404748286012
8100,5.664236313789363
8101,8.06072921479607
8102,6.311904031508762
8103,8.762366807584112
8104,4.32359935865283
8105,4.841328825232124
8106,1.383628844427049
8107,4.612194677122444
8108,5.316044070943315
8109,4.59780778222285
8110,5.176141138913615
8111,5.063515794818247
8112,8.287207334449127
8113,5.824878903943048
8114,2.7399885086857507
8115,5.685277823113832
8116,8.127504310862738
8117,6.604385804464425
8118,6.735851571177704
8119,5.5685757381560865
8120,5.2427247774671875
8121,2.406579957524579
8122,5.786151238926885
8123,5.6845066335161905
8124,5.70996315865375
8125,7.153697576006547
8126,7.819661411564818
8127,3.26196602274734
8128,8.995280754516786
8129,9.279080705055515
8130,4.195037240592481
8131,7.450561524430625
8132,8.86697905809028
8133,6.343310335353016
8134,7.211627513383629
8135,4.240600367382438
8136,6.120877859598784
8137,4.77810184027327
8138,8.103242483606495
8139,7.642621096986575
8140,2.8687863394259034
8141,2.705290622502051
8142,8.694631038668703
8143,2.815999547200552
8144,5.974788814952619
8145,7.16419614461873
8146,4.598109357156168
8147,9.38335516044436
8148,4.978671683531599
8149,4.979791061532626
8150,8.5792944316979
8151,4.402590036650919
8152,4.053990161061476
8153,4.282473197821096
8154,4.7448972559717095
8155,8.650455646113961
8156,4.5834616750235915
8157,4.34037214013851
8158,4.7870928947759985
8159,8.6203874092242
8160,1.9638688741502066
8161,6.480417904796472
8162,9.139536614041024
8163,6.472245541924141
8164,7.530212519048675
8165,4.893821116128372
8166,4.915288611420089
8167,5.907379427594209
8168,4.493004139717809
8169,3.352338543102128
8170,6.538039366563541
8171,6.225897842814466
8172,7.487624906979558
8173,4.570641568030073
8174,6.590740324819097
8175,5.315917248030733
8176,7.041151706843408
8177,5.590838376911606
8178,1.7721094744021753
8179,5.920331805262934
8180,5.066062668691982
8181,4.595611805232444
8182,6.8790599284466305
8183,3.7800484718465324
8184,7.908723828205498
8185,6.811736911504262
8186,7.586655539066546
8187,6.005887683819605
8188,8.413456228909528
8189,6.893748222610116
8190,8.66663320776862
8191,7.989466467511381
8192,8.852071222926261
8193,4.554326371917521
8194,7.163026732481973
8195,7.117767169692253
8196,4.22981301869607
8197,3.430350631556621
8198,7.005101715168366
8199,0.5411247477912571
8200,5.129733640353846
8201,7.306009582665185
8202,4.035834972979008
8203,4.395204281007922
8204,5.5588949953664235
8205,9.017779150499724
8206,4.599703072011177
8207,8.06917875142021
8208,4.365027605941174
8209,4.769373236046725
8210,5.3659329331275405
8211,6.848188549250934
8212,4.38525490578281
8213,5.448019906137461
8214,6.240199607406393
8215,6.2927784696813776
8216,2.876916891536094
8217,5.786517641952206
8218,2.6428299134788444
8219,7.054448738826771
8220,9.07720343234361
8221,4.36683204127866
8222,4.266366174626955
8223,7.8971628730153265
8224,3.8555913136780737
8225,7.214239494485286
8226,7.068687374680099
8227,5.195839981963364
8228,5.144619499803312
8229,3.9468651217039574
8230,8.94441658392701
8231,7.539661703195219
8232,2.431810748839064
8233,5.223672947141859
8234,8.328060785092303
8235,5.316387419124747
8236,9.138175582701772
8237,6.792277823031737
8238,4.23440612644996
8239,9.8260188526818
8240,6.295284590876275
8241,4.900784780097717
8242,3.325653320800765
8243,6.860197239157009
8244,3.3397778673951692
8245,5.60293481790184
8246,3.27370905790451
8247,7.401936137442114
8248,3.574340377246193
8249,4.6575042849628305
8250,6.982381112713526
8251,6.373663054897173
8252,6.264572175977272
8253,6.870314177298978
8254,4.949966402219122
8255,5.795097151919888
8256,5.222336668977318
8257,2.0793085449139097
8258,4.533808320489344
8259,3.973139752165862
8260,4.383818124901552
8261,3.5235762157613886
8262,7.232767778810471
8263,3.514986663829114
8264,7.652749763989147
8265,4.820926119043963
8266,6.421069373745621
8267,7.709778184642447
8268,6.280677698685891
8269,3.247077709295684
8270,4.682135068345314
8271,6.625304077370463
8272,4.033679175557895
8273,7.931205569232736
8274,7.253118756450994
8275,9.88526418835012
8276,4.880455381669083
8277,5.534160907461441
8278,4.139550189866545
8279,4.0669296054484185
8280,7.282627630639035
8281,8.294516779621379
8282,6.86213014327975
8283,4.595026468262427
8284,3.802413327495098
8285,8.334168114486403
8286,7.798325751541688
8287,4.7430019328996575
8288,7.9413350374641585
8289,4.890040748969309
8290,6.492343626583138
8291,5.231508817472756
8292,8.77185785732441
8293,7.18251906376302
8294,6.089437411118844
8295,5.514306632538971
8296,2.9072104599767874
8297,7.42864652860013
8298,4.156592975065428
8299,9.535329486557437
8300,1.3822114398775136
8301,8.2429555528646
8302,4.436626115012097
8303,2.8464797065605367
8304,5.674867923379328
8305,4.465042336973054
8306,2.276951017825846
8307,7.617364211958749
8308,7.018738062891292
8309,5.954227237016152
8310,6.119256993598546
8311,7.373600381168335
8312,7.485884524389447
8313,5.303444379234996
8314,6.628060766276903
8315,2.4760868501479885
8316,6.964213149132339
8317,6.702061028976873
8318,8.661973633551064
8319,4.212060388014268
8320,4.883699305251742
8321,5.343056345781895
8322,7.50647600533838
8323,6.0684355437241955
8324,4.167020341549751
8325,4.624144675605605
8326,5.1909033292457885
8327,7.9467713237885835
8328,7.305467177662532
8329,7.855282504172582
8330,7.760374719454243
8331,5.803412928058177
8332,3.120970887474001
8333,6.2687937381424526
8334,4.36722204358663
8335,5.898376917718089
8336,6.997774892405545
8337,4.414037844751779
8338,2.222598001654084
8339,7.974912369310257
8340,4.902136867150691
8341,8.827519731218437
8342,1.797009006353222
8343,8.562567679557189
8344,6.491742682062775
8345,7.459351488600877
8346,6.981366530745492
8347,7.074191943211456
8348,7.8830964707992575
8349,5.041936558264287
8350,5.272673274022696
8351,6.546906139112383
8352,8.34370651923721
8353,1.2123847768158786
8354,9.634628331663347
8355,5.723363987407906
8356,6.900818710982626
8357,1.9032440794846617
8358,6.915373061672188
8359,9.194912532189665
8360,4.5596488239568815
8361,6.392074592515238
8362,9.76051137755838
8363,6.860027736381948
8364,4.7100321313375755
8365,7.931070788151261
8366,9.020659974385621
8367,3.370317313270685
8368,6.9130440056335685
8369,5.611284253238455
8370,3.0907475998561313
8371,5.549126357969047
8372,6.123121727997594
8373,5.11098334820462
8374,2.330948415355154
8375,7.357554871965228
8376,7.99831921732668
8377,8.376838575066905
8378,4.068490902421598
8379,6.56658482535347
8380,2.245978399428883
8381,1.9829256513055247
8382,5.452846057493926
8383,7.403488388325972
8384,8.026274694686595
8385,3.900571553568463
8386,8.365831070537928
8387,5.195504307200729
8388,7.758936038255388
8389,7.271062257895888
8390,9.178017970958177
8391,9.429090986782093
8392,6.505980177220844
8393,3.834868158679784
8394,7.677223121688845
8395,5.66723505770481
8396,6.1525418453139995
8397,6.055707954093065
8398,6.523453012382877
8399,6.034814729874813
8400,6.631930209308287
8401,8.856294613269277
8402,6.017371879164349
8403,7.246145928468151
8404,6.756606421566779
8405,3.653281267775258
8406,4.9634120114918385
8407,5.787203822774606
8408,7.763342794175653
8409,7.61106287084751
8410,5.454990628966309
8411,6.449515381355678
8412,6.842617765157079
8413,6.208600399560282
8414,4.222629139704186
8415,8.423364952968235
8416,7.565725008629149
8417,3.966011415724825
8418,5.534461156195408
8419,6.40188864165247
8420,2.780347683224817
8421,1.1895927732744624
8422,6.044888686563938
8423,6.244224833759569
8424,4.870150477618357
8425,4.405630364854913
8426,6.939763117243413
8427,5.393241515621684
8428,8.626283367303557
8429,1.447077691300792
8430,6.167183784638366
8431,3.970145262261393
8432,6.618749984040647
8433,7.862079594651226
8434,7.990312112545718
8435,5.380436786177413
8436,5.083161047262355
8437,3.9432125672288603
8438,8.160624676634377
8439,7.156466288820521
8440,3.2502467141169245
8441,3.20796763238843
8442,8.585712160291052
8443,9.777057839058589
8444,8.094460687786368
8445,8.358239734962826
8446,7.9982311108799315
8447,7.419114320822643
8448,2.6270895755167576
8449,3.77103642121493
8450,3.3098795814241573
8451,6.468123725909669
8452,6.697432298815761
8453,2.548148890246761
8454,2.8511162236529395
8455,8.28426133706534
8456,6.355147817616651
8457,8.742555868632607
8458,2.514643591890967
8459,7.604227088447378
8460,8.612636854683219
8461,5.902673070761666
8462,5.966162531822285
8463,7.651950598611972
8464,2.625658542512116
8465,7.142343135058258
8466,3.9849468696473247
8467,3.0526508959576013
8468,7.532985587358334
8469,5.949999905735927
8470,4.584697325289103
8471,8.323024399463177
8472,4.082833350988755
8473,4.977797865898862
8474,4.44290144926276
8475,6.1818497513433615
8476,6.565122445871936
8477,7.969145985966986
8478,6.987431342598093
8479,5.710797549436045
8480,4.412243736272645
8481,6.835366816412103
8482,6.5451384747274854
8483,6.199478192869653
8484,6.188097091957848
8485,6.112093155575255
8486,9.184691735057235
8487,4.231850832492029
8488,3.9680288854900874
8489,6.488220951289026
8490,4.96678465810918
8491,4.599627211894345
8492,6.194311876792317
8493,6.336999424352109
8494,7.021191973558677
8495,6.542091280715575
8496,3.1444374492477847
8497,6.892512507563162
8498,7.2649339116343885
8499,6.3346896163279585
8500,6.362218880445367
8501,1.7541764183154727
8502,4.744729132304988
8503,2.5394635552884512
8504,7.276425863707582
8505,6.8513462960001545
8506,5.738530600347531
8507,7.22693114704041
8508,7.020429195777508
8509,9.246088068012561
8510,8.452658451167359
8511,6.9752805363919155
8512,4.787263071652154
8513,6.871686557795285
8514,7.364770997883698
8515,7.126157739235868
8516,6.965112855105527
8517,6.581191456372932
8518,4.923934304701804
8519,6.028303690800755
8520,3.319659786706887
8521,9.68779471917415
8522,3.913341184914392
8523,8.002513762874692
8524,4.527926827994149
8525,7.7480357478428115
8526,7.790438738421658
8527,7.37949083143765
8528,5.771476786891702
8529,5.201618226487132
8530,5.755951979813938
8531,3.4447451298272584
8532,7.696897978873884
8533,8.94991734006542
8534,3.9383052282348796
8535,6.216103922947225
8536,2.888251484261875
8537,7.974448121667425
8538,9.681649870212588
8539,6.3186829167152805
8540,6.873004336120712
8541,5.6541721994833996
8542,1.6336615122362632
8543,3.466497759684463
8544,8.414005112082375
8545,7.276066477097141
8546,4.094727142932757
8547,7.191253576204554
8548,5.552372417146939
8549,7.538093201955124
8550,6.802276476079138
8551,7.80984846852207
8552,7.400192856159823
8553,5.813807166780526
8554,2.5017830510228265
8555,8.147677090717796
8556,6.9829135644042015
8557,6.024730279632287
8558,4.90589519681592
8559,6.2651084951851725
8560,4.023620722855725
8561,5.925197778612738
8562,7.5263208338933545
8563,8.906003365480986
8564,7.260308181662754
8565,4.765983703523407
8566,6.69465251345867
8567,7.6574898346745615
8568,7.119122725527394
8569,8.243249791832037
8570,9.78854133747121
8571,3.161912909525254
8572,5.146951364929086
8573,7.382107485583521
8574,5.1630795604814885
8575,1.8914334689153973
8576,6.078985013254489
8577,7.330134199574074
8578,8.340644337208227
8579,6.10664492829118
8580,5.296935112054475
8581,5.076165383425514
8582,6.721008877308321
8583,6.145957653186535
8584,5.631619994696427
8585,7.792227867295956
8586,3.1094455360099413
8587,7.976447284410301
8588,6.268932299369754
8589,4.846231891701781
8590,9.328119357396474
8591,7.025174921291012
8592,3.0743121229659858
8593,7.064697415653207
8594,7.5789336056979515
8595,3.7982873023482346
8596,8.034792699634371
8597,7.254085995751224
8598,6.098922566109884
8599,3.2592994874683394
8600,2.308796012820469
8601,7.513077314023602
8602,2.5771518013823016
8603,1.6236164029049533
8604,4.936600071491838
8605,6.259236820197604
8606,7.027140390158169
8607,3.201039903011648
8608,7.747584814470505
8609,5.967012164843143
8610,6.269816051563585
8611,7.957344754650812
8612,4.4543613868544725
8613,4.997926110334509
8614,4.7690158626301855
8615,7.599842760517661
8616,4.983579629666281
8617,8.380867725671592
8618,5.396446921915169
8619,7.325255800573977
8620,7.770567023432992
8621,8.590293063898393
8622,7.797603114708499
8623,6.0651306598545816
8624,6.464991975436221
8625,7.2849705642192895
8626,5.024268466419222
8627,5.723311092139763
8628,6.6363976308111425
8629,2.2078259886332523
8630,6.29556686404835
8631,6.833659769060592
8632,6.642839443135846
8633,6.721000365204472
8634,5.817775395583428
8635,7.627588578746706
8636,6.4381014597846535
8637,6.464461587587278
8638,8.627405073623173
8639,4.708437710035519
8640,9.197034774458519
8641,5.25273292217279
8642,1.1070204820536484
8643,3.856370918810352
8644,6.645170176366602
8645,7.685975904389062
8646,6.456511081039313
8647,7.511786987994839
8648,5.246679683448553
8649,8.643624310499517
8650,6.8548803764406685
8651,5.546127571155877
8652,4.677652963265776
8653,7.964805611124264
8654,4.564678360183277
8655,7.716305259499952
8656,5.517634697127017
8657,3.9536520902819507
8658,7.216733102766537
8659,4.87348822498309
8660,2.7065738595962756
8661,5.061465776698721
8662,7.069419858493826
8663,4.886045854830747
8664,5.85293292846176
8665,5.7239716103332166
8666,4.359685797159905
8667,6.903916587209462
8668,5.002681200282813
8669,5.985086673543449
8670,7.089696561677675
8671,8.905326406135618
8672,4.84759120992124
8673,5.594941599381915
8674,7.071117888004595
8675,4.293353702551613
8676,6.978691923814805
8677,6.408882346351211
8678,6.623346341508251
8679,7.311858014489073
8680,8.295286667794093
8681,8.156043590477125
8682,4.218538401278238
8683,3.702821737402957
8684,9.769336925747588
8685,4.1980532648828515
8686,6.1733934606946965
8687,6.814776389900948
8688,7.946323898546246
8689,7.149508005691388
8690,5.633983059007923
8691,4.206053136357059
8692,8.2864442911312
8693,10.087713219361158
8694,3.557944109447233
8695,6.1384250543553165
8696,6.410110667907929
8697,3.103659804134052
8698,6.1177135194608825
8699,4.771844757783473
8700,8.726427497659454
8701,3.507688165662117
8702,6.66511367691982
8703,9.945061281815157
8704,7.657461703301879
8705,5.886049450058941
8706,4.96818541177552
8707,7.663973396543673
8708,3.2290048874639825
8709,5.273849495147365
8710,3.735367066268277
8711,7.142354403592829
8712,3.1468084155222407
8713,4.904249805980917
8714,9.359899779758798
8715,3.7249554126050475
8716,4.151972081134004
8717,6.063795628609674
8718,6.732354537834791
8719,6.066454866571055
8720,5.6380226205228015
8721,3.748894159826215
8722,4.380632434267503
8723,2.281431930004274
8724,4.82711188177862
8725,3.4857970040865496
8726,3.7880021805749653
8727,8.072886354095276
8728,8.97542804083325
8729,3.797818047739578
8730,4.793932985345583
8731,7.7204440323261005
8732,9.817023164677547
8733,8.410328140962944
8734,5.588533402036374
8735,7.254540487800763
8736,8.007833833102548
8737,8.120574309334017
8738,8.261916465062331
8739,8.026654162714413
8740,3.404219624155016
8741,5.587613254135664
8742,5.930195832082202
8743,5.333784905728265
8744,8.69023611330584
8745,6.513210342204472
8746,6.939421668453019
8747,9.39664425532521
8748,3.2350078690486663
8749,4.146897790470789
8750,3.3480248957078245
8751,5.137816726310597
8752,5.4304275602301395
8753,7.7409195658163785
8754,5.330029161454812
8755,6.644609071060243
8756,6.797017144611004
8757,0.36053970896085513
8758,4.731636410235108
8759,3.2773819794165617
8760,5.221390832206495
8761,5.9396130667642115
8762,6.244807063728496
8763,7.684843644817912
8764,3.177404566334801
8765,9.095091273410878
8766,6.964234418111097
8767,9.127923189541814
8768,3.9596572373383125
8769,7.439283935803948
8770,8.895277970829378
8771,7.731890601677658
8772,8.289556026784362
8773,5.355373058485474
8774,5.816233995291343
8775,5.09298836359738
8776,6.610089602030015
8777,6.763572054853189
8778,6.595780488303094
8779,5.975954771430381
8780,6.870080128908219
8781,4.982992751381209
8782,6.27125274264087
8783,6.947796603705816
8784,8.092597694682473
8785,3.2797252881410985
8786,3.558656151523551
8787,2.712450984598394
8788,5.484098204096114
8789,6.5457066542656985
8790,8.547631872094648
8791,6.959389622296271
8792,8.2953093241753
8793,5.321527655920217
8794,5.0308878532950025
8795,5.20280497856069
8796,3.065951116822691
8797,4.235652765794658
8798,7.395710469884383
8799,5.387705585806225
8800,5.0000208940703175
8801,2.830753251312872
8802,5.138170995863441
8803,6.7056404432051995
8804,7.856599497613085
8805,7.197771324190022
8806,7.187273220429221
8807,4.251707341448845
8808,7.233864977193243
8809,5.787550561351027
8810,4.845988968150959
8811,5.009190483883361
8812,5.903572859636869
8813,6.551346506257382
8814,6.907883341993354
8815,9.292976582601632
8816,6.736203016181273
8817,6.577163152600821
8818,5.901228838314852
8819,4.839673553600947
8820,3.077692441826228
8821,9.361937522145432
8822,5.437001372918498
8823,7.957484315946825
8824,5.842246642975621
8825,8.238753302887858
8826,9.319327489951174
8827,5.614499963812798
8828,6.325765319276719
8829,6.166607503709906
8830,5.07216052748994
8831,6.726504731476565
8832,9.050635979419727
8833,5.789679324747997
8834,3.2324142626133723
8835,7.835082793689665
8836,7.443588134636938
8837,8.033110657791484
8838,5.574648954168372
8839,6.712591203476538
8840,6.065230054954047
8841,5.695989174391418
8842,4.709042002923806
8843,5.753966023887998
8844,8.353058893928102
8845,3.9953521381468335
8846,6.345567529492309
8847,5.203382598852002
8848,6.516372977232326
8849,7.739057581316174
8850,7.111894603554191
8851,5.8189181055763335
8852,4.815007884440071
8853,4.25307086755557
8854,6.520173807049782
8855,9.172707831665127
8856,5.020209047484919
8857,4.450579345334535
8858,8.689493057742922
8859,6.029942214223403
8860,3.7740482162720843
8861,5.934101361847032
8862,4.243850414136094
8863,6.5886833369101385
8864,6.351324281919464
8865,6.249971897193918
8866,6.682416541003212
8867,5.216676960695521
8868,6.612561328017741
8869,6.77783398752114
8870,6.676196775001454
8871,8.615443683910684
8872,6.728388274820334
8873,3.4601806066894105
8874,3.085245509079406
8875,7.105682945092884
8876,2.47048701105033
8877,9.140872167529851
8878,2.6950867229431714
8879,7.394271183313573
8880,9.00967690943532
8881,7.890808110282848
8882,4.830376151398239
8883,7.27807385588234
8884,4.003472793536763
8885,5.02772145830259
8886,5.037400199669417
8887,5.207960635272983
8888,4.980342070696228
8889,5.593157026506806
8890,7.766503137877884
8891,3.714279397507026
8892,6.382713176253363
8893,5.984147151308509
8894,7.651043793784279
8895,2.4379487017778207
8896,8.180148386834773
8897,5.25494139714625
8898,7.646527772592566
8899,5.123458364973265
8900,3.841588957926765
8901,7.532181027668093
8902,4.370079619202755
8903,6.167951792464745
8904,2.7190355832046054
8905,7.1321631488737225
8906,6.620862688504481
8907,6.156371643238353
8908,6.669265314130185
8909,3.9826100577960553
8910,7.90223807768512
8911,5.7569691101304095
8912,5.222513670505579
8913,5.344264652971386
8914,5.499961303844142
8915,6.390899286082984
8916,3.3303181502594366
8917,4.824101286498161
8918,3.6365058601655
8919,6.8319869389580745
8920,5.180124171400664
8921,6.5860072787172275
8922,6.735443406660951
8923,6.241090856117421
8924,6.029479308573845
8925,6.001815035312891
8926,3.482681326051315
8927,6.694584716063124
8928,5.516127713066145
8929,5.550248483695198
8930,6.718507877455706
8931,7.153813711354886
8932,7.829961294156998
8933,7.904380199744026
8934,6.329077727343717
8935,8.717603422612184
8936,7.521026527566753
8937,7.997020537070489
8938,5.528500992921405
8939,3.4928652718963797
8940,6.90785328469871
8941,5.7825892147098035
8942,2.320210451765758
8943,6.89178166428191
8944,8.592876601253435
8945,5.044565436684231
8946,5.992302881949764
8947,6.556052212002138
8948,7.930367119727064
8949,6.171572787053694
8950,6.2166343250337555
8951,4.707910697920088
8952,3.427248302440621
8953,6.078739163816522
8954,7.48656429046844
8955,4.185768049729524
8956,5.168272965370333
8957,4.873521228450585
8958,5.494321274784041
8959,7.036194849321683
8960,9.070414529341516
8961,5.847758042612226
8962,3.5923218543656197
8963,6.708630304640005
8964,5.990788061017665
8965,5.062192913795426
8966,5.364523341856325
8967,9.47238223640213
8968,5.263911535031513
8969,7.8343201748941995
8970,5.982931916664277
8971,4.30342471499341
8972,8.3163610254336
8973,7.841338160952947
8974,6.395975411675082
8975,5.161623600978226
8976,8.329389830569525
8977,5.895085407349589
8978,9.171404492401164
8979,6.6870505443119805
8980,4.513235642186504
8981,6.534780340065079
8982,7.613037564197843
8983,8.61848042059895
8984,5.840684701028475
8985,3.9625785916568077
8986,3.6913648641945636
8987,5.223770759650055
8988,4.046499490702435
8989,3.800311390174137
8990,7.132861238497863
8991,5.02348209523562
8992,4.1959115244265215
8993,5.786525574241814
8994,4.051299202443892
8995,8.360145123732302
8996,5.338353116874027
8997,6.895541627725259
8998,7.059239754687023
8999,8.129388186136872
9000,7.003582930866143
9001,7.209402265226337
9002,8.20397612920963
9003,6.36312454791884
9004,7.651823247861026
9005,3.119290951636489
9006,6.7368978061357225
9007,8.794070089849921
9008,5.769767063768351
9009,6.320562137877268
9010,8.063866012708957
9011,5.182159406734171
9012,2.571841910567851
9013,7.0284070082072665
9014,7.573507616935657
9015,3.7509603088191703
9016,4.806378797097264
9017,6.62322873886139
9018,5.887695493260097
9019,3.4893160907136025
9020,6.426171922569319
9021,4.588417285767223
9022,7.919908399064585
9023,6.343043319110677
9024,7.109648435849923
9025,6.272152168677855
9026,5.782444898588615
9027,6.962833352257915
9028,5.3483725681893635
9029,4.495489931595231
9030,5.198666284187452
9031,6.034063723144428
9032,5.217383177751357
9033,4.757661814536925
9034,7.439300607778658
9035,6.471895476228348
9036,1.8639474001652363
9037,5.799549171014105
9038,6.652761467562708
9039,5.501228444111195
9040,6.823143147877157
9041,4.556429450798147
9042,4.172699829753163
9043,5.86265266385642
9044,4.560182476358429
9045,2.1486905522389237
9046,6.4650542543671925
9047,9.317866355302268
9048,8.056465014446935
9049,9.859761350680373
9050,3.889289433355153
9051,4.5794957469909265
9052,7.204736332268076
9053,3.4863727155908153
9054,3.962548448751895
9055,7.966729655989572
9056,7.925385736094048
9057,8.546569951703347
9058,9.304503739243803
9059,5.730791492365543
9060,7.381177837558825
9061,2.5222087673149614
9062,5.299627806958339
9063,4.99508687293951
9064,6.491705476055026
9065,6.63846647157755
9066,5.201354525337859
9067,3.535392271736413
9068,6.533287296312891
9069,6.529024669128777
9070,6.67296701250027
9071,5.807505545011084
9072,8.721276591287202
9073,4.407834809912594
9074,2.8733656185526755
9075,5.857021436820137
9076,4.797224728545247
9077,4.837859346925238
9078,6.037882546739532
9079,5.39364693692855
9080,3.7227662250389466
9081,3.938378327204723
9082,7.05354411708284
9083,10.00153102978471
9084,7.336257573988875
9085,8.25506216739907
9086,4.719396100892387
9087,8.073055601311381
9088,4.36437263881927
9089,7.0446718452494554
9090,6.476202433591123
9091,1.7001878616134394
9092,4.464050143214644
9093,7.999699752390458
9094,4.19099971622018
9095,7.269714781442758
9096,9.288515219043614
9097,7.325699881474247
9098,4.389445162856661
9099,5.159912024170323
9100,9.383470077742604
9101,7.4461242795766225
9102,5.449851715520684
9103,6.172449355319146
9104,4.640241868850784
9105,7.823535119437173
9106,3.9974708127454512
9107,4.985037888295299
9108,3.7939761088587227
9109,6.66159277399839
9110,7.50366541184857
9111,5.434470053473061
9112,2.326984691791605
9113,6.217950631078416
9114,4.787050539257118
9115,6.040168251801992
9116,3.4850622827651256
9117,6.382649723254285
9118,7.9058804992590455
9119,6.657275531993005
9120,5.493529007404067
9121,9.380207067463955
9122,4.37829970204498
9123,7.7622872519403
9124,9.759982631519101
9125,6.069504764480863
9126,4.909022672237348
9127,3.836495282705463
9128,5.861374972829516
9129,4.4198347982047075
9130,6.198549100418425
9131,5.3047653722634465
9132,7.004976943162568
9133,2.5265461036506363
9134,4.7307998646852605
9135,4.518299216131467
9136,6.637438275790441
9137,7.518079773474718
9138,4.9310111891500235
9139,5.388940395640443
9140,6.096200712180893
9141,5.581593289184131
9142,8.11528075928915
9143,5.779017325952777
9144,1.9895320491403918
9145,4.021629156231129
9146,6.042990137614804
9147,6.532619653357532
9148,6.95025130380956
9149,5.630636553346186
9150,5.678962719510399
9151,5.360196546110245
9152,6.822636896139531
9153,4.808555392955741
9154,5.565196059669086
9155,5.66152651167917
9156,9.234822353473469
9157,5.386530269311411
9158,5.29118077269618
9159,5.451348996782803
9160,4.635258396194044
9161,7.929586247373633
9162,6.548516595576936
9163,4.939409861200269
9164,6.780309700004046
9165,8.19429477509931
9166,6.67355577372606
9167,4.056383383528076
9168,6.569014164278148
9169,7.511696300005493
9170,5.779685667336059
9171,5.128294457595896
9172,8.255362756210321
9173,6.492686898086165
9174,5.490373802376421
9175,5.316348517001359
9176,4.092761657193642
9177,5.026164058229681
9178,4.551334048025778
9179,4.452886919723083
9180,7.368930094385307
9181,3.879685297143343
9182,6.4559316823904656
9183,9.840239709070435
9184,6.896405308120918
9185,5.627238967962591
9186,3.8588978804901433
9187,8.352260828234716
9188,4.904868349644642
9189,4.526260783477209
9190,5.526211864008002
9191,9.598037975139093
9192,5.9039043283299915
9193,5.259969117739011
9194,7.394439862431824
9195,8.36376698272481
9196,8.882402157303765
9197,5.37086027398373
9198,4.06749853209028
9199,7.593822544058112
9200,4.874163903710214
9201,6.861399087843973
9202,4.19012017989764
9203,3.7534825105103784
9204,1.9784181855493
9205,7.87873514883654
9206,7.212177204988999
9207,4.440652250936282
9208,3.4843688723781088
9209,4.509314045827834
9210,8.845416075903598
9211,5.717520978087074
9212,5.332998699199829
9213,3.9553646003074054
9214,5.861001346363759
9215,6.686900186811736
9216,4.197032250817427
9217,6.718163788164788
9218,5.653294588965514
9219,4.252177800849667
9220,6.468621989500224
9221,5.23990905187317
9222,2.337012686970562
9223,4.714765137271067
9224,6.011048337123696
9225,3.2434847666184576
9226,5.117925665439692
9227,5.802586910660195
9228,5.08577014167377
9229,9.364904029335921
9230,8.819372420166422
9231,1.0458722392814805
9232,8.81384727049407
9233,5.799910381540959
9234,3.844546172002878
9235,3.0509499920046137
9236,4.456717502857977
9237,3.91704473758079
9238,6.668780601238334
9239,4.079427784121789
9240,2.86799738719555
9241,6.67453899865622
9242,2.889036223605334
9243,6.000353279871644
9244,5.862331802095327
9245,9.188204862933665
9246,8.212007282593333
9247,4.340563219558849
9248,5.614637492123906
9249,3.595108727175849
9250,6.3972820270051525
9251,5.822364042038229
9252,5.023101025984859
9253,6.126884847076876
9254,6.322337124952805
9255,2.991743579109227
9256,2.8315713084071765
9257,4.4344095684491585
9258,7.27823145695615
9259,4.126262939867009
9260,6.729516458885133
9261,5.072640331184394
9262,5.524784627126204
9263,8.366351227993487
9264,2.750922481113405
9265,5.3348176992039225
9266,6.463672521553335
9267,7.652804300757604
9268,8.670466824597417
9269,7.31885258290526
9270,6.154756374349558
9271,5.743216636874027
9272,7.166652334213693
9273,8.345699860373262
9274,9.351916355535964
9275,4.702786326070733
9276,9.416290295978616
9277,4.190582354253966
9278,6.493619255324663
9279,8.624636080155476
9280,6.149725872271038
9281,5.452478635881819
9282,3.4698680991471376
9283,4.091480836677266
9284,7.159791485318387
9285,4.364444384760988
9286,5.902007801237567
9287,2.090070584547651
9288,2.3697381585980017
9289,7.266400814607427
9290,8.54279996447386
9291,2.013873391261078
9292,7.612102135859186
9293,5.557610025631758
9294,2.2826048878275866
9295,5.106340098311425
9296,5.564775249668642
9297,7.440779184036884
9298,4.844482383375366
9299,6.321979036419798
9300,7.3974516911779045
9301,3.849311858378753
9302,5.0168172570331
9303,2.21973405898539
9304,2.9191001187326626
9305,5.751814993202348
9306,3.1890797459346887
9307,2.0187794064445783
9308,5.274346464896976
9309,6.357273727148201
9310,7.913354544277547
9311,8.996198024622256
9312,2.450131637054629
9313,7.103844005249169
9314,9.256688811026134
9315,6.888128835670367
9316,4.426309616796235
9317,2.3112277787449367
9318,5.687945157769967
9319,6.753472031452045
9320,6.905622142142691
9321,8.25688615751332
9322,7.92330768491588
9323,1.602054542480152
9324,2.6716624115553254
9325,6.221850466287706
9326,7.667721546960299
9327,6.786606888755575
9328,3.9278326906873016
9329,3.7462756583379058
9330,2.0277870025983806
9331,4.697494920829649
9332,2.5343487361742514
9333,4.518925571055917
9334,7.398005528098825
9335,6.8745680236786795
9336,4.649488997706776
9337,8.88446960843134
9338,7.143523630298914
9339,8.956947153741638
9340,7.195712722189386
9341,5.6751351170275175
9342,6.232828980225225
9343,6.420964134902496
9344,7.196016823841035
9345,5.541811196920552
9346,4.945996338880024
9347,9.369250315846877
9348,4.945590329769011
9349,6.410608787766332
9350,4.914284396613144
9351,5.0993631486461215
9352,7.000218971645764
9353,4.805728379206245
9354,4.775423486008345
9355,8.58301822959433
9356,5.41629358185347
9357,5.4046618275842135
9358,4.487694526070478
9359,7.883276800314951
9360,6.112416741417986
9361,4.776788842990214
9362,6.118054038504124
9363,4.760539238611718
9364,6.783129653459598
9365,3.4090096861048336
9366,6.997447254176615
9367,8.754133283499833
9368,7.75086204157622
9369,7.839620851380599
9370,9.609331662450646
9371,6.332001270440025
9372,6.277531906831141
9373,4.613604058224615
9374,4.102512845091848
9375,4.528740278268451
9376,6.975924364434583
9377,7.500826353177735
9378,3.297599206588048
9379,6.316633285014712
9380,3.938949217868976
9381,6.345668864382429
9382,3.1588037094259342
9383,4.9268195613922
9384,8.350953469879936
9385,5.720028569867345
9386,4.390718698203997
9387,4.951041261136138
9388,4.7130310867898695
9389,7.788453369587865
9390,6.20947321263849
9391,7.280592010935759
9392,6.266088978711826
9393,6.704129648793857
9394,5.23994291083589
9395,7.1470978012132385
9396,5.100647378722664
9397,5.242218383989456
9398,5.084899174776299
9399,2.7337212125480557
9400,3.7381582726623677
9401,4.983904933192284
9402,0.9736948076526484
9403,8.215088794242384
9404,6.388007911618427
9405,5.603581452919467
9406,4.942524944905513
9407,7.190878778533714
9408,5.400056436498516
9409,6.454490879232707
9410,4.873515843274231
9411,3.442831068094838
9412,5.577994598341773
9413,7.080131504913095
9414,6.243662061886736
9415,2.6671378025293566
9416,9.587539280729047
9417,5.433243536881686
9418,7.927435880011325
9419,5.059515412568496
9420,2.9460714193155395
9421,4.201335150979418
9422,5.659253925345548
9423,4.055167562309444
9424,8.336043970259942
9425,5.657713322186966
9426,7.0309864367137695
9427,8.83989562460905
9428,2.0182221433055805
9429,9.020658256442696
9430,5.206065544013825
9431,6.761958043294529
9432,2.7745775404649513
9433,7.586703067556891
9434,4.619785785995557
9435,8.431106956565747
9436,5.592321937301612
9437,7.503316055868946
9438,7.127279707904429
9439,5.959597589021678
9440,0.5179210146550742
9441,1.0760170440733652
9442,4.107270015905554
9443,3.972448474300254
9444,5.024319351002141
9445,8.318587696718717
9446,8.189438307459957
9447,7.533674100886255
9448,7.718553205253949
9449,5.6424205363265925
9450,4.853025353088398
9451,7.544180237229595
9452,8.64782061503481
9453,3.324710142583211
9454,8.78860546278377
9455,7.419842910883242
9456,7.639585141279212
9457,5.71098363035479
9458,8.087230827309451
9459,4.488313917280534
9460,6.982088831291135
9461,6.427101230367244
9462,7.945693149838437
9463,5.083407115961277
9464,2.9821127506529033
9465,3.996597020438104
9466,7.982146615663496
9467,3.7833410091376636
9468,6.406227758407709
9469,2.868960759226397
9470,6.026144344179765
9471,6.851521657522635
9472,6.185878447486552
9473,4.827907562439023
9474,1.0090624168751157
9475,6.42927925584001
9476,3.6697558630025613
9477,5.82912917064494
9478,6.949840222503817
9479,7.46422407244551
9480,6.440792941262691
9481,6.114283151992856
9482,4.55509584730354
9483,6.8752265091244205
9484,2.7704830632393516
9485,8.638285445094795
9486,6.090898721599689
9487,7.698981646023159
9488,7.720215184221377
9489,5.649590085511216
9490,1.9893858245402702
9491,6.350427414759713
9492,6.620449212186756
9493,6.543436377294454
9494,6.81892059042837
9495,3.4879614384656086
9496,2.83776819904029
9497,7.121396881655703
9498,6.038747324273366
9499,6.002018209526313
9500,6.205930043725935
9501,3.4474258409827594
9502,9.037461935752146
9503,2.5821524405361087
9504,9.005882164765143
9505,4.530905416152324
9506,6.7874684476551765
9507,9.342928660004645
9508,7.731969587257628
9509,3.3107079393536383
9510,8.353812902628885
9511,4.702305927892842
9512,4.6213984680948705
9513,3.8547851157697726
9514,5.226804786460162
9515,8.957433149750067
9516,6.3045486718843025
9517,6.587498211625304
9518,4.896059780390052
9519,5.44704976865497
9520,8.533425994379735
9521,5.67525311781469
9522,2.5567552841130223
9523,5.420008453825737
9524,6.020887230266243
9525,7.13466075818088
9526,9.115713869664532
9527,7.7042276914704475
9528,5.582182181496474
9529,3.269591383050346
9530,4.962286022397586
9531,4.46307450879253
9532,6.733577045913034
9533,5.268095972672287
9534,5.2236197855096815
9535,5.218432558290983
9536,5.214259852517719
9537,6.366005029231325
9538,6.235738052864637
9539,5.805199642550516
9540,3.9968853183923954
9541,2.8391516445408977
9542,5.266208863352021
9543,4.9187195928530665
9544,4.275376273332344
9545,5.907975529530509
9546,3.0096345415198433
9547,7.5566947732074965
9548,4.736106910886375
9549,8.8799200069979
9550,2.1137679298044936
9551,6.510250268182728
9552,5.297401646270811
9553,2.281164795581941
9554,6.122845455794437
9555,5.360485513933814
9556,5.6484847834705985
9557,6.721820113637907
9558,5.227571794349836
9559,4.587782200363671
9560,4.188383322751028
9561,7.015627090392034
9562,8.683549437668246
9563,2.300781481924002
9564,5.68625919875821
9565,7.7983956206570495
9566,6.060959354661594
9567,3.4967175320194714
9568,5.70981479955825
9569,4.40958258733715
9570,3.232856848363398
9571,4.556067242084138
9572,4.360179688596794
9573,6.939301853809274
9574,7.75491307040833
9575,6.893044729891059
9576,7.930101199138222
9577,5.449382064834902
9578,5.986582911452501
9579,6.134000528526994
9580,6.369661640905996
9581,7.857504272092467
9582,4.6644479185277525
9583,8.730200559386784
9584,2.9548748130728812
9585,6.559521556949961
9586,5.490884878508407
9587,7.703313253002612
9588,3.9503887321038818
9589,6.306032302122867
9590,5.9257986751461855
9591,5.825527107482131
9592,7.680409508766779
9593,5.432241419830591
9594,5.762283217535359
9595,6.208353440883232
9596,9.11743221123248
9597,6.544118574216888
9598,5.557055411851649
9599,6.4652434971406
9600,6.266865923283513
9601,4.457233068077763
9602,5.888062813448226
9603,6.465914739605281
9604,8.911945630574836
9605,5.270264832406252
9606,6.7102435177773305
9607,4.783652135450275
9608,6.315260935203063
9609,2.7490757625914446
9610,5.81303682634483
9611,8.2741752897486
9612,4.1034142470747765
9613,7.210763982383138
9614,3.822575749049454
9615,7.629710392965528
9616,6.8127959715282715
9617,6.024979746233889
9618,7.1014504060413595
9619,5.999739181155708
9620,4.618222391332948
9621,5.183032625538974
9622,5.316205973442017
9623,7.66635947332097
9624,6.101260985873267
9625,6.232423497047229
9626,7.169340175926568
9627,5.00195721197843
9628,7.518630034030117
9629,4.3375273445441564
9630,7.505936768879206
9631,3.086902733021794
9632,2.3290424114033454
9633,3.98425556415705
9634,7.092107123971679
9635,4.3360493130253435
9636,3.6006389727530483
9637,4.110923449210727
9638,8.068221748182618
9639,5.6210028157302965
9640,7.298150019227698
9641,3.7289237767915786
9642,3.6715567701810334
9643,4.346979514106701
9644,6.360238525616742
9645,5.75640356183105
9646,8.153289679994078
9647,8.005574449894741
9648,2.744116400278952
9649,8.658762353097849
9650,5.721928973821781
9651,7.963493646985784
9652,9.346469151462696
9653,5.921591293582358
9654,8.12192820615526
9655,4.2530240453893775
9656,9.918385241807016
9657,7.889198132897864
9658,3.4691866119678374
9659,6.8262442971427495
9660,4.884598172665061
9661,7.799370116605009
9662,1.6978200534927972
9663,2.1243696049655942
9664,3.3313089389441073
9665,7.758058603828584
9666,7.811172598210162
9667,8.011338859876778
9668,2.9717978008928267
9669,6.6590896203218195
9670,4.0941697624372235
9671,2.385682637164933
9672,5.515000834675618
9673,7.791640519937325
9674,4.519736901363466
9675,6.227376136798167
9676,6.3914984961447985
9677,8.458463409318737
9678,4.8055289053076375
9679,5.407884914171719
9680,4.922240268738655
9681,7.537359892939023
9682,4.279611108129963
9683,6.088652264495689
9684,5.766379939074758
9685,6.213372380243792
9686,5.762653870220871
9687,8.38099145235136
9688,6.024048752476656
9689,9.295569264013576
9690,6.017130558142055
9691,7.290425957162375
9692,7.20282254172632
9693,5.497089957721991
9694,3.703480252051786
9695,5.979034175338088
9696,8.744433443892511
9697,7.710129966870531
9698,6.548541908870522
9699,4.035505802359705
9700,5.774692292947933
9701,5.7629954916689226
9702,5.101395089457791
9703,4.866403336671697
9704,10.089530571015779
9705,8.41721376711863
9706,7.139187582082251
9707,6.227906633801829
9708,7.152916717102615
9709,5.598054995331048
9710,2.579265859108095
9711,5.702065434827768
9712,9.002640155858721
9713,8.179641179689387
9714,7.020111906103194
9715,6.90547451953398
9716,4.460435039610781
9717,1.2055915567679174
9718,7.05826285301494
9719,4.7338717830728765
9720,8.412560527749555
9721,3.0079750837892187
9722,6.011197563737295
9723,4.470474864213967
9724,6.8850707162707305
9725,8.565732045186099
9726,7.074220425817274
9727,6.404763555314678
9728,6.8999996409481215
9729,5.319761359363007
9730,4.688878624608905
9731,3.355380474103512
9732,6.671341323742296
9733,8.61782394278778
9734,6.892480547578108
9735,7.613473410464724
9736,3.298025584885604
9737,8.261053130081226
9738,3.247509475209837
9739,7.680771305264399
9740,5.854362294359385
9741,6.865076508415943
9742,3.3971188791358173
9743,6.88653761759794
9744,5.165784357206041
9745,6.22898824334734
9746,6.758152231356193
9747,4.53511355132712
9748,6.1836740487826
9749,5.261231993119766
9750,1.9954941726376325
9751,5.831082314584651
9752,3.9206589692041987
9753,9.12133016559682
9754,8.733400183697341
9755,6.674319397141542
9756,6.533328143787774
9757,6.770549591591222
9758,7.140603984101964
9759,5.886007370289402
9760,6.7665581084391295
9761,6.562833431044095
9762,6.990078354762494
9763,3.418060758300613
9764,9.198143101929793
9765,5.858254909381685
9766,5.468895236934596
9767,5.751190262877817
9768,2.3738670823861163
9769,3.9645649200924606
9770,3.410493194181096
9771,5.555351883997941
9772,5.167040035133543
9773,5.763575485808859
9774,9.463038357343933
9775,3.2764662669435975
9776,4.733389177087796
9777,6.601229026466294
9778,7.858888916838317
9779,8.265789505128495
9780,5.49472241846107
9781,8.718741484885841
9782,6.800827730306123
9783,7.486391032352154
9784,5.433007380938532
9785,5.988786821338649
9786,8.646262126872639
9787,3.268159411189201
9788,4.11308096183534
9789,8.371520043873577
9790,4.695726083261555
9791,2.425942215871034
9792,3.7150290137998994
9793,9.70670988882549
9794,6.555678430607816
9795,7.27670524500368
9796,4.196468615261162
9797,6.0398758996629125
9798,6.982809554687104
9799,4.462956936607632
9800,6.174799418354111
9801,6.926790292364872
9802,8.491687395420232
9803,3.9287032553407597
9804,3.4520225417423207
9805,4.651435291021796
9806,5.730954882727691
9807,5.449888013107191
9808,6.424859751139547
9809,7.361774848346878
9810,2.206977053760801
9811,8.004941017028269
9812,3.458842700888767
9813,4.34593502675303
9814,5.860941376843656
9815,5.215800628219662
9816,2.3236515323980584
9817,4.862116245538926
9818,8.109036486343443
9819,3.192319843775146
9820,6.913863104082142
9821,5.018674110602129
9822,5.020300538368856
9823,6.560994590376837
9824,6.445615277243455
9825,8.375185384132946
9826,7.639642601338412
9827,5.392890530534907
9828,6.578454470371576
9829,7.1038900714906905
9830,4.219097643212698
9831,7.084431917812298
9832,6.739503255432959
9833,4.776262401402562
9834,7.977522517493181
9835,5.516451771716151
9836,5.767475409795118
9837,4.693363575181921
9838,4.497040309752467
9839,5.105178721821861
9840,7.47803021223301
9841,8.812976466439437
9842,4.989681305159317
9843,6.304570551743315
9844,9.705600524635992
9845,5.275646116566852
9846,8.335777760563115
9847,4.244682243958517
9848,8.629272372757864
9849,3.3457257691223248
9850,6.561630984666403
9851,5.80465822383716
9852,8.027603144851764
9853,6.405971650204377
9854,6.5344848405683935
9855,5.829501544606566
9856,5.687244367892653
9857,3.621841875260099
9858,7.341697884377384
9859,8.00728791757935
9860,6.449969751347022
9861,5.681517818701914
9862,7.044148445187595
9863,5.8116410666367235
9864,4.633871249301629
9865,5.107393107765642
9866,5.923950443307964
9867,8.450562163112055
9868,8.78557446856365
9869,2.336228220765543
9870,6.472704688111437
9871,3.0931533552736914
9872,9.397387051520656
9873,5.747185205344185
9874,7.145421333509042
9875,5.3799742183526975
9876,5.17634862931506
9877,7.765336568516007
9878,5.091815320891155
9879,4.143998442395144
9880,5.75155932763468
9881,4.736555025436419
9882,4.808741561117772
9883,7.2146819772384205
9884,5.287917144267087
9885,6.562214427156907
9886,3.7496734817829918
9887,3.8879577044336653
9888,3.5797573416930817
9889,7.502290436235525
9890,3.524331176168946
9891,7.987447838691762
9892,7.58247245166441
9893,7.497522914790933
9894,5.4499225744271325
9895,6.908895481857171
9896,4.575521964925697
9897,6.913784680077363
9898,8.206674017036999
9899,6.675969598859191
9900,6.694171560931243
9901,6.743910522157868
9902,2.7359585478448563
9903,6.849974888641889
9904,7.326882100130687
9905,2.315834436720719
9906,8.063522935075602
9907,5.156909353364251
9908,4.678436288254694
9909,3.8415539158230896
9910,8.586370456645614
9911,8.202825448599079
9912,7.715034205593468
9913,4.167566703461198
9914,9.26268409251789
9915,4.060653323620044
9916,5.181053798081975
9917,7.044390595381147
9918,4.97757467202051
9919,5.139288413469208
9920,5.685051788726617
9921,8.354905131634032
9922,5.1336893145953555
9923,7.27316779695073
9924,6.581769503198719
9925,6.788439911930098
9926,3.0554371366261597
9927,3.752624198206928
9928,6.412040581885087
9929,2.6433109583450536
9930,6.324606491428863
9931,7.139352096578836
9932,2.829047445399009
9933,7.646125977076632
9934,7.121801285133449
9935,6.861591619779084
9936,6.213875951163306
9937,3.388274741211509
9938,5.673955191446051
9939,7.223731062844134
9940,5.244513761845066
9941,9.192884992375461
9942,5.119160202340657
9943,2.6458547385452933
9944,7.270100672011538
9945,4.912341143881786
9946,2.1001043896630245
9947,6.626125607754775
9948,5.419013717446147
9949,6.688472242741687
9950,6.588035377642549
9951,8.045376758866023
9952,7.174665171375263
9953,4.877722749678965
9954,4.584191587859221
9955,6.057067334804164
9956,4.125977047936729
9957,5.758672140283762
9958,5.147603882152685
9959,4.314369745290381
9960,5.511948956640749
9961,5.554726805526338
9962,5.499505173734294
9963,5.811333675351818
9964,4.305957075305873
9965,7.7900188645168145
9966,4.2323043288091755
9967,4.372210924934704
9968,7.688566408585746
9969,6.907846874411655
9970,4.765725569724199
9971,0.6266212335227638
9972,9.988922316578464
9973,4.278051130551141
9974,6.180174008147923
9975,5.193251315265012
9976,4.080724927863524
9977,6.322330206020017
9978,2.0908936609156723
9979,7.1686177862630265
9980,3.721185469714765
9981,5.780990754479462
9982,8.287524680997405
9983,4.814838377220188
9984,7.955382239480563
9985,6.853865371298755
9986,8.542122625127893
9987,6.916523228873343
9988,8.32667698997272
9989,3.1016112671853344
9990,6.328111124938694
9991,6.141935465627324
9992,3.069505579443427
9993,2.7642075166497357
9994,4.2965098680107285
9995,5.8831613886325655
9996,6.823831029683783
9997,7.62790440553005
9998,5.735661774537268
9999,2.959326647665345
10000,6.757082258544771
10001,5.14467744704088
10002,3.733763438097367
10003,6.701050330014085
10004,5.353872614371536
10005,1.8266247067616088
10006,8.352840025989561
10007,8.779860556010746
10008,8.36275805178049
10009,4.702975942303453
10010,2.8838181686292432
10011,5.926925120972829
10012,4.535887122650295
10013,5.9565932669829
10014,8.256317726309032
10015,7.329618875242678
10016,6.610729949812526
10017,8.246758569493823
10018,4.394276115351652
10019,5.2153806618745095
10020,9.282065676962162
10021,4.525128291091759
10022,5.376935393242649
10023,5.425887605293068
10024,3.2940551477647095
10025,4.121845633672354
10026,5.958825179625836
10027,6.179575400819686
10028,6.774483536555654
10029,4.70175680919993
10030,5.7219226131816745
10031,7.08839248338434
10032,7.9454649763851855
10033,5.991860375417829
10034,5.974400039525639
10035,2.901590198769023
10036,3.8050149234323207
10037,6.614480815874884
10038,5.506332395212603
10039,3.8210291810482917
10040,6.936768633357192
10041,1.231526124144946
10042,6.789758620846722
10043,2.1093720509875524
10044,5.082983282565628
10045,7.312386252727066
10046,5.892287172021854
10047,3.659671107209127
10048,5.1481712106124515
10049,8.15879918665666
10050,5.886038480915686
10051,4.996011298415711
10052,5.631095054445879
10053,4.932023939529285
10054,3.6301418990682026
10055,5.093151313541663
10056,9.389243626176523
10057,6.474479688433456
10058,5.293928898954965
10059,5.825478507048379
10060,8.310375405006317
10061,7.507249235967084
10062,3.499362534731588
10063,4.789005733059913
10064,5.808380161475759
10065,3.1784978415095253
10066,8.69257030869848
10067,5.451952781990297
10068,9.434524903854173
10069,5.677302708640271
10070,4.777359469276217
10071,6.623414671836407
10072,3.5408235513158144
10073,4.319524226556145
10074,8.54450283498945
10075,8.173606855738525
10076,4.490847106810673
10077,9.089103372055664
10078,4.230980324681691
10079,4.88177715580248
10080,7.811497853977274
10081,4.0289289627099
10082,3.891373143342397
10083,7.321769662248399
10084,5.43246464239586
10085,3.604738293460917
10086,8.139973154742549
10087,2.5458379336282984
10088,5.199153249250074
10089,3.724468956989053
10090,6.82360012668304
10091,1.5175087207822968
10092,5.742719326529395
10093,7.866331856666334
10094,6.5694060864645865
10095,7.8458474240626
10096,2.4528956970209843
10097,6.734926700770254
10098,5.026511796563653
10099,7.42133202883387
10100,5.0453166226872295
10101,7.149568695377544
10102,3.6319138654396785
10103,5.4797859383082095
10104,7.729697010706052
10105,6.80693358604744
10106,7.281562356252921
10107,6.720760329020261
10108,7.866948292395316
10109,3.273146924138047
10110,2.7713726770014606
10111,8.192017989116312
10112,7.039516820005706
10113,8.434321450272815
10114,7.21958234204966
10115,6.557790116773724
10116,6.602942014394283
10117,6.872944572622015
10118,5.494851804061275
10119,6.8192376889985935
10120,5.7718922396205965
10121,7.116847228863625
10122,5.427776133769395
10123,7.3099773878726895
10124,7.870769487529868
10125,5.714556750958685
10126,4.788093833705905
10127,8.992020191694182
10128,6.912028521119729
10129,7.811727573039326
10130,4.799748561164932
10131,7.974381270038704
10132,5.4910373370508925
10133,4.097657460887202
10134,3.6234485090016486
10135,5.685409598943584
10136,3.315320470169983
10137,4.317521640086896
10138,4.268778908847803
10139,6.602480464398356
10140,7.7028187977532845
10141,7.951162434952366
10142,3.6525417038175245
10143,6.388910910468029
10144,8.889562635628184
10145,9.826352929200157
10146,2.31038714105026
10147,4.010432772841725
10148,7.7570872024636355
10149,9.207395226118209
10150,7.251593626079957
10151,2.429896727535361
10152,7.602051112435088
10153,2.855905066609998
10154,6.397401109953404
10155,6.137880770449337
10156,4.913763059715767
10157,7.854814938269256
10158,5.3563526989556305
10159,6.678854327536895
10160,5.862849974597164
10161,2.3408218380901284
10162,7.701781278017239
10163,7.198404087048879
10164,8.193470621386469
10165,6.90683416305538
10166,3.6093013636329445
10167,8.391434547707416
10168,5.17980596131299
10169,8.768160238124148
10170,6.384318843651343
10171,6.082584701965031
10172,6.451821626844218
10173,2.073138796759471
10174,6.570326598202959
10175,7.513484197173237
10176,5.223065484557003
10177,4.545141045771703
10178,2.8310418914557847
10179,7.390193334746208
10180,6.802339882671338
10181,3.7818873424325856
10182,6.10496349086631
10183,3.2055335518262185
10184,6.328229363393809
10185,6.428988772164081
10186,4.601826553189175
10187,4.366444436252422
10188,1.9838384996453513
10189,8.636825714516165
10190,5.404288294920078
10191,9.628519388983396
10192,5.406938759656583
10193,7.256829355996152
10194,6.674353984320031
10195,5.484131693892099
10196,7.177138860236701
10197,4.982028757799762
10198,5.9354544084311005
10199,4.902659384665398
10200,7.240124944865644
10201,4.12161268220176
10202,1.5102252214777105
10203,8.163042708046792
10204,7.8585784257501405
10205,7.534882527941452
10206,5.832499692384019
10207,8.234854082781037
10208,5.285671012350147
10209,3.356448364488932
10210,7.432674025248295
10211,6.830862234341008
10212,5.179521342413786
10213,5.621062031786064
10214,4.660159906918969
10215,5.136924770470837
10216,7.218988448116383
10217,8.356853350663117
10218,6.458384405960097
10219,6.681182862538698
10220,6.868128106346885
10221,4.821992179562755
10222,7.182666829288777
10223,2.7098473013027675
10224,4.470416447396496
10225,7.9777485408686495
10226,5.684647147333138
10227,1.9219223502214307
10228,3.047427602473964
10229,4.003942257205761
10230,6.867940598503466
10231,6.277644330039936
10232,5.031569879088898
10233,3.9497434850498174
10234,8.099832118231696
10235,6.129567321254819
10236,5.590255022178667
10237,5.88231276184098
10238,4.326131509451538
10239,3.7467372117025475
10240,6.2522666913928635
10241,5.497620053089028
10242,3.164353845529856
10243,5.314535665794394
10244,3.4690772540043415
10245,4.428137341414788
10246,3.177317105986342
10247,7.3312874756602975
10248,3.612973069676373
10249,7.815805210245433
10250,8.003301831468232
10251,8.604540056397326
10252,5.9468615806699665
10253,3.981480440287586
10254,4.903622660699522
10255,4.4541264527470945
10256,6.930318981887127
10257,4.7261228899156045
10258,3.9717672439803127
10259,6.270532031980657
10260,6.179777707056673
10261,6.232613636113858
10262,5.426920576175349
10263,7.574118068961527
10264,6.151003673370667
10265,3.067782059370569
10266,6.248223009531989
10267,4.498719724496872
10268,7.119964472678881
10269,7.925030765861719
10270,7.386193799416071
10271,4.224688406503641
10272,5.194052476133374
10273,8.491638434345012
10274,5.593911205697129
10275,6.085485382401904
10276,5.118943964140419
10277,5.88519743203114
10278,7.592103152074105
10279,5.296050221124032
10280,8.6080921099869
10281,6.8847345759948
10282,5.8578968891952865
10283,4.351028918371193
10284,8.65351102528733
10285,5.638264167234161
10286,9.161797734374378
10287,6.520049277740075
10288,7.131375126945776
10289,5.67942068238116
10290,4.4854529001376555
10291,7.8384097474943495
10292,8.091675347552997
10293,3.6560810956908076
10294,6.040335827646335
10295,5.7298231511443385
10296,9.091751539361589
10297,3.0171686463847296
10298,8.706364803355548
10299,6.290465164641752
10300,7.203873536806324
10301,9.40439177006142
10302,6.92005626789132
10303,7.134840681013186
10304,7.799145934860635
10305,4.281873516125749
10306,4.100127761563617
10307,7.256214330705414
10308,5.003860840937111
10309,5.721968571938783
10310,6.496699384797288
10311,2.8043795459156433
10312,4.526328764096405
10313,5.286020878962342
10314,5.708176213191106
10315,5.242184764135944
10316,9.352700206247182
10317,3.342334604402195
10318,3.2428043315622577
10319,3.886201986083137
10320,5.653947769221843
10321,4.191255671077926
10322,6.946188041273858
10323,7.795895272039743
10324,2.4208175157460943
10325,6.109370105931358
10326,4.024971374597157
10327,7.376239756012984
10328,4.541855403706114
10329,1.143735283114324
10330,8.777532680408326
10331,2.9558297168361736
10332,8.958149795816498
10333,4.255350821421452
10334,5.520357466268656
10335,8.246700886986579
10336,7.64408019521764
10337,9.325123471799305
10338,3.710986368453204
10339,4.105978421400732
10340,7.902990353017206
10341,9.765496513528353
10342,5.8328747663809715
10343,5.222321531800032
10344,8.749134224806019
10345,5.580262502903361
10346,6.2135874777307345
10347,1.811909455543723
10348,7.031159710226345
10349,6.202298123684622
10350,4.340591474302692
10351,3.44246836238497
10352,8.415834848878784
10353,3.9139746209734816
10354,5.774720328178036
10355,6.13559187630499
10356,4.847345834533783
10357,7.183828272007178
10358,4.021264792381198
10359,4.76056757858173
10360,6.440320323234104
10361,8.51689271224035
10362,3.5987439768851077
10363,6.283081878792243
10364,3.664394758484329
10365,4.488204736697021
10366,3.48952653483723
10367,2.664348811557605
10368,6.980186623613168
10369,5.4890045902537405
10370,9.035981132077866
10371,7.024321240875064
10372,7.511950214365223
10373,3.8717643363169953
10374,4.653218064603564
10375,3.5269110260188787
10376,4.152614531967342
10377,5.004155760682919
10378,3.8345649041018044
10379,5.302566041658207
10380,7.63296925027545
10381,4.476937008390234
10382,7.648546341623275
10383,8.222486914616182
10384,4.257323879517836
10385,2.3800877227384145
10386,5.372464774651902
10387,4.10583286832018
10388,6.4524123349443165
10389,8.16617102015201
10390,8.45864018453053
10391,9.401201543150208
10392,6.233734626436726
10393,4.9311227711248
10394,5.002255830633819
10395,3.795706040312555
10396,2.108408115814879
10397,4.016490765501288
10398,6.875776822325077
10399,2.838100911849464
10400,2.1453534414407054
10401,5.689770183421244
10402,8.235710790121388
10403,3.2500808955438734
10404,5.956069389544848
10405,7.4025798314288505
10406,1.989996373770245
10407,8.992493238144327
10408,3.384790037895163
10409,2.1621252453482804
10410,3.2469318919617436
10411,9.925311907619047
10412,4.117260309102903
10413,7.904731158686112
10414,9.14350050287609
10415,6.438082587298632
10416,3.2968542772451936
10417,4.0865189501846295
10418,8.396185678163599
10419,2.6552747050575953
10420,6.46161105285201
10421,7.095897701438008
10422,8.834583495383306
10423,6.486153196988132
10424,6.146578124125754
10425,7.176378369383093
10426,6.442721270707718
10427,8.771474319494388
10428,6.378959850624822
10429,8.008528030720832
10430,6.794168035366269
10431,8.482196704787757
10432,8.037921115774015
10433,6.7526233975600025
10434,6.336952161365035
10435,6.707652304873798
10436,4.864752482503724
10437,7.794243221430845
10438,5.17726072026041
10439,6.985163887273936
10440,4.471207820868554
10441,7.946241492002208
10442,7.224064153351705
10443,5.436460422340907
10444,6.519124232095077
10445,3.3254998989874327
10446,5.766966992397442
10447,4.66289358329658
10448,4.788125171272728
10449,3.295262123885994
10450,7.189887050261575
10451,3.673584941709992
10452,8.12968822100427
10453,7.123684396390583
10454,8.11439218377776
10455,5.10235722528
10456,6.1044847525700625
10457,6.363041463621416
10458,7.131074980680419
10459,6.87469745322724
10460,6.137492118204432
10461,6.159692105941864
10462,4.172615688585995
10463,1.2937573243835847
10464,5.738245857945101
10465,1.9057186724869264
10466,9.250776388759908
10467,5.297928545548281
10468,8.936983954566664
10469,7.471745305285865
10470,4.059743528868769
10471,5.19244755619009
10472,7.273848443752221
10473,4.272028897818542
10474,8.608489555187948
10475,7.951845907235265
10476,8.119473059771929
10477,4.940524687240436
10478,9.396504313436322
10479,5.331271440435357
10480,6.5558684405041285
10481,6.091837683838753
10482,3.9274770333735374
10483,4.9050762354003945
10484,4.6610183610704485
10485,4.1862953227685535
10486,6.739672160005109
10487,2.53206337365243
10488,6.15985642813968
10489,2.525413935759056
10490,4.07970673604744
10491,7.736985970328885
10492,5.906066213097217
10493,8.15188654606467
10494,2.971884004791115
10495,9.482214797993226
10496,8.668939509155189
10497,7.058730972618026
10498,4.500863838710695
10499,5.92858456498087
10500,6.099367608619542
10501,7.899062896058858
10502,3.988197042049059
10503,3.2207338210477747
10504,8.058573566077802
10505,7.47747065481645
10506,5.65010030075655
10507,9.355389641832627
10508,3.9031608141608767
10509,3.191116934886651
10510,2.054516413272177
10511,5.0979946466981145
10512,4.415224870456436
10513,1.6466469335085265
10514,5.857545120125681
10515,7.3451470557566125
10516,6.582126372563897
10517,6.295440814435332
10518,5.148270626179361
10519,3.7801849165470474
10520,2.3669004355194296
10521,7.957354263751092
10522,10.106032376216362
10523,8.260671478885262
10524,8.654131595300859
10525,4.499120192569985
10526,6.979489432780692
10527,6.5834341587215395
10528,10.065401180309376
10529,8.588657397793137
10530,3.5422056936334005
10531,4.6517903812423
10532,7.083351616897344
10533,7.381653151189558
10534,8.990859280594039
10535,4.6221317197686815
10536,6.872431611309491
10537,5.82284978941897
10538,7.306916772773992
10539,8.130237675496454
10540,8.196932165260806
10541,5.611153887030314
10542,3.2313237396259327
10543,3.5540628807470775
10544,4.645136689287502
10545,6.763402120843514
10546,6.203055941095137
10547,7.987277939414378
10548,7.625521053258083
10549,6.808274431409968
10550,4.087563710066721
10551,4.663690878035464
10552,6.871300520149841
10553,4.6906145165414665
10554,6.273526597190865
10555,2.441168150785661
10556,7.872324695739268
10557,5.35450921166926
10558,5.996874258981709
10559,6.151462312534965
10560,7.396036467496851
10561,1.5219167523343788
10562,7.736438811883325
10563,4.763882900581285
10564,3.7466435938332414
10565,5.976298141848272
10566,9.602468189065416
10567,5.511166209633329
10568,9.637408212413852
10569,1.8306521387916572
10570,5.57403905138734
10571,8.38542543229023
10572,5.407982999358417
10573,3.9350502944258428
10574,5.176834358610316
10575,6.0303598641792595
10576,3.510084716955144
10577,6.862966087556062
10578,5.6370171081235405
10579,4.530138299644452
10580,7.654308874838678
10581,6.110140571618379
10582,9.383980083319193
10583,7.373573556053009
10584,3.9660680857551935
10585,2.254779553218285
10586,4.843667906054035
10587,5.834553252470609
10588,5.538487549893888
10589,3.6394583566788423
10590,7.061436448235993
10591,6.473733160669219
10592,3.2175729642369872
10593,8.789990179275838
10594,6.859252861001665
10595,2.6089844336607024
10596,5.923014891908834
10597,7.806379999605843
10598,5.2830908397473255
10599,6.215838729664107
10600,3.1951270739409305
10601,4.66136103525725
10602,7.912236430439715
10603,7.480147728539853
10604,4.536117640650578
10605,8.753753385958959
10606,3.970442872565239
10607,7.955661919419855
10608,4.48400062899076
10609,4.412370299974617
10610,5.577902543160259
10611,7.152282796673484
10612,3.355584220438251
10613,6.700805918666831
10614,5.722765595545867
10615,6.805101048612084
10616,3.1299142557387944
10617,5.622086792619099
10618,5.444147724905642
10619,7.427067754769686
10620,4.571441867862455
10621,7.610225231799804
10622,3.8973159912480497
10623,6.840897246666271
10624,7.14289813575949
10625,5.861002199583327
10626,7.785017429695889
10627,7.68382571951409
10628,5.176535889815631
10629,6.47098331351672
10630,6.220662030954574
10631,5.583298887208528
10632,8.74379079516746
10633,6.071421165498264
10634,5.774739969339782
10635,6.812437211792123
10636,8.086521158399975
10637,5.602166730881266
10638,5.02926302583483
10639,3.8699005855383284
10640,5.972348216293028
10641,1.9710085599322515
10642,8.914646734704549
10643,7.692921752723916
10644,8.869544738806574
10645,5.369807157962315
10646,3.631035754191177
10647,3.730962847365631
10648,4.196329151372319
10649,3.030983602250309
10650,7.516586753907538
10651,7.501053420951251
10652,1.1073836833466881
10653,6.459854274508277
10654,8.524697515546505
10655,1.6516937752238263
10656,7.690229351965124
10657,4.661281317793703
10658,7.199057568302389
10659,9.791634738664163
10660,5.365951144061952
10661,4.439361532917651
10662,3.9481664752990655
10663,2.0500034080217717
10664,6.051598792696124
10665,8.451508731427863
10666,9.478178140161734
10667,6.433249980517894
10668,5.504212193808852
10669,5.547401960136143
10670,6.757157956433095
10671,8.564791159281722
10672,3.6600911359574124
10673,6.385819959311644
10674,4.4237522725884615
10675,9.024760609348425
10676,5.493718619172019
10677,5.758269648710378
10678,6.710791590657048
10679,2.478994485469653
10680,6.8830115946263435
10681,4.935725082703097
10682,7.346344291219759
10683,9.100882242353613
10684,7.776748588945744
10685,5.69239189220065
10686,4.830475597494521
10687,4.593237639781455
10688,5.939418902372026
10689,3.949656956091324
10690,5.774456145779284
10691,4.158400422043658
10692,8.691163361090368
10693,6.1357829725870765
10694,2.3499058583427987
10695,8.57010327872172
10696,4.372892099344141
10697,6.5039570628584595
10698,9.04987014390974
10699,6.849973802529841
10700,7.455341287658125
10701,8.881523549043857
10702,5.817248169446195
10703,8.268699741249396
10704,5.165163635056996
10705,6.341743626665458
10706,8.828252512145415
10707,6.7261069067832775
10708,6.47964866310722
10709,3.8942362050200217
10710,4.714997338340738
10711,8.201437577788823
10712,4.141617880446279
10713,3.9661780153588975
10714,6.3248601488344995
10715,3.2366378953263215
10716,4.997402993069894
10717,7.382708079081096
10718,4.18585864052517
10719,5.782345467131757
10720,6.496534533275016
10721,6.827545008889985
10722,6.100312567303883
10723,4.580013334673274
10724,3.8123268863406197
10725,4.9728166011204475
10726,5.002659086747421
10727,6.771262720345844
10728,5.69157658047256
10729,8.250742571118838
10730,6.655767406349966
10731,6.354509955849995
10732,5.466783222265378
10733,8.101277021931717
10734,7.928151023903421
10735,4.011115282131202
10736,6.587382958120334
10737,2.8080560357320463
10738,4.945546279243632
10739,3.5874812905419713
10740,7.228869870475696
10741,6.713565410112852
10742,5.949033718449291
10743,3.6499032920311456
10744,7.606787492310727
10745,8.075512360357894
10746,7.39649215038302
10747,7.278728415308032
10748,7.879693553138496
10749,2.819740452206524
10750,4.828739757141704
10751,1.184420408420108
10752,9.033928128074583
10753,6.574120548774453
10754,4.32781687529506
10755,4.3837356218945525
10756,5.759059623357338
10757,8.435235028880923
10758,4.711195720577958
10759,4.670164451292397
10760,3.472974085496107
10761,7.31423702067836
10762,4.770864239621177
10763,2.8544726402600378
10764,0.75381468988646
10765,3.246759220544412
10766,6.459633109227941
10767,7.729313917835953
10768,7.566277408383688
10769,1.4579454969371002
10770,5.096038954517328
10771,7.50940299304621
10772,4.035428938683511
10773,6.730490443147774
10774,2.162514759032761
10775,4.565788226787272
10776,6.522873225507734
10777,4.883575525424146
10778,4.689282633318929
10779,4.914408410822503
10780,3.3781300198199142
10781,3.8574026493487583
10782,7.5386651326389815
10783,4.344181132622343
10784,7.72355754080188
10785,3.5837397477616215
10786,5.88973150076532
10787,5.34314004762607
10788,6.6673584453935915
10789,8.184630861056101
10790,3.4509853477517054
10791,4.399612759802992
10792,8.363128390685956
10793,7.714011859859732
10794,6.412381842032762
10795,6.999355242624242
10796,4.778653204249007
10797,6.154062551008523
10798,3.007510240021307
10799,7.959475158284614
10800,4.658701126795834
10801,7.688120852808938
10802,5.198974794373389
10803,8.583991046721128
10804,7.019126256626254
10805,3.852115684657043
10806,5.02200585137597
10807,7.569498196879256
10808,8.641816382183597
10809,8.10195161561824
10810,6.098757522171513
10811,7.122844104479003
10812,5.9905212776170025
10813,6.466363571456273
10814,6.483449350665429
10815,7.542314186673833
10816,8.346126586248333
10817,7.695506623422488
10818,8.36102818316914
10819,2.814006345594291
10820,8.158723418310997
10821,6.205291034701845
10822,6.840041380740777
10823,1.571315374043231
10824,4.254944717881884
10825,6.06586049630184
10826,9.304420984724112
10827,4.810131508985172
10828,4.903232052613526
10829,6.676621437958756
10830,4.812972164691512
10831,8.010059399034361
10832,5.6259725202076645
10833,7.723541089167362
10834,5.016278034378031
10835,6.098495460645534
10836,7.719516366801954
10837,4.039727384963722
10838,6.591053286283365
10839,4.929917345494039
10840,3.2746830952873385
10841,8.053636487624109
10842,2.366794663406672
10843,7.185086629426765
10844,7.611465918857629
10845,5.296142396063112
10846,7.245281934645838
10847,5.762512445825548
10848,7.338425567097087
10849,5.731195807115289
10850,4.8443301605115465
10851,4.340781119873573
10852,5.584789468240913
10853,3.7148298881869497
10854,4.533257097511905
10855,6.151467581020247
10856,5.415243861426969
10857,4.89327562561616
10858,1.0369167118820997
10859,8.017407038791674
10860,7.442781527859458
10861,6.058198184869399
10862,5.884913091696356
10863,6.467591748290958
10864,4.893649640113735
10865,4.14782445422401
10866,5.842864738456905
10867,5.933637311956389
10868,5.615856474036354
10869,7.053157831153235
10870,4.631306919913302
10871,6.72332384404699
10872,2.486531137445838
10873,5.076399492532934
10874,7.223676265316158
10875,8.754234730540798
10876,6.973442947977164
10877,4.591177268298721
10878,5.661235400701588
10879,6.559016022054595
10880,3.172858407183882
10881,6.956866578933462
10882,6.1801272750185205
10883,5.334977577537826
10884,4.210463526048013
10885,6.395959504616105
10886,4.144509467751514
10887,7.054771354114743
10888,6.143205617172025
10889,5.3762784466568885
10890,5.924034226523382
10891,4.006949773496536
10892,7.3439188874716175
10893,7.059444182491747
10894,5.179439775122708
10895,7.344905872820371
10896,4.744205268517872
10897,7.216619402003518
10898,5.436489762879237
10899,2.1597464475207757
10900,7.8792033761028115
10901,6.219788658590204
10902,6.595599313499902
10903,4.36921071888343
10904,4.353177449773145
10905,2.015026542386979
10906,4.654641535711981
10907,3.0101337228946723
10908,6.000731499585482
10909,7.327925863596841
10910,4.879275287085756
10911,7.8472298156315965
10912,8.122329313937238
10913,5.59363173865164
10914,5.950288360819946
10915,7.3207139980327565
10916,1.676321221677226
10917,4.203730683754891
10918,4.044551175196829
10919,5.727962664818842
10920,6.129849788941622
10921,7.072289204367671
10922,4.982648092265436
10923,5.051629583841826
10924,7.659430013582167
10925,9.185438860830708
10926,7.516814363629139
10927,6.001112261044816
10928,2.2915126049704524
10929,8.07295008039635
10930,2.9307594827469465
10931,7.641887874363659
10932,3.2014660538330872
10933,6.735770795943314
10934,8.043405454744455
10935,5.614394611602951
10936,2.3001640505103973
10937,5.83669472745515
10938,5.9723902399657955
10939,2.515340876243161
10940,2.8449061833240585
10941,3.091824077791812
10942,6.586186194038915
10943,5.570888217194441
10944,4.369932365075109
10945,8.72837896846965
10946,5.440520112845282
10947,5.530541040349178
10948,7.4581391670401995
10949,6.880068139704093
10950,6.4151992291574595
10951,8.967836582028099
10952,6.926662948844493
10953,6.669538003646553
10954,5.722761036970485
10955,6.984421020446023
10956,6.663199216335472
10957,6.573145636961848
10958,9.808396410134543
10959,6.263586668152572
10960,3.834837992226111
10961,6.367599688401769
10962,2.4328381465731557
10963,4.680649950504772
10964,9.00544382001788
10965,6.479176801258859
10966,4.784532213583363
10967,5.355811867786569
10968,7.7519722880723165
10969,4.432857142414814
10970,5.3244803633420155
10971,7.431384361717059
10972,9.0266443332251
10973,5.670632595111232
10974,3.5507200686440616
10975,2.838410609672483
10976,4.806530990714669
10977,7.788516617073254
10978,4.890498776413473
10979,2.935407883505091
10980,9.097030361405213
10981,6.706699411798928
10982,7.181194645002946
10983,8.793980757890987
10984,6.687901828124993
10985,8.676423741166502
10986,8.544930024119385
10987,4.16926153392758
10988,6.605915309307615
10989,5.441912170503892
10990,2.686184369390049
10991,4.761414510522193
10992,6.0171484341755725
10993,6.3825634803314575
10994,6.5865370333713855
10995,6.795791359666723
10996,4.936060645646943
10997,5.855828782918147
10998,5.096539877063505
10999,3.1543655412166167
11000,5.774053390921694
11001,9.048078878908091
11002,6.675233633196234
11003,7.379723784557672
11004,8.390370240778589
11005,8.118824139773855
11006,5.792655668307621
11007,7.324227971691846
11008,1.9937881737367182
11009,6.402437348322883
11010,5.634239184306543
11011,8.297892141495797
11012,6.04694397286156
11013,3.2136845404796017
11014,8.080883473742617
11015,6.692330750598402
11016,6.350375980991191
11017,7.4740949046297755
11018,4.170498701611962
11019,6.966724312155146
11020,6.22156207812311
11021,7.629540330954924
11022,4.552473038004727
11023,2.0043377673167058
11024,8.115572291451294
11025,1.7273684913305218
11026,2.829614740897334
11027,8.138964820498295
11028,4.055184928104522
11029,8.395821029357865
11030,4.402292168067937
11031,9.479663285504792
11032,4.157391767880361
11033,5.268215708996971
11034,6.119940446414178
11035,5.00730238643445
11036,6.4480190583567225
11037,7.425989419484973
11038,1.660234247335593
11039,6.783100842764074
11040,4.53473853905925
11041,9.721861116944009
11042,1.7469868631953882
11043,6.513205324094397
11044,7.459213520153989
11045,6.728198778515365
11046,6.297551231959809
11047,6.642497544827755
11048,5.856033073071144
11049,3.1036094473092035
11050,2.718318577532357
11051,8.053748759686835
11052,7.847271927350093
11053,9.567928974575665
11054,8.012922458679498
11055,1.3168133530792039
11056,5.160779084020634
11057,5.939411397256556
11058,5.8907299630304575
11059,6.082034533477493
11060,5.779020119509628
11061,6.308241195387514
11062,6.039834419340328
11063,8.823875467568286
11064,6.9990988076717
11065,6.76768859194736
11066,6.204139211580258
11067,6.914047011967285
11068,4.5538133604852975
11069,7.403033360953456
11070,3.781551326668131
11071,7.8385437997181775
11072,4.914875818600068
11073,4.579689014214581
11074,9.910110561165471
11075,6.408292947096031
11076,5.812762354991259
11077,5.130608553370022
11078,7.160935621376371
11079,3.200503216025066
11080,7.160090983754165
11081,7.568943623116633
11082,5.410653253263174
11083,3.9174488293637753
11084,3.6473916230786205
11085,5.73930498166577
11086,3.995223326470902
11087,3.7138058962815346
11088,7.081020634526432
11089,6.284661983817768
11090,7.138383347953969
11091,2.995948216010068
11092,4.158715508407128
11093,6.583572774412906
11094,4.739472177258014
11095,4.194188793490257
11096,6.430987186956951
11097,4.370433887679985
11098,5.172993054490826
11099,6.234489226136626
11100,4.525302838364331
11101,1.7502344217003878
11102,6.167600278825264
11103,7.987377092784337
11104,7.541807190961362
11105,3.1243117934454356
11106,6.97815622805568
11107,6.340619996521257
11108,5.57298612434588
11109,7.39408482414062
11110,4.2834757439734314
11111,4.5710746433373455
11112,7.640122686256925
11113,3.372486619051406
11114,5.832639168841357
11115,9.862999735519448
11116,7.616977838296786
11117,6.665906472707445
11118,4.897307365501857
11119,6.788386609223316
11120,6.578590620084555
11121,6.579272636047207
11122,6.469121019156313
11123,7.340249721756266
11124,6.065227874844723
11125,5.712690152033684
11126,6.644255207215759
11127,5.996149034456201
11128,8.456731780482471
11129,3.201253467674703
11130,9.933460953715358
11131,7.709816647529071
11132,4.119532243257469
11133,2.7955655465566545
11134,6.454225146938295
11135,6.290279968769726
11136,5.708079218582641
11137,7.521620892180858
11138,6.471297418331458
11139,6.277245632319836
11140,5.05208765818741
11141,5.21854385157169
11142,4.758156149158619
11143,7.697185986644396
11144,4.690002900560664
11145,5.215786140586594
11146,6.950683624350757
11147,6.97506905387597
11148,7.697005114447077
11149,7.520778832621593
11150,6.180210101937434
11151,9.240196626940435
11152,7.121877867111338
11153,6.870575849799424
11154,5.994833945064508
11155,5.070060645442162
11156,6.749096998855151
11157,5.69112300933244
11158,6.515475837960294
11159,6.61062157826976
11160,2.5453921032435796
11161,6.355463349727703
11162,7.059805401228651
11163,6.188688171618634
11164,7.5685042183034
11165,7.444839189961396
11166,7.2301119849184134
11167,1.4415842016145295
11168,8.105992014462016
11169,5.566629566041572
11170,7.283907953916944
11171,7.900990164018045
11172,4.080012154891868
11173,8.193399562594138
11174,3.3723431039336176
11175,2.9929432322548664
11176,4.593608372766196
11177,8.897316926277915
11178,5.569571797873028
11179,3.1787176486152453
11180,6.908530259803621
11181,8.686052746256479
11182,6.093053780351601
11183,4.249032255562154
11184,8.889885957412798
11185,8.611316782943883
11186,4.741166406224933
11187,6.0359729683695305
11188,4.161896748219141
11189,3.410267914561767
11190,2.423258445598778
11191,4.8018145130586385
11192,4.067446545861293
11193,7.360404611514744
11194,6.261394032473728
11195,3.784496420295823
11196,6.619703071712061
11197,2.5477791546017987
11198,7.804197544303998
11199,5.930556440058115
11200,7.803200249709908
11201,7.522152265840093
11202,5.386971987798292
11203,4.7529033353572
11204,5.963052625985854
11205,9.19395066092691
11206,7.204149550784566
11207,5.099587811878236
11208,6.107624348671899
11209,2.1713069994392664
11210,8.672118983320942
11211,7.189649197270152
11212,4.136217483378447
11213,4.3234642115420145
11214,6.276664927993922
11215,5.527733278224494
11216,6.912836498129183
11217,8.501519022638787
11218,7.818990204490696
11219,6.988152055809499
11220,5.460533928797677
11221,5.524061957076876
11222,0.9831144331881999
11223,5.33000178514229
11224,8.64432600980551
11225,6.66216045264041
11226,4.198592640747875
11227,4.736851496363055
11228,7.762171521333922
11229,4.930604462406169
11230,3.8267911578591756
11231,3.1891300501091964
11232,5.491127644370525
11233,6.274546916180716
11234,2.239720881249056
11235,5.275867956229858
11236,6.237484954548724
11237,7.796414922095
11238,8.946197142628316
11239,8.9120504779172
11240,2.8590397707983213
11241,7.567201250675562
11242,7.958703320035408
11243,3.941223556480458
11244,3.622403466829069
11245,7.205352126338381
11246,6.497722820553109
11247,4.397804432600056
11248,5.154779297340579
11249,7.31898481785293
11250,7.941913983667771
11251,5.97356521411734
11252,6.162147362527719
11253,1.9979759179585002
11254,7.458810644165627
11255,4.99096202209399
11256,4.951974317032909
11257,6.8841963819342675
11258,7.2870679180632845
11259,7.790139965821543
11260,6.432202244218206
11261,4.25492263438149
11262,8.321872068905941
11263,2.01679248290855
11264,6.87882726886053
11265,4.607629633806754
11266,6.951900665845984
11267,7.182722397455666
11268,6.705998952841849
11269,7.5430919433916745
11270,5.669919163072892
11271,7.7513897080863945
11272,5.289133893314882
11273,4.962018528033957
11274,6.580370052540923
11275,6.679633500237076
11276,6.49816226910854
11277,5.245672927270438
11278,6.757439954208629
11279,4.648774110983946
11280,5.633021357002379
11281,9.691034968505171
11282,3.613645275974987
11283,7.167267311269665
11284,6.525571444215302
11285,4.995341694839873
11286,7.250239239585136
11287,7.1788419828746415
11288,6.565995644433656
11289,4.0797222872926175
11290,7.627505243537354
11291,7.0135219382839615
11292,5.958536640903279
11293,3.5567445741281563
11294,1.5354716208413741
11295,6.787941501562939
11296,3.7921691030775455
11297,7.579983729023413
11298,8.40594117827273
11299,4.954803391488505
11300,9.047221508600368
11301,8.43478892660903
11302,7.322602387403719
11303,6.975210549566116
11304,5.205367975298771
11305,6.902846840609459
11306,8.112622286906776
11307,5.938848559379414
11308,5.563888989041568
11309,7.201019294216442
11310,5.644240817054475
11311,3.0188833013592893
11312,6.599785007821508
11313,6.473681494678166
11314,8.965866772551987
11315,4.949608783085868
11316,4.390640157470364
11317,8.153245428019622
11318,5.911227748620713
11319,8.899970223285944
11320,5.491341039064431
11321,4.88974807128311
11322,2.2560150270900365
11323,5.042700570251242
11324,6.353473606626219
11325,4.320383188437649
11326,6.915491148445992
11327,7.400507513391164
11328,4.246018544563823
11329,6.907353257022738
11330,3.3929405885608284
11331,6.0410568583377975
11332,8.934748352216596
11333,2.3832896125074723
11334,4.268308681963114
11335,6.3466333298194195
11336,7.436990435454469
11337,8.100580670663131
11338,6.438624526662286
11339,6.606828170529116
11340,4.409731456224685
11341,3.5095716829227244
11342,7.0120325745074705
11343,5.564764707397338
11344,5.238538413423041
11345,7.376301845023011
11346,6.4548237971703495
11347,4.833988805359968
11348,3.48898436144461
11349,6.287722959692745
11350,3.397556907337613
11351,5.3771289676618155
11352,9.188131022303358
11353,9.164152972393182
11354,9.213122720056013
11355,5.735636213290844
11356,7.871532381156196
11357,8.40740362368505
11358,4.591285322837963
11359,3.812771988714419
11360,6.3401361704725385
11361,9.254760559410954
11362,5.882487233714425
11363,3.1697384644883426
11364,8.872097989660128
11365,9.023105463203544
11366,3.457642506550956
11367,5.794570120422586
11368,6.515653999555534
11369,5.01464726901217
11370,7.116874290488795
11371,4.984738794197089
11372,9.329107146860352
11373,8.265274450495404
11374,8.992062972359832
11375,7.0224287676309585
11376,6.112547506047001
11377,5.941337547875092
11378,7.170017851762767
11379,8.129225322676119
11380,4.090551392583731
11381,4.111765793270373
11382,3.1781683595045376
11383,6.4781873759061
11384,7.254430519804053
11385,8.16339562294936
11386,1.8523202924306474
11387,5.2436202458846175
11388,5.376699352706684
11389,5.760951860175195
11390,7.297678600405662
11391,6.928364414126422
11392,4.422165816479011
11393,5.1147544973561425
11394,5.6303969286282936
11395,3.8277991897818398
11396,5.933629114495655
11397,6.544960364005725
11398,7.755563419010395
11399,2.0993650311367844
11400,5.087064807648353
11401,7.086796225486829
11402,7.62165370275698
11403,4.950360822675869
11404,5.3462078573092935
11405,7.247445676613819
11406,7.249990465640554
11407,4.273859104227455
11408,4.489334035462187
11409,3.777430975996968
11410,7.703839277345901
11411,9.151021814848175
11412,3.477586859597509
11413,5.523036692294469
11414,6.0960690048244395
11415,5.12376631101611
11416,6.635205813510781
11417,6.3097642288071345
11418,8.212949852588107
11419,7.2728962102701695
11420,5.4129397013873035
11421,3.8689972654110667
11422,6.064101374500353
11423,3.4321522843451464
11424,7.610842738649548
11425,0.9876125082415514
11426,2.1788671927091037
11427,7.447013398421276
11428,8.613453119251401
11429,8.044337323123187
11430,3.894004127335723
11431,2.5849796992950287
11432,4.318025664690262
11433,6.087481259669385
11434,6.020413452381245
11435,3.3401187353094643
11436,7.20359861144125
11437,6.2515612835939365
11438,7.6395768812893055
11439,7.694463446350754
11440,3.6641134937780055
11441,4.691079361431108
11442,4.036546231561426
11443,4.949034726457567
11444,4.546397099279085
11445,8.81279593631458
11446,8.032729745464554
11447,2.2253542990791324
11448,6.088728645885744
11449,6.77233954717749
11450,6.369681120957988
11451,6.676162591586488
11452,3.2268918698906863
11453,7.895540479509566
11454,4.445362546963163
11455,5.795383317799889
11456,6.438957179016907
11457,6.56988669948916
11458,7.900802542050343
11459,8.881704659420048
11460,6.47884376393643
11461,6.069363117360472
11462,5.059049994074156
11463,4.899250606174141
11464,5.985159876142052
11465,6.332756586166273
11466,7.899102942837142
11467,7.107161624436633
11468,5.065940405216338
11469,5.932326949710692
11470,5.024166310496916
11471,8.053020332239827
11472,6.651727992835364
11473,4.027895228025601
11474,5.2280258838699405
11475,6.969211797926853
11476,5.023346998419281
11477,4.227087093448528
11478,6.0502068096242345
11479,6.261350170786769
11480,7.519776312488127
11481,6.006456876861744
11482,6.941363418301104
11483,8.296858487781309
11484,7.252098151658018
11485,7.6147823034266136
11486,6.701811746243566
11487,2.3181530232473637
11488,5.821851849972372
11489,7.5504962375393525
11490,6.434320736852929
11491,2.923582462221882
11492,7.313949590997528
11493,4.564588800058161
11494,4.774808935712525
11495,4.733491793689021
11496,6.215065722982761
11497,5.763686741086698
11498,5.248416488864388
11499,6.0109148596175075
11500,2.1920426979146814
11501,4.522149625494251
11502,5.435475470233024
11503,3.6060705376141664
11504,4.6609199975568245
11505,3.0438044845183647
11506,8.522502759376032
11507,1.163829462020786
11508,6.2014178553347445
11509,7.107104738878807
11510,7.912234490517632
11511,6.399164258656398
11512,7.7913952208242065
11513,9.848473633534448
11514,4.886599570584573
11515,6.123351891143272
11516,3.84829133209989
11517,2.470440533705212
11518,6.232306684681112
11519,6.164939713875428
11520,8.435565501582898
11521,8.80866347113957
11522,4.759890247751688
11523,4.525122005617488
11524,6.918932045921922
11525,5.344414124113986
11526,6.326513456094853
11527,4.417059885173169
11528,6.53652944146101
11529,2.3307898712731374
11530,7.086064664040068
11531,5.670249248053414
11532,6.979399544095509
11533,2.6774328503015052
11534,3.561851009362583
11535,5.605490992268959
11536,4.555081317806477
11537,6.041464378301842
11538,7.445851301192123
11539,7.100970850425922
11540,6.39462259649056
11541,5.127352305422835
11542,7.982413178864918
11543,5.74172909217557
11544,4.9546704408629445
11545,1.7741982575292317
11546,6.6473847043209835
11547,6.175506068135025
11548,7.551131838853337
11549,5.256177916035468
11550,5.462182497807851
11551,6.320031705441872
11552,8.057969760261741
11553,6.501081037953183
11554,4.445124112350973
11555,3.904131767600854
11556,5.15511362934072
11557,6.192281457629098
11558,6.567028701176531
11559,6.655593543896778
11560,6.381581148748397
11561,2.431930764860513
11562,2.884329141908924
11563,2.3711767226625033
11564,5.554211159604097
11565,5.570744438237496
11566,8.587060074892733
11567,5.357008546668897
11568,7.450220831099602
11569,3.695632962221575
11570,7.123126903714002
11571,7.893145927520306
11572,6.311652993543167
11573,6.531786874310388
11574,5.334781565426452
11575,7.754807460838796
11576,7.567788270102277
11577,6.062908840998547
11578,7.376103197596992
11579,6.318730532723398
11580,3.212205867191451
11581,5.999782547274509
11582,6.076184092172091
11583,6.7556141087547426
11584,6.47687553678168
11585,2.8845062469527063
11586,4.94425463122941
11587,4.300487614554908
11588,7.850357627837635
11589,8.762171094287146
11590,5.383842171420093
11591,6.71513854669391
11592,2.3736699111292023
11593,1.9412124590947648
11594,6.10223214432196
11595,7.543834179781078
11596,3.7950100021405238
11597,5.071374031007283
11598,7.049200698433703
11599,5.095984760601572
11600,2.7092293496085933
11601,5.26485164768336
11602,4.001375925189878
11603,6.343016276292482
11604,6.980005947891518
11605,7.515476192305868
11606,8.722409489399952
11607,4.613813708382869
11608,4.1104773240993255
11609,6.582322494597667
11610,6.457865093696567
11611,4.348294371592363
11612,7.578719901185771
11613,8.6880318142493
11614,5.337496410654214
11615,7.752290447248785
11616,8.0317543752867
11617,5.410485905229171
11618,7.176723040116236
11619,4.375600246601419
11620,5.47432810740302
11621,7.68786334158189
11622,6.779871080905475
11623,5.266229314158284
11624,7.533822286855595
11625,6.400988207430532
11626,6.964586147171936
11627,1.341229457149369
11628,5.949941984670362
11629,7.4677590568951695
11630,7.031004713146048
11631,6.760088879202567
11632,1.5440699951849486
11633,3.1111919525698406
11634,8.574958284869133
11635,5.670938110215939
11636,4.712912910377713
11637,5.979861289739666
11638,5.812413781508183
11639,8.23027406579847
11640,6.054047800251789
11641,4.293835974315044
11642,10.033887570179184
11643,6.566126119367803
11644,5.718517064818507
11645,4.9495148927221955
11646,3.7714972525668413
11647,4.7827833341140344
11648,2.8130280829234797
11649,7.644624257983408
11650,5.9307887116733875
11651,4.559074348846762
11652,5.338964439975364
11653,4.433868374252398
11654,6.688846919592622
11655,9.07294623067919
11656,6.874830696124016
11657,4.914433241952718
11658,7.341926605764998
11659,6.8112784404447
11660,7.509102066572384
11661,7.15447407139325
11662,6.07387601661137
11663,7.9331274155449485
11664,7.261652140548396
11665,8.227651556425677
11666,6.757212574995867
11667,7.777878524504541
11668,6.258215195139856
11669,8.179268186751784
11670,3.799103327204984
11671,5.094834861602472
11672,3.968334896656579
11673,8.326858025775891
11674,6.643403341766929
11675,4.660041768723996
11676,7.897974502080039
11677,3.6544557929551016
11678,3.1887312387750297
11679,2.1818613281545036
11680,3.9368561243800198
11681,5.368803360400093
11682,6.1067947551831026
11683,8.927410357034704
11684,3.6587380949560298
11685,3.9839008879856106
11686,3.869124640185254
11687,4.297629378714117
11688,9.727229786009843
11689,7.9934913251166275
11690,3.170506277714063
11691,5.621827503624017
11692,3.4835323967519365
11693,9.353118982230754
11694,8.095984055655588
11695,4.9567381324454445
11696,1.8388889517806537
11697,6.069545625829134
11698,9.373314422673573
11699,3.1049168809790038
11700,7.035981859630735
11701,1.2105351718175779
11702,2.4858559993482494
11703,7.26814927060328
11704,8.161993503549265
11705,3.2971805583346274
11706,5.4818908684181755
11707,7.431913979365188
11708,6.905764301522374
11709,6.359533377049909
11710,6.8472447909391345
11711,4.1452114401623845
11712,7.728229013656197
11713,1.7103300189001196
11714,8.171953114555647
11715,5.927357679865514
11716,5.4236337113254125
11717,9.438174206766533
11718,2.9489836378149743
11719,8.812982262165768
11720,7.819598792570787
11721,7.032033233912454
11722,1.2892944629787975
11723,7.2934132178258775
11724,9.193979969676505
11725,5.576934578625856
11726,2.4326269614910365
11727,8.43592332791605
11728,6.614403476425044
11729,6.4349630710304435
11730,4.016225510424565
11731,5.807821862914958
11732,5.090268051348037
11733,7.484033243249148
11734,5.451572155239953
11735,4.921598639268687
11736,2.163666236030972
11737,7.396219811478345
11738,7.716694544014662
11739,5.870361230364402
11740,4.222333319512595
11741,3.4989557646626355
11742,5.193453090728609
11743,3.1557572921596186
11744,6.743662870353928
11745,6.489688396436497
11746,2.435614830354531
11747,8.022513231595434
11748,1.7994384831368202
11749,5.030747986497688
11750,8.523001558289796
11751,5.805855916101468
11752,7.456336104936974
11753,5.062082417295268
11754,7.7829965518422135
11755,8.488088603985183
11756,2.489674928796218
11757,5.4547114611870064
11758,6.380540786349103
11759,6.000716183851871
11760,4.530439358199495
11761,7.574165377702292
11762,3.9262803585927326
11763,6.504029273559239
11764,9.79871565526967
11765,5.323996800401952
11766,6.074325071298095
11767,7.0689569462562
11768,4.8328517406920835
11769,7.375379653729318
11770,6.7385692971781275
11771,1.7800667002005541
11772,6.453698020564661
11773,6.290650511074745
11774,5.715925429659165
11775,5.38776795137926
11776,6.6318888342938305
11777,3.344086258439237
11778,7.34479739120999
11779,7.707243337890273
11780,6.178256058861841
11781,7.979847925447301
11782,4.317301877141006
11783,6.5741594146852895
11784,6.641473458748842
11785,8.37801118984504
11786,8.871615472733414
11787,4.893093784458152
11788,6.981107925298879
11789,4.847495000799556
11790,6.402613240784711
11791,4.126534555849256
11792,9.605906227268326
11793,6.0690136718940675
11794,8.125998600538757
11795,8.575596170331844
11796,5.185348666780679
11797,8.593625071314307
11798,6.799659919774835
11799,3.431869304456482
11800,3.8850489039590688
11801,7.1453794258479215
11802,3.2666961085177384
11803,7.927358974320954
11804,5.6034793757582495
11805,6.717816717020289
11806,4.9881922841928645
11807,7.894556246913101
11808,7.3539931978360515
11809,4.450511194034023
11810,8.336247697700701
11811,5.712126187338316
11812,4.8800998166477365
11813,5.800742127885959
11814,6.503747148959691
11815,5.933870682301933
11816,6.265279419858912
11817,4.225763588459434
11818,3.7450376090681843
11819,5.27110212475788
11820,7.104902326198649
11821,2.9944179128048587
11822,4.409518335216379
11823,4.776588495630932
11824,7.939664394618681
11825,9.823109627804065
11826,7.12417972188929
11827,6.30687835783429
11828,3.5507179466371808
11829,5.751399072592441
11830,2.8032979516239234
11831,3.257045473939802
11832,3.7162381759999263
11833,5.1469725945606015
11834,2.800669781169024
11835,7.336560084333792
11836,5.248504205852458
11837,4.49775172427165
11838,5.490816136903378
11839,5.291702459142951
11840,6.704685644561914
11841,4.446616768522513
11842,2.8161957489970946
11843,6.30735717799579
11844,6.7564204138340935
11845,4.361272112416465
11846,9.11524195282067
11847,8.278151098413623
11848,8.113507339974253
11849,3.4903818869317633
11850,3.867681920079387
11851,9.148038760402002
11852,6.87092118961956
11853,8.221066238998832
11854,5.423609601343948
11855,6.412673906040897
11856,7.327264757406506
11857,8.011437684470165
11858,7.153986329340653
11859,6.238134127814725
11860,7.4069675028402715
11861,3.635502248693782
11862,6.8516314352948795
11863,5.779201978553809
11864,6.186404671164181
11865,5.4129436162697475
11866,2.926593191773243
11867,5.59818767417695
11868,5.492196292758172
11869,2.545005431519649
11870,3.2523342749268553
11871,7.048651502368513
11872,8.939711514483127
11873,5.301697400309559
11874,6.817107533954577
11875,4.64491317435695
11876,9.532656509228289
11877,4.658408473812571
11878,10.011938803297431
11879,8.501207041121404
11880,2.843796639648546
11881,4.713812747680676
11882,3.4031703000974085
11883,3.142503746830842
11884,5.558561883485014
11885,3.810644019775245
11886,6.203740702325721
11887,4.972113008446823
11888,1.9979636644913599
11889,7.305154856855953
11890,4.830572736662481
11891,8.339723907193397
11892,1.5903982958316316
11893,6.272562327504133
11894,3.759033563168946
11895,7.459849466901644
11896,6.5035604266309575
11897,5.762289506451064
11898,3.84480905122289
11899,6.937350773391328
11900,7.676225615779487
11901,7.045778552114747
11902,9.295476959488544
11903,5.022927537094991
11904,6.971983086507871
11905,6.557461198107236
11906,5.895293507784252
11907,4.69139958518579
11908,9.078152484385404
11909,7.203502505962267
11910,8.559207078692967
11911,4.893841571582842
11912,5.902917210305425
11913,3.1986952455241635
11914,5.099260418515495
11915,7.093164065028159
11916,5.963674878124808
11917,5.620357501608189
11918,7.061259081664907
11919,5.372278459775949
11920,8.743177825025155
11921,8.088686167857857
11922,5.926559768967652
11923,6.017919019098613
11924,4.241950628532314
11925,4.513851311184563
11926,7.849515699437006
11927,3.744881081488398
11928,6.416471985611509
11929,6.769290207124569
11930,6.113796347767584
11931,7.658051628881063
11932,6.90437728148857
11933,9.766902262691316
11934,4.915240631870244
11935,3.410693827418872
11936,4.073791176353849
11937,7.381266411455406
11938,6.1114583541593435
11939,7.130336977542258
11940,2.495736740745619
11941,5.572607081107569
11942,6.091495575757665
11943,5.547724394865638
11944,2.179631039692854
11945,9.307471797749717
11946,7.741599858644496
11947,3.2637250323327507
11948,6.149276788865769
11949,3.619201657415035
11950,4.101141621056925
11951,6.452572105522289
11952,7.500346970631736
11953,6.247802342464627
11954,7.705951746228086
11955,9.853985065009232
11956,4.570977351400156
11957,5.4399337666051215
11958,5.024600772700405
11959,7.167278719481508
11960,4.119055204373881
11961,7.060701300118684
11962,6.777361789073623
11963,9.847320082215171
11964,6.959139364762578
11965,5.439409073286247
11966,8.372933097595679
11967,5.957354648899217
11968,8.081273010222501
11969,6.38860260950983
11970,4.808994297185993
11971,3.5649274298617435
11972,4.191388436360089
11973,7.444361435955133
11974,6.531512591349192
11975,4.001592764772279
11976,7.757433988496346
11977,4.53446539766421
11978,2.132753465386421
11979,5.856075587045161
11980,3.9132683913283617
11981,9.378928319216739
11982,7.431557074846177
11983,5.6639312536529
11984,6.683933019278299
11985,9.251747664140911
11986,5.070136036297726
11987,6.901566795517149
11988,5.291964002049124
11989,6.757630070501477
11990,7.59449673108881
11991,6.2932762150812644
11992,4.709772276399326
11993,3.8349156635541055
11994,9.328136806630019
11995,6.946015831856165
11996,3.788622850851213
11997,6.357237119002046
11998,4.573909667967449
11999,5.37005205641969
12000,8.728763687012831
12001,7.824388617088488
12002,5.391291819903256
12003,1.5460228402735645
12004,6.555500760319341
12005,4.503727363528871
12006,5.195166102652287
12007,8.997589142305024
12008,8.322348098602639
12009,6.342837186461102
12010,4.466412311960499
12011,4.196636952040217
12012,3.3470564373738045
12013,5.085097464172164
12014,6.748800091996253
12015,4.071373170038373
12016,8.071801425852838
12017,3.786998052159993
12018,4.467865959549604
12019,5.082443261326906
12020,5.243569452493185
12021,2.856079866631749
12022,5.061641478013307
12023,4.001139523518726
12024,5.422406895246552
12025,5.2231617607919
12026,4.203495824424023
12027,4.812415160772785
12028,6.4430079510369085
12029,4.206411217074343
12030,9.288588798291414
12031,5.080154851119922
12032,5.361306179728739
12033,8.23987850996862
12034,7.866913896626961
12035,9.74371637555907
12036,6.735113111220645
12037,7.519426616273316
12038,9.498699019636359
12039,3.0161316750126383
12040,7.6515995061791395
12041,6.948482497696676
12042,7.308720587223496
12043,2.750670411890984
12044,5.052179975661952
12045,6.4056182765626435
12046,6.7022502951045615
12047,4.2611730617781625
12048,6.189716042067182
12049,8.232468506155934
12050,6.831254312132847
12051,7.614489378076335
12052,8.736841763171531
12053,6.8850660074291214
12054,6.3058757498688305
12055,7.637299377427134
12056,8.791917958374016
12057,8.888653066395381
12058,7.002831634222959
12059,3.82160694972586
12060,9.693728581206527
12061,7.92805913418145
12062,5.626193328337926
12063,6.536919976582908
12064,7.78957390465764
12065,7.765279407527357
12066,5.338027722467334
12067,9.646810932801145
12068,5.126374426896195
12069,5.964289982912804
12070,8.447856614583092
12071,7.166156661071943
12072,6.643791932125426
12073,3.4839038073409228
12074,5.809460927489889
12075,8.517444395833673
12076,6.472221895428674
12077,2.9168094822730755
12078,4.034591435699627
12079,5.514448045249553
12080,6.495623541488624
12081,4.389781123559652
12082,2.158158974870173
12083,5.022047480689845
12084,6.782727771530161
12085,6.316224342991162
12086,6.714345424554308
12087,7.808822076852225
12088,7.070779893686968
12089,6.32553796136695
12090,5.3426729470914465
12091,3.3644965623135628
12092,6.2687855311836405
12093,5.787020467598545
12094,4.921701638341961
12095,1.834512949332511
12096,6.391209317982865
12097,3.6470803745771185
12098,6.270519345302738
12099,5.953514481132626
12100,4.373567723045488
12101,7.860373594671861
12102,8.637687075992595
12103,6.083572136666245
12104,6.0496139436792635
12105,8.38655097189663
12106,5.427740106827447
12107,8.14392454682658
12108,5.692780853500265
12109,6.791752926399835
12110,6.673446369416674
12111,6.082443911704431
12112,6.2425763114428
12113,5.979302965913668
12114,7.5500198865612
12115,7.111357967780018
12116,7.186504490945501
12117,5.936949108716078
12118,5.334864312833774
12119,7.010052328595459
12120,5.858012376292327
12121,3.954919143270053
12122,5.252767892953788
12123,9.88649963770623
12124,5.801882337096176
12125,8.049986620187962
12126,9.06876960192982
12127,7.329436530518561
12128,7.638225800740646
12129,6.8018322373052555
12130,5.588388577937532
12131,7.707438071429888
12132,4.798460107158449
12133,5.894296952078555
12134,6.22498354506365
12135,4.669459349938334
12136,4.3054338821619424
12137,1.3009987779696488
12138,2.730744634125271
12139,3.308417520948934
12140,3.6370003398741573
12141,9.317644823639377
12142,8.721226201131934
12143,7.443820573709769
12144,4.640149810590036
12145,8.417424230734444
12146,8.997305090774708
12147,7.593427238358558
12148,7.8509158192972945
12149,5.776775396382421
12150,2.6023908272880707
12151,7.962417704017184
12152,7.927077236226215
12153,8.768794760924983
12154,6.872260851745897
12155,6.292187576870846
12156,9.26359313310324
12157,4.274828920384938
12158,7.218537959240112
12159,8.573787785676783
12160,9.224523253454644
12161,2.4492336461640565
12162,2.744720499590989
12163,7.5966502803512945
12164,6.305154491932073
12165,7.938392496726991
12166,7.90800964529066
12167,6.124527410486696
12168,7.114303229423409
12169,3.4824676169152395
12170,6.665255192629657
12171,5.948449383970803
12172,5.795539164326116
12173,1.637291273292689
12174,2.6853892594559805
12175,5.8861070226205
12176,7.621215364953446
12177,9.7507030632406
12178,4.754229415629403
12179,7.346399935799306
12180,9.239933573773286
12181,3.5178282381220227
12182,6.860633908559324
12183,2.6097974078381734
12184,7.663124219496696
12185,6.471768614540848
12186,4.123868611942085
12187,7.572535735133803
12188,4.504772647831493
12189,4.858739699447332
12190,1.8632911084326438
12191,7.284775022096347
12192,7.886387424353652
12193,8.376222506630471
12194,6.6119236547091615
12195,8.164491559290573
12196,6.346560200411004
12197,6.925274670341943
12198,8.583909933046764
12199,2.8225884425490615
12200,5.405086553867456
12201,4.562214728302252
12202,2.2373702264484567
12203,2.528028695392268
12204,6.254384899879055
12205,4.372819214465921
12206,4.904540723687786
12207,6.0911165270244805
12208,3.0348949239407563
12209,5.467155784972361
12210,5.147316152606573
12211,5.1537951261230335
12212,8.216725354956392
12213,5.908710073296784
12214,4.345033285600491
12215,4.005833308895655
12216,7.559578464800455
12217,5.0180695966773
12218,5.978681022935888
12219,5.1762195627087415
12220,8.451695016932485
12221,5.1392129792323376
12222,3.4804739689247737
12223,8.153900290464676
12224,4.5711417800563225
12225,6.3127977336156675
12226,7.648399261941964
12227,8.508424917683989
12228,4.617441360672656
12229,8.03535223855441
12230,7.296564163037696
12231,7.974529535149772
12232,4.702495558743994
12233,8.172321445612491
12234,5.571329393105226
12235,5.860523122633455
12236,8.760386285159822
12237,6.692516907766912
12238,9.234625349721997
12239,3.9667521222764446
12240,8.433066741848243
12241,3.116600680756222
12242,7.684880582383603
12243,6.11170258110163
12244,6.342946888493927
12245,3.541486007381786
12246,3.556700712588101
12247,6.562815146665524
12248,3.470488751646175
12249,7.4769125285116536
12250,5.697585361776527
12251,9.224550473431322
12252,4.051426281774202
12253,9.041774153747516
12254,6.800938620179669
12255,7.677593068542177
12256,3.728862030181988
12257,6.093845348906697
12258,5.042518688531231
12259,3.5165086627434023
12260,2.626025873938646
12261,4.159024870236608
12262,8.288329210008628
12263,6.158343787391733
12264,5.285720411698927
12265,6.367404588206595
12266,4.955523979614773
12267,5.533959955851908
12268,4.728971317313483
12269,6.908840636374892
12270,6.632856603863201
12271,3.1723211657531865
12272,3.8728089296405415
12273,5.441639934004581
12274,5.353929751899422
12275,8.607341910201061
12276,6.2839885296905456
12277,7.080851036716753
12278,4.054679001026555
12279,6.728404345139893
12280,6.255474807733815
12281,6.390436979818527
12282,9.041136136396975
12283,4.346468242154145
12284,5.549194064843011
12285,7.509680311867371
12286,8.019752012629857
12287,4.744961394682913
12288,7.7785814188769
12289,4.1619910197323735
12290,4.192719807235506
12291,5.173554892215755
12292,5.245180786853652
12293,7.281978059237792
12294,5.908130851445354
12295,3.2076302831758055
12296,4.248130693694
12297,3.9160355087980347
12298,8.188657585718857
12299,4.114466351189327
12300,3.8231602533058417
12301,6.75664276257325
12302,2.403903649247445
12303,2.2156232576959556
12304,4.092025975545868
12305,3.7733406022432026
12306,6.409359748252935
12307,9.106992628601187
12308,4.665085328085526
12309,5.227888008746212
12310,7.227778400377396
12311,5.455038125992181
12312,4.935124486077037
12313,8.125838731228642
12314,6.627083230275716
12315,3.928495797029794
12316,7.7850912565590935
12317,5.607128249965912
12318,4.183752108170695
12319,5.334930535968085
12320,6.0755407800287
12321,6.652405044620478
12322,5.6668411350419285
12323,7.515751123321951
12324,4.48566470983681
12325,8.023343870354763
12326,4.088461236532442
12327,9.308261402677921
12328,4.842765584484771
12329,6.709274909976801
12330,8.575219973235415
12331,3.989847464013035
12332,6.022143203466351
12333,6.840380978490438
12334,7.825777416791702
12335,6.427488247481792
12336,6.033481856501114
12337,2.959330022598856
12338,5.848912157476336
12339,6.671171055117368
12340,6.39526418113261
12341,7.1791049561493026
12342,7.101371087298792
12343,10.06724002962189
12344,3.148256669725723
12345,2.0553062323541997
12346,4.961866583184376
12347,4.10592630369709
12348,7.551903608258866
12349,6.998335460469121
12350,8.900090179598728
12351,8.890234497335467
12352,6.4086531035369925
12353,5.297639403977583
12354,6.857701600189076
12355,6.6122600170365
12356,8.745401646012485
12357,3.6896253439842925
12358,6.56605933111783
12359,4.7864252791198165
12360,4.593636985815135
12361,5.9741421385819615
12362,4.763681418054315
12363,6.867472767514725
12364,4.7035600758992935
12365,7.949731760667458
12366,8.36934940580438
12367,3.7089548893034427
12368,4.532518138529951
12369,8.982999245398751
12370,4.972473991016159
12371,5.460097692857142
12372,5.650546438909502
12373,5.881955384530299
12374,6.743407436435817
12375,7.604335435542413
12376,8.789825732624461
12377,9.369798162201489
12378,8.847688355160791
12379,6.448495866120848
12380,8.265717563134784
12381,4.226017108149649
12382,4.837739932732487
12383,5.778485428765251
12384,1.0694907019031237
12385,4.333723323649566
12386,5.250998748845978
12387,3.852865281008579
12388,3.119455633904769
12389,6.881496461248373
12390,4.298466353273412
12391,4.840565707728342
12392,7.348219718583058
12393,5.16392770041099
12394,3.02583209314803
12395,6.226431878323484
12396,8.736677205104504
12397,7.099453117156928
12398,6.688149159314779
12399,4.7606687369060525
12400,8.213666730813532
12401,3.585033461647556
12402,6.977040590438296
12403,6.125519381698944
12404,5.7876974968659765
12405,3.934570622428942
12406,6.0393220753572905
12407,4.809093847611301
12408,3.7870264972863863
12409,6.127472873843056
12410,4.419922806192086
12411,5.384121694732261
12412,8.867688559185282
12413,8.553475705652096
12414,5.8914560258606095
12415,6.176655661846446
12416,4.245668197601307
12417,1.059753176438934
12418,6.157125393102824
12419,8.835408657125944
12420,4.82544743303724
12421,7.3422817148614605
12422,4.8654936077227156
12423,8.261928905368462
12424,3.2839654499257414
12425,6.546032312343111
12426,3.295381925004183
12427,7.949681735472191
12428,7.543001397336231
12429,4.769922786230781
12430,7.7969643856149675
12431,4.010079096928363
12432,6.032929299640034
12433,6.431316476191279
12434,8.901641412034195
12435,7.956783131731987
12436,5.189908241893988
12437,9.98300897891608
12438,5.518501693127161
12439,6.182455846912986
12440,9.317757389580535
12441,6.954248754553756
12442,4.372791251359953
12443,8.296099473703771
12444,6.290272556152737
12445,6.493481195955281
12446,5.3502867369129525
12447,6.833961996013839
12448,5.959523113071969
12449,6.499261440561439
12450,8.538635950075054
12451,9.178588092211827
12452,5.699564225987391
12453,7.45090319725072
12454,6.840356564678501
12455,5.086984863525581
12456,4.638883653676952
12457,8.30153002597315
12458,5.87573589426452
12459,0.4239528034278865
12460,5.989375917466027
12461,9.338549809893863
12462,6.027320393636503
12463,4.375833885938017
12464,7.243812085854533
12465,7.154228804117001
12466,5.3101458455559145
12467,7.733932416911952
12468,7.649199333744102
12469,8.20282594198675
12470,6.320816827700382
12471,5.338032370878402
12472,5.381869988961795
12473,5.563749070300985
12474,7.805224657828164
12475,3.4384821116332365
12476,1.5512826657279157
12477,8.546957327838351
12478,9.246218509180036
12479,5.510227711158649
12480,7.667990938096608
12481,4.78368315160006
12482,9.635250336009065
12483,6.441628440551246
12484,4.9474473322909365
12485,5.109169407926872
12486,6.247412882219436
12487,6.678496018550449
12488,6.362187456584414
12489,5.350526788700048
12490,6.954198197467745
12491,4.822552126517956
12492,6.224423207550724
12493,5.615246183292644
12494,7.401474111867425
12495,6.029042622164027
12496,8.334259099525818
12497,7.5251213134191985
12498,8.493072559990477
12499,1.622061604273107
12500,3.2427575224374525
12501,3.7941781960358933
12502,6.630641698908741
12503,5.488821141244976
12504,3.8893364777165673
12505,4.93965917690946
12506,1.0160677785641339
12507,7.391503325657682
12508,8.226934106773543
12509,5.103457236707663
12510,6.956203453975232
12511,5.531328235376739
12512,9.237367718676797
12513,6.190569784271527
12514,5.711925334300439
12515,5.802023658984039
12516,4.197477745894059
12517,4.463464354172523
12518,5.590895744836635
12519,5.923360427464944
12520,7.913246027972061
12521,5.028192967573224
12522,6.374994968336305
12523,4.123356734666313
12524,6.454530151050839
12525,2.348414966940955
12526,3.8239701854419437
12527,6.8994127551029445
12528,6.638702597447716
12529,5.701942096259517
12530,8.605444352118464
12531,6.155223356816426
12532,4.53491282734325
12533,6.188063161630901
12534,3.9973927389553596
12535,6.928483126947858
12536,4.209066549683263
12537,4.6970641752455204
12538,3.42203934231375
12539,5.182127372336404
12540,8.467993101242955
12541,6.861779592341645
12542,8.639267286817457
12543,5.543538588943392
12544,9.436031757701638
12545,6.301610357671149
12546,6.517116018804771
12547,7.265140650720024
12548,8.158408007698423
12549,5.841849652994707
12550,5.44381014699342
12551,1.6069502884302378
12552,4.893720014703069
12553,7.226084767804014
12554,1.8740223881668099
12555,9.858871626592098
12556,8.38782110296194
12557,8.38218763482135
12558,3.4858117497349244
12559,5.6135044838108525
12560,5.253222865175588
12561,8.641531553431347
12562,6.462123146778814
12563,3.384176521355221
12564,7.792843169236519
12565,6.794860480322235
12566,6.251828179194074
12567,3.6959087462060314
12568,6.086941534799021
12569,6.197658794427989
12570,6.286316553724216
12571,8.469543777841556
12572,5.143879890584181
12573,2.8771364561278365
12574,6.875710818192992
12575,5.859120347666566
12576,2.625937271931508
12577,5.546726512762859
12578,5.939461969700461
12579,6.378890402073853
12580,6.273466750249728
12581,5.667118556990977
12582,4.247029442026648
12583,5.788466893795974
12584,7.732100221663853
12585,4.127453181140373
12586,7.305613183406649
12587,8.05482653159122
12588,2.1423182022757747
12589,3.28557704969685
12590,8.809712198150628
12591,7.24938558839261
12592,6.31709253899346
12593,6.696819135233049
12594,2.768924515419954
12595,7.001150638692419
12596,7.888425250106477
12597,7.177242959748456
12598,4.68752263690542
12599,6.437744741423562
12600,4.408018050749023
12601,5.896342703701777
12602,5.617026662496166
12603,8.631241511416157
12604,9.359950523727317
12605,9.558380612783665
12606,6.1870574830591565
12607,4.483509165631755
12608,7.020509354852129
12609,4.424638264800022
12610,4.904138636099216
12611,4.48651914986076
12612,5.721349220690415
12613,8.457893077230759
12614,6.487968255698604
12615,4.916083356790919
12616,8.265648182747862
12617,2.074515060419811
12618,5.102780747728459
12619,6.658220577018198
12620,8.291716928340843
12621,7.836922913839894
12622,5.532240533784052
12623,6.6367071913871705
12624,6.669220665522454
12625,7.2324882958759815
12626,6.155271718479374
12627,5.498671512213592
12628,7.7458886191379825
12629,8.21042673269454
12630,7.428253038374072
12631,6.07520793178664
12632,3.8661621481352397
12633,6.8024538941475585
12634,4.774060951796471
12635,4.840675502241306
12636,8.131364512069633
12637,7.6019711772419525
12638,4.366626503705307
12639,7.386238453632698
12640,4.308361803234809
12641,6.111823012880003
12642,5.694022732183446
12643,7.420024249735822
12644,3.0910471870324487
12645,6.049141612893657
12646,8.268039819429546
12647,6.971120039368601
12648,7.534476810636848
12649,4.470040472747202
12650,4.418168535697512
12651,4.885963187314534
12652,6.669309430748341
12653,5.993536058983206
12654,3.6407032533089128
12655,5.005126037930273
12656,4.656444482235214
12657,7.1680158606258
12658,8.070741921396104
12659,6.009089888836778
12660,6.15711766442192
12661,3.5636590533914667
12662,6.252884798769965
12663,5.705685363351574
12664,4.258811157568909
12665,8.605784702989832
12666,4.8836464339111805
12667,8.501327394600589
12668,5.353758734524674
12669,6.3440118276251525
12670,5.480812638532622
12671,7.861952901975401
12672,6.76810345936264
12673,2.8590378447600853
12674,8.694039953304511
12675,4.386557440205889
12676,8.001928557929189
12677,9.925509166885522
12678,9.088205988683177
12679,5.937367125633682
12680,6.697249779394715
12681,6.660771241645171
12682,7.464534282149708
12683,6.515202114995317
12684,6.891126857337758
12685,7.299108217291689
12686,7.433638972288508
12687,8.42372400387437
12688,6.072140605987393
12689,4.632657398088051
12690,8.9241438530824
12691,6.00435355445303
12692,8.170083771208576
12693,8.008234020310303
12694,5.525641142565515
12695,4.601578109874041
12696,4.648546260756891
12697,4.047027169950254
12698,8.09676270428309
12699,6.354216463063348
12700,8.164995332525324
12701,5.4249393721528145
12702,5.385486525487548
12703,5.871410383241505
12704,1.4496847352636955
12705,3.1259627017124467
12706,6.708421998977746
12707,2.545636299857633
12708,5.923110228503022
12709,8.04400376888417
12710,6.49756913878001
12711,2.0673540731299114
12712,5.209435463904518
12713,5.635129615245739
12714,4.117514652519593
12715,4.812354702448463
12716,7.625548363147747
12717,5.977465089863946
12718,5.134423563806215
12719,4.832882493664982
12720,6.2489659231603225
12721,8.834969640268248
12722,4.545133364600481
12723,6.367470362039677
12724,8.323468586795354
12725,6.4961995589887
12726,7.217028646131457
12727,4.793309274586782
12728,8.17665400781776
12729,3.7815636725177795
12730,7.444744927989115
12731,9.047028115120082
12732,5.458245680294317
12733,4.460775987340825
12734,6.753449451671352
12735,7.499047005364334
12736,5.960693569507988
12737,8.349306248950263
12738,8.066793149245557
12739,8.54366396617442
12740,5.104500499245766
12741,2.2085163014100972
12742,5.856220201514139
12743,8.643921930534725
12744,6.329703742436614
12745,8.835632269147899
12746,4.033001341779809
12747,5.654943791824431
12748,6.195510686842214
12749,4.269784525825138
12750,4.770515754891067
12751,3.8740097896525665
12752,7.0850450344735725
12753,7.739677979681819
12754,3.2157981952422974
12755,8.849601809568686
12756,7.200655639008543
12757,8.740763310540494
12758,5.350588782598004
12759,6.551077506584049
12760,8.306400752726864
12761,3.732622141316852
12762,8.741006035099357
12763,1.9353566093696388
12764,4.746559785419686
12765,7.001788122078484
12766,8.064985881379982
12767,5.330779181289719
12768,5.5822598359576645
12769,3.8866136778352223
12770,6.585755343165565
12771,6.603764142857605
12772,2.585017159799184
12773,1.6145874114947456
12774,7.764038685882091
12775,4.941832349628452
12776,5.327123832030646
12777,6.858680089654003
12778,8.128696420352938
12779,7.8536573682777995
12780,7.211365789054163
12781,3.630145135719189
12782,4.664491170490887
12783,6.941093711485589
12784,6.368211512474437
12785,4.390190295918634
12786,6.7864637549440054
12787,7.6134104439267585
12788,4.109672131560775
12789,4.482384247243831
12790,8.612261884280446
12791,6.266900710184982
12792,8.574927412413333
12793,7.1221285900357785
12794,6.728310379502388
12795,7.2478873483707
12796,8.20066701746435
12797,4.583368071359132
12798,7.5676546192985015
12799,6.1878410009955385
12800,3.244612899114889
12801,5.92831349675131
12802,8.846045188858492
12803,3.830771095194002
12804,5.376149058236323
12805,3.0077871837345995
12806,8.568217003017551
12807,4.519713436034808
12808,4.720497304431256
12809,4.74730525635707
12810,5.732638008146795
12811,7.630812740809397
12812,8.483447807973597
12813,7.679216728669336
12814,7.760536127292266
12815,7.413858436767577
12816,6.426812659932472
12817,5.16441027865797
12818,9.071964402847883
12819,4.779917961555334
12820,8.433014764642438
12821,3.076109546092561
12822,5.753263180913253
12823,4.998264518519748
12824,9.644306702721444
12825,9.402506962977068
12826,8.589607370613173
12827,6.40251743691416
12828,6.375692742702684
12829,6.216184618594951
12830,8.989540595465233
12831,6.228452576458138
12832,5.375082328834533
12833,7.688096716692473
12834,7.38935108801999
12835,6.43313576857726
12836,8.798858787721498
12837,5.014511364578739
12838,6.537394732816173
12839,4.250135523408481
12840,8.487175748827264
12841,5.150823484446773
12842,3.877953762416328
12843,6.908666612524803
12844,5.390287711904289
12845,2.044488596313969
12846,7.977584147800772
12847,4.124632192247783
12848,5.047703212724091
12849,7.456788276570378
12850,6.753422541924556
12851,4.7296022856138595
12852,5.616936318493215
12853,6.027255813640466
12854,2.9727863636886527
12855,5.791310606384837
12856,4.386586699689909
12857,4.523341414900701
12858,5.163153915641148
12859,4.86770456929921
12860,8.437157889818737
12861,7.040271549371192
12862,6.364902615376447
12863,8.912307605084196
12864,4.988514711071667
12865,6.356435781119719
12866,7.324384146927018
12867,4.353166316568913
12868,6.081991449820057
12869,8.80757242152964
12870,5.134861898768122
12871,7.021655257622918
12872,4.430561112347501
12873,7.886915270799188
12874,5.060633750427883
12875,1.859760045301114
12876,8.077340935821374
12877,4.697969435313577
12878,5.028306122819839
12879,8.977543504254509
12880,7.29216948306782
12881,9.415880473978728
12882,6.281468270102925
12883,7.781406489571404
12884,3.7963041999872407
12885,7.932561186194144
12886,8.372755435892433
12887,6.7009090676651235
12888,5.154493707511087
12889,8.363343453717482
12890,4.275918218216337
12891,8.419663178584283
12892,4.584912020649475
12893,6.795481531510435
12894,3.4783081056830794
12895,5.4783015345369765
12896,5.7548901943750925
12897,3.5000892695485994
12898,6.571411380612798
12899,8.22822499331566
12900,1.9909806066249103
12901,7.493310928455763
12902,6.418044777652321
12903,7.536864935423978
12904,4.809439131816978
12905,9.346693901335914
12906,6.750046843587119
12907,2.227247477734572
12908,6.497603538237929
12909,3.5908402349333453
12910,8.953395706669195
12911,5.771517353868492
12912,3.276400262343154
12913,6.866177883963301
12914,4.608135147775307
12915,5.249065439685293
12916,6.902889425259022
12917,7.785034651957256
12918,3.2096414350373497
12919,7.117782298557678
12920,6.27848444788325
12921,4.642043434523352
12922,6.805933415606059
12923,5.722500221059119
12924,6.8509513660869885
12925,2.357570234215353
12926,5.5265709955328886
12927,6.070089595702142
12928,6.569922775278863
12929,8.351515611770518
12930,4.03670702930118
12931,5.136857759068624
12932,8.290082134570328
12933,8.168094079827473
12934,4.578015227800403
12935,7.639554632199285
12936,4.728777092861335
12937,8.090413935524223
12938,8.219590105889457
12939,7.057086032236559
12940,9.611596183810189
12941,4.085908177413263
12942,3.7971514037062555
12943,8.881924124111531
12944,6.5162669178898405
12945,6.308313960365065
12946,6.908242924849413
12947,5.541357240257125
12948,4.792087480131519
12949,8.994957623097278
12950,6.566816084531476
12951,2.31322827665423
12952,5.734362093639657
12953,6.179816571600838
12954,8.864485960169656
12955,2.107515106324254
12956,5.320471442139863
12957,6.018733780751667
12958,8.726000766322262
12959,3.54090234806484
12960,2.242983379157127
12961,7.089585175459541
12962,5.372723722926681
12963,4.852617816528447
12964,7.752054946704898
12965,4.5129594850585555
12966,2.9190168746806187
12967,5.401309743684406
12968,5.047624123094882
12969,4.892596016961493
12970,6.212063911272596
12971,4.431135772409852
12972,5.5182582442293615
12973,7.014301819666286
12974,3.058805001042529
12975,5.449682805376847
12976,7.398031445846342
12977,3.1197000465925173
12978,8.346418975431737
12979,8.091350930954281
12980,4.863921716649049
12981,2.87866673358043
12982,9.703239234355767
12983,6.499842696889019
12984,4.8180405369737445
12985,2.849777376830247
12986,7.750878677427951
12987,8.19664637585062
12988,7.582579317453447
12989,4.250869222312785
12990,5.991434247657446
12991,4.285638465911031
12992,5.315286864297479
12993,3.953681818646953
12994,7.193324499772057
12995,6.584084418082837
12996,4.58566712467921
12997,7.028027989050136
12998,6.488882718786788
12999,6.051825643426476
13000,4.412132790482769
13001,7.690137136565098
13002,9.424603746634615
13003,4.841372922683713
13004,8.904837597586639
13005,1.2817156346256573
13006,3.8289447332887976
13007,5.240455734739793
13008,4.404662237408418
13009,8.612280842347788
13010,4.945459541506162
13011,7.383859864235576
13012,7.965889364172753
13013,5.227327558013458
13014,5.388340855091385
13015,6.2277500155004795
13016,6.787087189123803
13017,5.896498529647284
13018,2.70199050956562
13019,4.4475447558235
13020,4.830524570267211
13021,7.01370276302651
13022,9.012955463208739
13023,5.859639045738861
13024,5.20610666238116
13025,5.757337655993203
13026,5.377400297112543
13027,7.434140349772381
13028,7.773964688920525
13029,4.822730043584117
13030,5.006780729839169
13031,4.683960085310931
13032,3.22508329205842
13033,6.702460832688937
13034,4.316970116383432
13035,7.565494303463881
13036,7.18372984874797
13037,5.429797061690355
13038,7.117533148360891
13039,6.318072297833044
13040,5.102297616261644
13041,3.0766310999108915
13042,3.614267377468144
13043,1.659292890286879
13044,5.548344840291977
13045,4.8860261329553945
13046,5.092597484774417
13047,8.579831664738851
13048,7.634624277865052
13049,7.015306847991348
13050,8.29473606466808
13051,4.26886047179446
13052,6.69204687043196
13053,6.899543480857999
13054,8.801929695991268
13055,5.258564038752844
13056,3.645726435741778
13057,1.9888333288453306
13058,6.687845499302403
13059,5.978640352263438
13060,5.706413572705245
13061,4.347849250992953
13062,7.257544931153941
13063,9.2433698704757
13064,1.72116851472091
13065,4.474523586403318
13066,7.019570069691553
13067,9.105818450612144
13068,7.522969653860204
13069,7.377296155954036
13070,4.705142151913109
13071,4.759430117263736
13072,6.026495554272943
13073,6.433985348428383
13074,3.8003505845504195
13075,3.6188514859699867
13076,4.705887388710757
13077,5.870812992378831
13078,6.366938380640853
13079,4.173284243551164
13080,7.589114755140407
13081,5.84578312661289
13082,4.128413557117304
13083,3.3593968102318983
13084,5.075105609812765
13085,4.472120421785178
13086,5.873452299948955
13087,3.154993713925018
13088,3.336089999505451
13089,9.213847997534799
13090,7.782489791385757
13091,8.038931337517175
13092,7.53176215657354
13093,5.942360779391066
13094,3.0261717881822543
13095,5.506236816413726
13096,5.998805940141268
13097,3.885799718000409
13098,6.4626396927635685
13099,8.530098329954864
13100,4.260427380914305
13101,5.678864284654261
13102,1.500254832950979
13103,7.056471626382124
13104,6.769697137567043
13105,6.829171086587801
13106,6.261815642934001
13107,3.697885460857898
13108,8.57507955534638
13109,5.538104032407837
13110,4.628043149969143
13111,5.564136608583106
13112,7.542079528220551
13113,5.886012738092887
13114,8.600634938111584
13115,6.448870206071912
13116,8.263008802715664
13117,1.6837379126207987
13118,9.75851213734525
13119,6.412594716119972
13120,2.902285417344338
13121,5.5159233243882575
13122,6.85270138281164
13123,5.81122479955922
13124,4.1763058436393905
13125,5.293211547619775
13126,4.371950610650437
13127,2.2328764484721804
13128,7.752414176558572
13129,4.635784665701117
13130,7.365632074054058
13131,2.1717211530512
13132,5.837829937982211
13133,5.10635488143899
13134,7.272686168773508
13135,4.991476663768161
13136,2.3458665362805666
13137,7.0828664656045
13138,6.85067258337281
13139,4.916555701094229
13140,8.790320336345584
13141,6.648068454471201
13142,4.45494612366579
13143,8.209188073869472
13144,7.722127667166696
13145,6.093955853840129
13146,7.3060037508877125
13147,6.403359625896944
13148,6.436873139244145
13149,7.444464679231412
13150,3.818120044427746
13151,2.8795827526918236
13152,7.109469769263331
13153,3.7392318811958933
13154,4.345605152458006
13155,7.294799599285362
13156,4.827274047735031
13157,4.550968487157991
13158,4.978660934441043
13159,6.701657174543223
13160,5.717331405436571
13161,9.810828444759139
13162,8.124931461113512
13163,4.264128048859867
13164,7.5393418319513055
13165,3.847470167499287
13166,3.0827449665661386
13167,6.214581567555523
13168,4.007398441775279
13169,5.615751637121508
13170,7.615350879284998
13171,7.073351793618544
13172,6.261331033926458
13173,9.390656873956797
13174,6.578210925963563
13175,4.328105774739318
13176,5.720528372801242
13177,7.651107703772647
13178,3.402962691990921
13179,8.567106322581559
13180,4.606689039396891
13181,3.6703267710496554
13182,8.25921798600882
13183,5.765401445003947
13184,6.836491372034103
13185,7.3004103925505754
13186,7.835669463687278
13187,7.272192209446732
13188,4.418994691181157
13189,4.539665234228806
13190,5.802796902858233
13191,3.315964603946057
13192,8.51520201195388
13193,7.7229748535040725
13194,8.239155933940111
13195,6.119104859449803
13196,5.436582084902932
13197,6.233402191021529
13198,7.415727597984553
13199,6.327202081684902
13200,8.9691188180255
13201,2.645646789104428
13202,5.3056910024810255
13203,6.99571244918974
13204,4.525125600263133
13205,6.178333102752387
13206,4.222421381253276
13207,3.3889299973040377
13208,4.125697270533915
13209,2.523024462852773
13210,2.9481496989427227
13211,2.620131169511067
13212,6.898060558343225
13213,6.832551931534117
13214,4.98047685252275
13215,2.864863127631464
13216,6.108763572885478
13217,6.168483490721323
13218,8.014818651852783
13219,5.820189681155886
13220,6.4909422448715715
13221,6.33444590872868
13222,9.497615336432936
13223,4.798246342064657
13224,4.1194720130956455
13225,7.765911457152799
13226,5.949686236200954
13227,5.3941250031915455
13228,8.461353281456326
13229,9.096066550598623
13230,6.277090337808023
13231,4.236642692093506
13232,7.75508428665999
13233,0.4516451311880783
13234,5.306176594833598
13235,6.627728779003544
13236,6.436805078551344
13237,7.2496816852219075
13238,5.482000374589237
13239,5.16126246607807
13240,3.550463262043644
13241,7.781905512827144
13242,4.966224121221527
13243,6.975537677006561
13244,6.042910046632625
13245,4.967331746484462
13246,7.254396692926969
13247,8.255014618710264
13248,4.805221213475285
13249,4.694099612066018
13250,7.944782487867288
13251,5.3599077687268295
13252,7.716828367793014
13253,5.6157685110228215
13254,3.2457975193104076
13255,5.603678144269419
13256,6.727629921507041
13257,7.1087574742094635
13258,8.177965186341536
13259,5.241106452305482
13260,8.54353639486469
13261,9.434877514576165
13262,4.635720837678933
13263,6.474599982698386
13264,3.3136527689401465
13265,5.529278173332175
13266,6.3383249898513485
13267,4.075890417596318
13268,2.6401708236151302
13269,6.966003426850686
13270,7.594866118289144
13271,5.1094425300028785
13272,8.375298033743814
13273,7.899756030762317
13274,8.346256005593231
13275,8.071993910461625
13276,6.429694428104998
13277,6.988325982528432
13278,1.2499129698979665
13279,3.504007214243789
13280,5.248233346686399
13281,6.338303611056024
13282,5.5118216802815185
13283,5.313228686615236
13284,4.758079082672488
13285,7.185024264205758
13286,6.567558595524938
13287,6.9098487449719315
13288,5.197954216479923
13289,6.948195760523207
13290,8.613360093055809
13291,2.696970549670146
13292,4.849204983927305
13293,4.093370504397571
13294,6.808184537889544
13295,7.775718104797904
13296,5.81775088958593
13297,6.160578045047216
13298,8.194899261614305
13299,5.735513688841504
13300,6.236273070494332
13301,6.382121169484778
13302,4.661058648172849
13303,7.086160543757845
13304,6.039634381858713
13305,4.458533167175551
13306,5.854844461199128
13307,6.944314681241887
13308,4.487798951394585
13309,2.98053368066926
13310,3.0794539135615286
13311,5.5723878971975696
13312,0.8769267357682891
13313,5.4243347421077655
13314,7.655601204020767
13315,9.066692362591034
13316,4.678978079081288
13317,3.1837228565594033
13318,5.226520124088612
13319,5.669538062635771
13320,4.6640496247111605
13321,5.92896318057031
13322,7.228737568268078
13323,7.838298525992263
13324,6.937015333341222
13325,3.2208411495555387
13326,7.870346480408678
13327,7.11371126942488
13328,6.44029344172156
13329,7.434189089817494
13330,6.8393563261633
13331,5.8536252064811025
13332,2.0721566239634517
13333,5.258800005170411
13334,2.7278701858537753
13335,9.989694414840004
13336,1.7684542961957757
13337,6.907259146050677
13338,8.40448817724366
13339,8.74200485480712
13340,7.916493093106004
13341,9.141179844937897
13342,5.5820938532548645
13343,6.182600929185803
13344,2.6296868529194937
13345,3.404663156757733
13346,3.584772845153472
13347,8.790024336288887
13348,4.039464531017083
13349,2.8376707257749607
13350,3.320534575340889
13351,2.6693289694520796
13352,5.50582866096331
13353,8.10722866600693
13354,8.123588987760979
13355,2.9263177509846767
13356,7.137191179743546
13357,3.981625100318993
13358,8.05699935110179
13359,5.448348655540258
13360,8.161568045124833
13361,6.56092455038719
13362,4.196901261118418
13363,6.763117185348197
13364,5.188415702589515
13365,8.436768152441777
13366,8.322867626187202
13367,5.048551219521973
13368,5.478512844575013
13369,6.678386180469182
13370,4.41481130020717
13371,3.3459222007291736
13372,3.786842955303672
13373,8.053774794734077
13374,6.766182425223493
13375,4.1989637109591165
13376,5.001428000792233
13377,6.441675356278349
13378,8.769698041553209
13379,5.189154543709022
13380,2.3241420283316168
13381,8.713234389807798
13382,3.944857439779293
13383,7.404791127594204
13384,3.610386224823635
13385,7.637178100882905
13386,3.133609079913091
13387,2.5944449549887345
13388,6.160161435766096
13389,6.296708793806722
13390,8.529387908107713
13391,6.6040758673516615
13392,8.27744729267329
13393,5.245522488945669
13394,4.758302170045058
13395,8.970743611298008
13396,8.811334011955676
13397,8.021551733338264
13398,4.786913588044029
13399,6.974471986222548
13400,7.650955082083817
13401,6.220049574588389
13402,3.9122147102128837
13403,8.519992042069843
13404,5.882442969155271
13405,10.13339479065993
13406,4.105001684612741
13407,3.0488981611422723
13408,3.663020043613918
13409,7.3580141281329725
13410,9.23852684163538
13411,5.370630218159494
13412,6.107967134198131
13413,8.73694059800539
13414,5.50150056336336
13415,7.1239807002127336
13416,8.40134101239664
13417,5.920587085560523
13418,6.658105981754233
13419,7.153575323961754
13420,6.868345822490522
13421,4.96660665523174
13422,4.962564583657448
13423,6.469603847053481
13424,8.456314665908197
13425,6.5815325546388905
13426,5.631496004844416
13427,6.568707130840297
13428,5.3528299408980615
13429,4.134815271123469
13430,3.9128547972709207
13431,7.922695423253389
13432,7.655813491604399
13433,5.092679384575785
13434,5.804191564918443
13435,6.24274691950139
13436,8.747799786531111
13437,1.894096975890528
13438,2.8849457778208585
13439,9.966848722323292
13440,8.091751349447836
13441,4.278258496780604
13442,6.753428649627078
13443,5.754917611796958
13444,6.159408604396379
13445,6.732975070156881
13446,9.100485990188059
13447,2.1938365032636504
13448,2.8138306246110107
13449,5.555802323800487
13450,7.651926720472943
13451,5.622143573825044
13452,7.381355487376302
13453,4.991407848270363
13454,8.368990361024425
13455,4.9729891344337
13456,2.576740869479911
13457,8.098142818166352
13458,8.063181309143685
13459,7.328314749595714
13460,6.283940475592609
13461,4.420597026092441
13462,4.794541858611093
13463,2.897717386689036
13464,4.102193686827297
13465,1.4203553556299735
13466,7.908709519019057
13467,4.044442326484964
13468,6.894972500039864
13469,5.070891372720974
13470,6.197766685372706
13471,5.1707466686680625
13472,3.8492207977993966
13473,7.3524699907112705
13474,4.829379474857317
13475,7.463935102619058
13476,6.7225359095698725
13477,3.8457776726033
13478,3.1382203819927676
13479,5.184587664349922
13480,6.412802293222193
13481,4.735960140537529
13482,7.391581347820513
13483,7.558293298447382
13484,6.0308733969004695
13485,7.029595309195706
13486,5.645285240026556
13487,4.9642301122609185
13488,3.2753591162877536
13489,2.4914508441419034
13490,4.363271573309582
13491,6.0730751045983045
13492,6.236942340181104
13493,7.51575294127349
13494,4.079157503368399
13495,4.657861883072059
13496,4.85920096500909
13497,5.926130257294817
13498,6.419108430627804
13499,7.4241100469198065
13500,4.607863366746325
13501,6.70861953128216
13502,4.844506656447057
13503,7.0023376782247135
13504,8.317906964522205
13505,4.540138354807945
13506,9.155633040896738
13507,3.521744706800534
13508,3.4071705303808333
13509,8.254369827062813
13510,8.014513509341072
13511,4.085106330083089
13512,6.962028744409453
13513,2.4441549259312376
13514,8.452435061742786
13515,7.776781869006619
13516,4.306544761400079
13517,5.971606076436322
13518,8.83258006339037
13519,8.462728500995013
13520,5.865764412086605
13521,5.483152130030806
13522,4.339078692977786
13523,3.7254681142060386
13524,6.328902358496741
13525,5.979907163322544
13526,3.08077653341093
13527,4.172029306194811
13528,9.160841239247176
13529,7.196141131348503
13530,2.283802225949511
13531,6.636078537303268
13532,6.918231969247968
13533,2.659344486158887
13534,6.189287512679355
13535,3.0190808394073096
13536,5.066647279064565
13537,4.777549744852156
13538,6.252136291409101
13539,3.9289150768183627
13540,4.757570402976851
13541,8.69474897093439
13542,3.442309573056848
13543,5.217720929421025
13544,5.390374638653135
13545,7.779686069889616
13546,7.663549716724854
13547,8.245672736546496
13548,4.217969244141827
13549,2.5582406434241634
13550,4.8703696668588385
13551,7.542510308821954
13552,6.4898203543915525
13553,6.782683706155019
13554,4.442860541733231
13555,6.84111594602509
13556,6.453620420960149
13557,9.814694238503115
13558,6.8542527061916845
13559,9.09369112171775
13560,5.833184134760785
13561,4.367516498460326
13562,5.094647556591768
13563,6.744080294575236
13564,6.741732616143191
13565,6.347512880381446
13566,4.478311025036667
13567,5.484762827372865
13568,5.304149353543826
13569,2.6107637823104852
13570,5.1013995257083256
13571,6.405858161026515
13572,7.045560180459548
13573,7.371952774722416
13574,9.208461815149409
13575,7.748038899216729
13576,6.082263700142475
13577,8.983667022890097
13578,2.5241336656312034
13579,4.356502373770899
13580,3.8192196098216127
13581,5.9997370716698715
13582,4.639849437142086
13583,7.764944159950643
13584,7.1442255496844265
13585,8.401140068240922
13586,3.2077591815320563
13587,8.231400124255927
13588,1.3417632031048838
13589,8.468606488560521
13590,5.391557483337852
13591,6.0571282412856835
13592,8.797459660009403
13593,6.077384395733737
13594,5.473381346935938
13595,5.4942049009752845
13596,8.534477887897296
13597,5.062839507207895
13598,6.59568475574351
13599,1.5250230634640196
13600,8.480325240173569
13601,4.674227145988319
13602,9.24427835383916
13603,3.2315678416521667
13604,7.583296047989956
13605,8.15753360741071
13606,5.838554158915969
13607,4.686934602388923
13608,1.4896513580198074
13609,3.579011001600663
13610,6.218009036791442
13611,5.427678270856201
13612,9.636397819881775
13613,2.1247315807426053
13614,4.936471538070715
13615,4.612378694706017
13616,4.2874253471079316
13617,7.064951175445178
13618,7.943997578423236
13619,5.721422107741239
13620,3.5619010223461016
13621,1.7643739515982213
13622,6.082675085520874
13623,6.335156968380746
13624,9.997280182978344
13625,5.313988281506796
13626,6.20063282848508
13627,9.421673070891499
13628,4.97415506304755
13629,3.6756909853516984
13630,3.9484891340656887
13631,8.23436563850318
13632,5.08264818148396
13633,4.730938943075454
13634,6.8650288415050404
13635,3.906473040032246
13636,6.260197371866792
13637,7.253451888216263
13638,4.575699096864759
13639,5.109134238036312
13640,5.533423886776603
13641,7.488866677110309
13642,7.194191809700454
13643,7.147542544617325
13644,3.378213780891934
13645,3.9724584348922645
13646,9.214450118797965
13647,3.865113925041376
13648,9.074418266422462
13649,4.866689715171521
13650,5.473131512735473
13651,7.438438828574018
13652,6.564162576752071
13653,6.650353177169465
13654,5.637668228826224
13655,6.516920200222419
13656,4.553928776507776
13657,4.158960280097631
13658,2.934617493680338
13659,4.944191165744433
13660,7.6365176550692775
13661,7.565490249674363
13662,4.689789888117185
13663,4.967451777727173
13664,7.2135823680384545
13665,7.216922103116552
13666,6.667029449294306
13667,6.90458923990131
13668,7.060948113001171
13669,2.7410339122780636
13670,8.218498251149416
13671,6.442132565796769
13672,8.677860805027711
13673,7.108336280796914
13674,5.250647657392431
13675,6.040494407596516
13676,7.44255243659207
13677,8.612403258162626
13678,6.663954054629661
13679,3.4636643259486144
13680,5.085314557655362
13681,5.512362398031815
13682,4.9623696572692735
13683,7.6425991044914205
13684,5.520613985751281
13685,6.617947396930086
13686,5.714089752718331
13687,7.252180711000875
13688,6.878236292680721
13689,7.347903314197052
13690,7.487982486761873
13691,8.81642085181581
13692,4.318237891327405
13693,7.166478036507165
13694,5.222343577614685
13695,6.132473295281172
13696,7.729972265483222
13697,8.056409307128492
13698,5.2552244555390395
13699,6.194438093700738
13700,5.209719862193647
13701,3.677951209066134
13702,4.672198525093966
13703,5.800822321562983
13704,3.2867400715635906
13705,4.482407967792448
13706,8.361257567516502
13707,5.7450329026841125
13708,7.674845346780141
13709,8.540971287990695
13710,5.631424225324237
13711,6.652895308072507
13712,5.043461834271598
13713,6.416913951606449
13714,5.045905145220702
13715,6.582846771557946
13716,6.122127334063357
13717,2.528215433435473
13718,4.341453474957417
13719,7.015683684664419
13720,8.06124054694546
13721,9.03647829415534
13722,4.909346433632742
13723,3.368615217988891
13724,6.834308805768165
13725,6.249533663832066
13726,1.7528733113942976
13727,6.586253702971654
13728,4.247552226604288
13729,6.939706688210475
13730,8.049860776156345
13731,6.6032560702286425
13732,4.161130191939126
13733,8.75432882168429
13734,2.425213291646516
13735,5.17194137176146
13736,8.257889651937035
13737,3.3575795048484434
13738,5.260105608839234
13739,4.9530324592702195
13740,9.427397001244902
13741,5.666767644838968
13742,6.776420833140138
13743,7.678752294113204
13744,5.8338474122789385
13745,8.334781739352849
13746,6.787240809943079
13747,9.128525800762223
13748,5.97806657988194
13749,5.207816121912196
13750,6.1763298445989525
13751,7.5599538580634125
13752,5.428594815261
13753,8.58271992284677
13754,5.3321596586083775
13755,5.895485407613707
13756,5.285625470406642
13757,6.906080494329374
13758,5.260432113068319
13759,7.193327550409368
13760,8.59133740428555
13761,9.273691155964492
13762,4.791385657906656
13763,6.766039584137588
13764,5.908841864218969
13765,3.9669542249675023
13766,7.865119199519572
13767,4.24982637129783
13768,5.270354489901372
13769,4.2810857012909
13770,6.4253854580868515
13771,1.2077876072746523
13772,7.121510760708538
13773,8.361020166075411
13774,9.207316402536641
13775,4.683585975610874
13776,3.314892085847828
13777,6.905415091680922
13778,7.693704137513244
13779,7.550331135077761
13780,7.429990142661336
13781,6.024473205513405
13782,7.473114033347172
13783,6.723213352911919
13784,9.269500841720035
13785,3.440854430616917
13786,7.168637579258368
13787,6.881642990252065
13788,5.874061004818063
13789,6.1549458982260035
13790,5.262524570228648
13791,4.789116494288216
13792,7.030761921246674
13793,5.380441992835495
13794,4.944015987823465
13795,4.914372511578708
13796,5.1833804253807285
13797,4.557004306523291
13798,6.361450701728594
13799,7.26443532740281
13800,4.900176335220403
13801,3.6157859433221886
13802,5.435220121864719
13803,2.3840092951312455
13804,4.168807202274419
13805,3.001176522674378
13806,8.251497022841347
13807,4.1797801936565575
13808,5.450909687309898
13809,4.269744963476075
13810,6.788416186729887
13811,5.704662851015953
13812,7.100491182126385
13813,7.899282269063908
13814,8.512111734672096
13815,4.356140532145846
13816,8.394795022668799
13817,3.6832297980478854
13818,6.334327191251467
13819,4.7744816909665255
13820,8.304826165139074
13821,9.093485609417492
13822,7.013300286305178
13823,6.714697911147385
13824,6.167015389862051
13825,6.677162155208005
13826,5.328471135401065
13827,4.8385199942732156
13828,6.036167374935374
13829,7.78005638953953
13830,3.7489511535856135
13831,7.741632005187579
13832,7.682622626037604
13833,8.18336097481107
13834,6.19846417712291
13835,2.5554452670136945
13836,4.666542313349626
13837,5.6979141364269745
13838,8.555488323664488
13839,5.8086135088901285
13840,5.526892933702209
13841,7.8863973938902205
13842,8.210009080499015
13843,8.41534577683161
13844,8.91093629493432
13845,9.536230267663859
13846,2.1324923250462824
13847,6.623704218765917
13848,6.465898818120521
13849,4.8163605314323235
13850,4.519302864056262
13851,2.2601984782827884
13852,4.812313843822455
13853,9.631748866497512
13854,5.247826307487304
13855,7.1275047654235175
13856,3.5130636282545034
13857,7.387712822221177
13858,5.503341314552856
13859,7.558888690708939
13860,8.967279838421426
13861,5.623366097122649
13862,4.762045998795675
13863,8.87139934694575
13864,6.978298009288323
13865,5.777682547226272
13866,6.709990425910525
13867,4.119319766814703
13868,5.043268458495143
13869,8.109462571185903
13870,8.706015295597167
13871,8.961338465873684
13872,5.904050779915027
13873,9.460043095894472
13874,7.394422994626597
13875,9.004857747056993
13876,6.905997985254812
13877,6.24146849016639
13878,6.3076009774148405
13879,5.469417292927944
13880,7.946954686181416
13881,5.886444790575992
13882,5.597747853040415
13883,7.773211082418769
13884,5.8707195056355
13885,3.4042707523991407
13886,6.23789982339026
13887,7.341572829448202
13888,8.262958022090011
13889,8.41695177841322
13890,3.2306296025854087
13891,7.222831917923273
13892,6.311066597789319
13893,9.313997717418598
13894,7.215471119537962
13895,6.577198802456171
13896,5.781148995571764
13897,6.773254795725244
13898,4.971850478062821
13899,7.5386684607796886
13900,7.1592109041314425
13901,6.5616180408685105
13902,2.4831471705785595
13903,7.075191017589484
13904,2.9712352673412545
13905,5.622470871281398
13906,5.89934251345409
13907,5.475627858993979
13908,7.259288875555914
13909,7.68821373255488
13910,6.5561964644367725
13911,8.125781097989934
13912,2.6023585680581913
13913,7.233886318659508
13914,0.9365118172289076
13915,5.887174282076164
13916,7.389673374680461
13917,7.9622155186385974
13918,8.032394530075084
13919,7.513995408622801
13920,6.35373330076724
13921,2.8422860675938626
13922,5.206235179209324
13923,8.586499279646677
13924,7.13831584941079
13925,5.411380308880885
13926,7.566403015585452
13927,8.394883110679007
13928,6.769537471634947
13929,6.64802459506583
13930,6.333941338015669
13931,6.984458046554996
13932,6.739932495745199
13933,6.301326548606825
13934,7.357172801450838
13935,3.0896769351379296
13936,7.371434987973039
13937,4.272467193529853
13938,2.527369984578006
13939,7.191909197290174
13940,6.646860434682201
13941,4.291689500587012
13942,3.7850644020620097
13943,5.217726668331761
13944,6.7009792252949225
13945,6.711955029793188
13946,6.415632741985094
13947,4.46369126786747
13948,8.30695351300933
13949,1.7059842440673703
13950,7.407238080634562
13951,7.030327026689572
13952,4.631742217355986
13953,4.962540442543938
13954,8.184404760890601
13955,4.2904034270719205
13956,1.88593210553935
13957,1.7599225684230615
13958,8.181858772435161
13959,6.237736343005908
13960,5.401038981143
13961,7.044490888861032
13962,5.781827738192474
13963,8.336937124155723
13964,5.361367218828192
13965,4.5855747064464705
13966,5.287711854440387
13967,4.5644904713059695
13968,6.04758601774304
13969,5.540141706776745
13970,9.251554687040368
13971,6.0405017083376755
13972,8.873464632910258
13973,5.640231025850948
13974,1.6439969335847688
13975,6.46499788838038
13976,7.393317411792559
13977,6.233015692893678
13978,7.264302603517427
13979,6.671300660094041
13980,8.51407595106494
13981,6.675368904782373
13982,5.004853096610377
13983,4.733552613576613
13984,3.1989016464197153
13985,7.481809422431891
13986,7.8650719090726255
13987,7.438558858426028
13988,5.692901295803924
13989,6.499972096082203
13990,1.8987584198494543
13991,5.279486990212681
13992,6.9845790270680235
13993,6.574586505106798
13994,3.271825434252561
13995,8.188785886216046
13996,5.9449952343876955
13997,6.785928277283452
13998,7.387663927474191
13999,4.294934194035224
14000,7.666612777236376
14001,9.365742616704017
14002,5.233397004150996
14003,8.83955258443967
14004,7.60177810963385
14005,7.179886773823531
14006,2.9997691781590654
14007,7.884993735601551
14008,6.7502563754739295
14009,3.469451331412148
14010,8.426764386376602
14011,3.113499118790566
14012,3.356009974461118
14013,6.596864418005222
14014,4.063591948272252
14015,3.0727067197155127
14016,5.2455108453198775
14017,6.1574147265977155
14018,5.96432772155848
14019,8.70544713449732
14020,9.027824818585222
14021,8.405950391201223
14022,6.983667931770379
14023,7.202713552618389
14024,4.897126435628811
14025,1.3245564544357817
14026,5.9311615073824555
14027,8.431145663656702
14028,6.054102401775729
14029,5.957368724701324
14030,4.6950435980612255
14031,2.131765897003855
14032,4.612629352224785
14033,5.543563609127539
14034,8.116948974447395
14035,4.083061098095297
14036,8.556495995202306
14037,7.602292101629084
14038,5.80373646331639
14039,7.618089950782434
14040,8.250090284394844
14041,4.850212616161578
14042,5.324533129486663
14043,6.19391104081588
14044,3.0557227312161475
14045,4.082216040178042
14046,5.153802681693186
14047,4.263229011970764
14048,8.412299644939509
14049,6.38808626196918
14050,5.064167943136454
14051,7.625874690759118
14052,5.949677838481752
14053,3.4545845471004686
14054,9.159528747229778
14055,7.143423114895485
14056,6.842167130503681
14057,5.210541331120798
14058,5.026059472475422
14059,4.3727302061596465
14060,1.3458489733563244
14061,4.071929790823837
14062,4.634563222281745
14063,4.372945968804838
14064,2.4090701729866266
14065,1.269373880528107
14066,9.143183646833023
14067,1.869066029088407
14068,4.541553343761063
14069,6.44468592724216
14070,6.800912606822805
14071,4.727124106788754
14072,4.983023489561357
14073,8.323459864615828
14074,5.456207580601815
14075,4.904445327941622
14076,7.028071024730241
14077,3.661857372633062
14078,7.265854011375235
14079,6.281229426585179
14080,3.8916853521412533
14081,7.533062638405982
14082,5.92368136721444
14083,5.309373159566546
14084,2.48859505815583
14085,5.772646463693048
14086,5.663187777671212
14087,8.365507820596214
14088,6.26570175159851
14089,6.209157895824272
14090,2.207586340977168
14091,7.066244974478105
14092,5.64161104160334
14093,2.76227347513385
14094,4.198484097446679
14095,7.143206005682066
14096,7.64402418434364
14097,6.077606185550755
14098,7.377722707255758
14099,7.631330738084047
14100,7.351103715215902
14101,4.6285495124064555
14102,4.297919892433535
14103,7.601262523882434
14104,6.421179529247505
14105,5.287618637418383
14106,5.674227059948185
14107,5.710124300715076
14108,5.078923869982254
14109,7.3307169630684985
14110,4.345600259428598
14111,2.1903281095738554
14112,5.812217986123973
14113,5.045712466767312
14114,9.916353196420197
14115,6.239070539286997
14116,6.349043674417154
14117,8.375847854915271
14118,6.892206068326707
14119,6.200564536692552
14120,6.342352667216303
14121,3.4700992923291127
14122,3.8134523082958705
14123,4.8759245141529055
14124,5.307123417902316
14125,8.040898424764071
14126,7.152247472645857
14127,8.279895912136302
14128,4.855131035162151
14129,3.3621600367940863
14130,4.023075783249312
14131,5.785577850274681
14132,7.508752227585888
14133,9.821505028861225
14134,6.5966630377745
14135,6.09363298969261
14136,6.539297718652378
14137,6.5233977734284805
14138,4.232559032792374
14139,7.720941298180673
14140,8.745117411456853
14141,7.258625167755479
14142,6.393691532331255
14143,6.13357754953023
14144,6.403152483070369
14145,8.024876220628503
14146,4.420642597017995
14147,4.832870018695788
14148,7.836407545070192
14149,9.572740167165122
14150,3.2023167298890414
14151,5.445283934699112
14152,2.898687878307521
14153,9.648293658216339
14154,6.315380563581401
14155,7.444690637793142
14156,7.767810646674634
14157,5.85577081591934
14158,7.27961827975502
14159,5.3832712661283955
14160,3.8261500027996775
14161,6.929231470551532
14162,4.502438844670719
14163,5.086329185226923
14164,7.770577208205601
14165,6.289827395383101
14166,6.8067536252701615
14167,8.817351629957692
14168,6.950205247505885
14169,9.256889443411769
14170,6.199164314590311
14171,2.2387347616578332
14172,4.289559955616942
14173,6.578103543161184
14174,6.461093184437106
14175,5.075037714398431
14176,7.651253302976963
14177,8.387977154225725
14178,8.208149973456646
14179,7.071365222288804
14180,4.748871688412986
14181,8.811167682109572
14182,5.485643721563472
14183,7.4131307420035
14184,8.401783701936456
14185,5.621359346465084
14186,6.438653093250895
14187,6.242818689588464
14188,7.044147352548497
14189,7.123509266488278
14190,6.1090092532008535
14191,8.272805664169475
14192,7.340250013278368
14193,7.28036302785403
14194,7.001915441593973
14195,4.777561079749754
14196,6.799304850380282
14197,5.838538001561526
14198,5.483392980655206
14199,5.464241184916109
14200,7.822151110749894
14201,3.945096650509842
14202,4.414539798418866
14203,5.863960721744522
14204,2.946401558348681
14205,8.521597759449199
14206,4.783768173339361
14207,4.432975209816662
14208,6.21110809178424
14209,8.872593909974473
14210,9.138555342662718
14211,6.322945272631144
14212,6.874115225287496
14213,8.333383304796682
14214,7.68497227890767
14215,2.3339935056983085
14216,6.709955478461325
14217,8.942379554287438
14218,9.120128013571607
14219,5.4318102091036256
14220,8.456814291873998
14221,2.5378271197373286
14222,4.754732447135151
14223,5.168157730642628
14224,5.9258459427866175
14225,7.500695189394751
14226,2.104402285617826
14227,6.148504136894439
14228,6.658506078553959
14229,5.993048953063331
14230,3.8585505057294234
14231,5.103607249125755
14232,7.2641620705319525
14233,5.197145454309671
14234,5.868622735089847
14235,3.8077608922073662
14236,3.6431836332775958
14237,4.153195314325669
14238,7.104375073834701
14239,9.045695840799745
14240,4.4254110647466725
14241,8.367799358566119
14242,5.151150917085037
14243,3.7226040629590686
14244,5.394799655879904
14245,5.58563798427675
14246,7.324936804429409
14247,5.15110241895718
14248,6.617689197370359
14249,5.212741573108427
14250,8.985646020597569
14251,3.096391175361671
14252,3.4845830541277723
14253,9.832644473163004
14254,6.853330255778797
14255,8.055768041093376
14256,5.462323504664137
14257,4.633866301745199
14258,7.810926856703811
14259,6.148356948979325
14260,1.6526700875379452
14261,7.5193025796621535
14262,5.3746207218284
14263,1.9514606283214222
14264,9.506573208744573
14265,5.458047233424018
14266,5.553864292110398
14267,5.513789647490952
14268,4.53277957529782
14269,7.311781227241464
14270,2.702754628481023
14271,1.74032721905037
14272,7.420338089639862
14273,7.147033529807205
14274,6.630579654324123
14275,1.9971849112887663
14276,7.712446919758872
14277,8.32672810068671
14278,7.756679328513042
14279,7.209270969860492
14280,6.192110668896917
14281,4.923667522122628
14282,1.8571140090024398
14283,4.626296282646651
14284,6.617815321463943
14285,3.8780920852610015
14286,4.672646019765946
14287,9.032156221518452
14288,5.186502279404381
14289,7.916151092275676
14290,6.914523529588831
14291,5.831706429581086
14292,5.894701786224275
14293,7.618614544970581
14294,6.381976864859682
14295,6.460575733527009
14296,5.954664118320569
14297,5.081380239547832
14298,4.533284895490984
14299,6.207194003535744
14300,8.277696653889754
14301,5.141060436502512
14302,6.328308774815389
14303,6.737384552364137
14304,2.2223004702041433
14305,7.10868682795182
14306,3.2356705057438875
14307,8.165908453641759
14308,3.393177658964793
14309,6.125571135287485
14310,3.7028577544581474
14311,7.793800919645849
14312,4.508790049700699
14313,7.525241204104043
14314,3.3329008046450843
14315,4.444676492429186
14316,2.785705956501617
14317,7.527833986125882
14318,6.503686439165386
14319,5.812459698762334
14320,6.328569524882919
14321,6.921115114002841
14322,6.062556978764739
14323,4.558404656931332
14324,3.8269769742457758
14325,5.40353574298897
14326,9.52520339950993
14327,5.057516859518227
14328,5.570081348755271
14329,4.467598693362404
14330,6.949578260405645
14331,7.928135108084609
14332,8.58488898807142
14333,9.135007564847433
14334,9.559809269158912
14335,6.4207808179688355
14336,5.619310933626997
14337,4.330407083016243
14338,6.550211666992466
14339,7.749087748392077
14340,8.763397436535707
14341,7.104480223658799
14342,9.141480593004855
14343,7.219011055180542
14344,6.048460124502927
14345,9.538923675444703
14346,5.605015913663174
14347,5.292547210149012
14348,6.573954708130433
14349,4.308041085389991
14350,6.902367992021274
14351,4.286793373636661
14352,8.249299879172131
14353,4.636176953725397
14354,8.257009221651712
14355,6.46557247602971
14356,7.689900289602323
14357,8.334397943052547
14358,2.616750925322614
14359,7.028209831924272
14360,7.7983160045481785
14361,8.315674177475328
14362,6.283712409804812
14363,4.753364502336965
14364,8.509557515175075
14365,2.9688521731530475
14366,5.690189795452698
14367,6.676690400855166
14368,5.142448578889095
14369,4.949459505441559
14370,7.499811657881443
14371,4.295311899268823
14372,7.5258891437962365
14373,7.506614368469496
14374,6.716713646344334
14375,5.716784577502675
14376,2.0799969132589515
14377,5.91357060399361
14378,7.190108645799933
14379,3.78833945432485
14380,6.759330038000419
14381,8.844518479367643
14382,9.339189346307336
14383,7.499729852764588
14384,7.114655893455071
14385,9.450056857301416
14386,8.887731979884126
14387,7.1922802961356735
14388,6.847747900568173
14389,3.4474175246096155
14390,6.25724723437861
14391,7.4149879895650255
14392,7.268095683700203
14393,2.444895466677327
14394,7.939002151620503
14395,8.649180160517211
14396,5.374461918902687
14397,6.962840247511496
14398,5.1485346817506175
14399,5.533706257946701
14400,1.3168622623182642
14401,5.493137188323253
14402,5.943089395978571
14403,7.997327675109021
14404,5.852475457300875
14405,9.176766909738184
14406,6.463358336686365
14407,8.01155005962628
14408,7.657900807149242
14409,6.359404227035462
14410,7.955444037289601
14411,7.675967669145184
14412,6.4468014915711995
14413,3.2916543106151197
14414,7.431748084208607
14415,6.861489855112383
14416,5.7145385893072635
14417,5.798335439969232
14418,3.5530694339909994
14419,6.1828203445468395
14420,5.174415668849051
14421,8.259175210660684
14422,1.1037676166339407
14423,4.430378726237168
14424,3.17037897965057
14425,7.156242198195552
14426,8.182236767631457
14427,5.461488261460057
14428,6.462898237472465
14429,5.706764985722769
14430,7.404271922774687
14431,3.765628182620785
14432,3.324251653408257
14433,6.988809051024422
14434,5.313937221617831
14435,8.824963448114104
14436,7.915130025900937
14437,7.378943329584219
14438,6.827918471427797
14439,5.246294757078488
14440,5.885571199204506
14441,3.6123949415996526
14442,2.8615309244626888
14443,7.893438673685411
14444,5.678352208506563
14445,3.536023360929198
14446,1.5180901872166925
14447,8.313578249495524
14448,8.175239514011013
14449,3.2573721205385366
14450,2.8723660036058853
14451,6.502097992471301
14452,3.073357399817618
14453,5.176994619800813
14454,8.252193640185101
14455,4.101498541596019
14456,7.5130941440173356
14457,6.766601709619909
14458,7.13943563490282
14459,3.740492502240994
14460,3.790290385609488
14461,8.864034712975045
14462,4.26099373696158
14463,9.6885200001843
14464,5.193011526246752
14465,7.1554302298797285
14466,2.1959043078579326
14467,3.695920922453423
14468,5.370457850245478
14469,6.673203719632987
14470,8.874357873039036
14471,4.995623473488929
14472,8.758090392851766
14473,4.655137768407522
14474,5.214183529096566
14475,8.94057894532081
14476,4.125497992673121
14477,4.526073517109287
14478,6.061136338754006
14479,8.018861207523342
14480,4.903265711310302
14481,4.643816226703088
14482,0.508018791969687
14483,3.8862705160687696
14484,4.960717209782834
14485,9.045914204538388
14486,4.960807921102701
14487,9.260244468187565
14488,7.367333154987554
14489,4.022848184131536
14490,3.2265725263476823
14491,5.6619617503062525
14492,5.863494189951023
14493,6.424526119305
14494,3.22518609710792
14495,1.632029365970292
14496,2.1013656256477193
14497,3.9547191545262694
14498,3.8174153475585397
14499,9.428242043901818
14500,8.130675269149574
14501,6.301041181767113
14502,6.074567046895746
14503,1.6919566325449058
14504,4.734032558287128
14505,7.2840548218659364
14506,5.036837100209267
14507,7.502169872000416
14508,6.768965945704508
14509,7.820640525755914
14510,4.62502523457091
14511,4.555994179413113
14512,6.00381851204811
14513,9.420219988773061
14514,6.0152182826147245
14515,4.384108087220584
14516,6.824040531619977
14517,4.1866599842661625
14518,3.348093795485113
14519,6.099898183778278
14520,6.234307318852199
14521,8.13182757516832
14522,7.294877791593877
14523,2.3492121000074726
14524,2.342676599828459
14525,3.1519982879032105
14526,4.3478205792006825
14527,6.896466917138563
14528,3.565039456280073
14529,5.491520087741896
14530,6.955067490941941
14531,9.238834637183428
14532,6.462128292917887
14533,8.296325248778084
14534,8.800522659993721
14535,3.3932390990613235
14536,5.104351864404196
14537,8.308195790683069
14538,8.120912643660063
14539,7.019557356524659
14540,3.867278267144247
14541,8.208022514729176
14542,7.585886727796291
14543,7.2936416407378095
14544,8.225450632776393
14545,6.448422969705858
14546,3.931508116940086
14547,4.5440139403646835
14548,4.924814539284294
14549,7.303173364302131
14550,5.306113135166708
14551,6.0844135986521275
14552,2.2013413088358824
14553,7.073301081106089
14554,8.104543784516785
14555,7.372996148234192
14556,7.170519628991212
14557,3.7121453924087335
14558,6.01403866269168
14559,5.959003354257989
14560,8.320664907287497
14561,6.717138264029957
14562,1.831754737829505
14563,8.752652216989217
14564,6.156268556991867
14565,5.484142312292277
14566,6.755034730500486
14567,3.3801169701836535
14568,3.3677963051677904
14569,5.89638134882197
14570,7.499375118036619
14571,4.170112778343696
14572,6.018619304890111
14573,8.199532899154036
14574,9.058415131667484
14575,5.4995126513703205
14576,1.6959233538542027
14577,4.382061193910498
14578,6.030732322678374
14579,4.319944758000877
14580,7.406773242804786
14581,0.9301587503845037
14582,3.4654544050756892
14583,4.813728655464379
14584,4.772541295667815
14585,6.7829396376652795
14586,5.103908415859646
14587,7.4006696061460335
14588,4.275310784924177
14589,5.742402060785993
14590,8.753158362903177
14591,4.542749603375074
14592,5.133797293384196
14593,3.8073441550077707
14594,8.608648511538272
14595,2.201292420066196
14596,2.661165141656589
14597,7.823257156477626
14598,3.483538539991342
14599,8.830289693950855
14600,4.490952340664025
14601,5.576035610030747
14602,6.91933487734332
14603,6.850415384065247
14604,6.073199998580599
14605,6.373760594697059
14606,8.674619259177767
14607,8.28520218082431
14608,5.70134088682933
14609,7.589360949839736
14610,4.434607303618443
14611,8.189014717782598
14612,7.474340199777348
14613,6.563436537957922
14614,4.393811084028899
14615,7.416330569859198
14616,3.987399454312305
14617,6.235786359760904
14618,6.614829365952539
14619,4.282763289546561
14620,4.488784439175495
14621,4.816530627565593
14622,7.471638790219736
14623,9.346163556745722
14624,6.157307123647637
14625,8.362312814906177
14626,2.000072078944397
14627,7.615902010984465
14628,7.410379979974136
14629,6.357534489453207
14630,5.720236385964814
14631,7.92696587904549
14632,3.5153119504058172
14633,4.584837800477634
14634,4.798778386569793
14635,5.499399509245322
14636,5.686514662133679
14637,3.0617266963195098
14638,6.065066021257737
14639,6.527091383585184
14640,4.999558388967321
14641,5.627941087238267
14642,4.778857526584913
14643,5.429848829115165
14644,7.790020716530385
14645,0.9821212636321367
14646,5.538064203256889
14647,3.8049264369475417
14648,7.652462863185718
14649,1.6785478012584545
14650,7.45443708827951
14651,6.211511216132278
14652,5.919730268323599
14653,2.5649754875209405
14654,4.185681630919932
14655,4.626618165353047
14656,6.396311073138108
14657,6.162390537087269
14658,5.38303047236653
14659,8.323864985625253
14660,9.394050816644917
14661,4.561336946402418
14662,3.586576418275383
14663,6.686818444545699
14664,8.824866792931926
14665,7.584400234920235
14666,7.875334897510415
14667,2.571695355550437
14668,8.496657347830842
14669,7.87406497828214
14670,4.821760843811303
14671,8.453908293120573
14672,8.957523906331318
14673,6.775024199988712
14674,6.064188588702265
14675,6.827333105506811
14676,4.425935960266641
14677,7.388204234399
14678,1.4213033456437187
14679,6.85426430588266
14680,6.761251535346225
14681,6.105878891589013
14682,4.758135886526153
14683,5.344284049391533
14684,3.6524764938326957
14685,6.312548891667214
14686,5.376882373333377
14687,8.244665098347541
14688,9.679702256573561
14689,4.77427665712252
14690,4.603389292260603
14691,4.1692857028520205
14692,6.084845659361519
14693,5.286744817896528
14694,4.767816296373122
14695,8.380809825775508
14696,4.034300969518756
14697,2.7005679935698126
14698,8.638018368129508
14699,4.000433199814341
14700,5.133264752285305
14701,5.7965813362589635
14702,6.960988911201508
14703,3.7214534612634806
14704,4.72811597740158
14705,2.3350843105903767
14706,3.1878405511939656
14707,2.2378233328783166
14708,6.109107585296041
14709,3.827349067624694
14710,4.647243597721303
14711,8.160335588744427
14712,5.110107827846032
14713,5.998612743187917
14714,6.254918332465724
14715,5.039339171142492
14716,7.186732699656547
14717,4.422011925079387
14718,3.3778740327495362
14719,5.944924445736076
14720,7.060235154575283
14721,6.310848670250298
14722,7.871915508176767
14723,4.289059132539815
14724,9.240735634332877
14725,5.8818993364112995
14726,7.939078184660868
14727,8.558680650976173
14728,6.752585374528903
14729,2.5374587008556677
14730,4.7047783593865855
14731,5.762181645956848
14732,3.3387406554669674
14733,5.1858069687647195
14734,3.468647319533497
14735,2.00050348121646
14736,7.483692440081477
14737,7.996638596759228
14738,4.028496724006195
14739,6.41191359816769
14740,3.170379092999024
14741,6.629046736559154
14742,8.21582178237654
14743,0.6505158518670067
14744,6.055028703899637
14745,7.099462712864999
14746,5.3175109012970125
14747,9.102550787110559
14748,7.288592167745659
14749,5.89384670870005
14750,8.473871871649873
14751,4.212031549876849
14752,8.539556559428824
14753,4.655578234817578
14754,7.006291804077588
14755,5.032354960880519
14756,4.779839872874245
14757,5.656649023492007
14758,8.175453417039968
14759,4.398109433067964
14760,7.074471431257972
14761,7.084344201564679
14762,3.1429072522205797
14763,7.905330148596455
14764,7.466672409613434
14765,2.914956358130941
14766,1.656093220307289
14767,5.161830749994451
14768,5.603044005528396
14769,3.6490605809770384
14770,7.572850590397135
14771,3.426025548935531
14772,5.191295282827223
14773,5.776965790143961
14774,4.891141207373726
14775,5.9638021572078745
14776,9.298744269966578
14777,5.825021235982838
14778,4.478187359522496
14779,7.447467638154405
14780,4.857094433961494
14781,6.662689996304028
14782,7.481371755684314
14783,6.875201322771469
14784,6.310523614259824
14785,7.553218108263817
14786,7.932038296409699
14787,6.430508930752348
14788,3.9748275337580643
14789,6.1850953764728605
14790,7.154802001698847
14791,7.436097734110555
14792,6.118995460383715
14793,1.9133378745123866
14794,2.249782866745191
14795,8.472304127183971
14796,8.104029688648344
14797,7.651478893890266
14798,5.386999594953218
14799,4.893208095939437
14800,8.36847617193763
14801,3.1085681949472574
14802,2.0560009596219255
14803,8.656671129967505
14804,5.200855762074112
14805,8.425353698053874
14806,7.163658105430143
14807,4.018922874538709
14808,8.44874180288503
14809,5.895273930189035
14810,6.991965117173841
14811,7.151449093485647
14812,7.726098522571171
14813,2.1974807167181676
14814,4.684046390071159
14815,6.430214388917717
14816,5.087715883172588
14817,2.205276668928289
14818,4.342743075193342
14819,4.959146851654736
14820,7.70959943961234
14821,4.597418429065544
14822,7.9991310483413525
14823,5.430460761171453
14824,4.9990760191369
14825,5.014338141998571
14826,4.3295406770408436
14827,5.798733996815126
14828,5.263488286317068
14829,7.575544188161012
14830,4.670248729378306
14831,7.8117867490873625
14832,5.689695386715667
14833,8.231091758744675
14834,4.083761264491085
14835,7.448377230376408
14836,6.068601062896909
14837,6.020042047833764
14838,5.081514049079315
14839,4.515110591184952
14840,4.490184965385571
14841,4.185832370192511
14842,7.95832273901722
14843,6.508466757668441
14844,2.3645090639639017
14845,7.0472065180466545
14846,8.405259252177038
14847,5.857517615024076
14848,5.653457237516882
14849,5.369721837465072
14850,5.910429132260091
14851,8.609082380789022
14852,2.0206321196512507
14853,7.137541390341395
14854,8.237737837427414
14855,2.7974405633159996
14856,5.784125897042072
14857,4.320006994956183
14858,4.884481755282332
14859,3.73159593454381
14860,2.3033953922937984
14861,6.605181051952735
14862,1.375408585372335
14863,7.633501432207002
14864,6.3767493872312855
14865,7.200303935457038
14866,7.026218852104876
14867,4.220135729576906
14868,6.036575582157351
14869,3.2712039287992107
14870,3.9423943762927616
14871,6.980556046393467
14872,5.298684459383736
14873,6.848935063760694
14874,6.827652833649974
14875,2.5434732756662686
14876,3.7220906961071467
14877,5.892253520463773
14878,6.8361075323475005
14879,8.669191432637083
14880,2.058860252381402
14881,6.669844942256259
14882,5.293116260371667
14883,7.1418071691666505
14884,4.141328113471646
14885,4.756358008678552
14886,6.402844421804371
14887,4.833749148322713
14888,7.478625904461618
14889,8.069129050902177
14890,2.7961019744905338
14891,7.183183213252018
14892,4.813554314272266
14893,5.322254195075248
14894,4.874254548945313
14895,7.9237530535855
14896,3.334454969813434
14897,5.5648347857388
14898,4.644883837444409
14899,4.45970679160869
14900,4.115396878456443
14901,9.672208902045632
14902,6.946124382644096
14903,6.784181815436895
14904,6.643464133316973
14905,4.9007447474335635
14906,8.416330758302973
14907,4.631649067719879
14908,6.065434954372447
14909,6.798788639413822
14910,5.297194768820833
14911,7.218466070266851
14912,4.7755793713389805
14913,8.596628978780819
14914,5.9722129469483445
14915,7.629308214187523
14916,5.637189373123926
14917,6.853308323077062
14918,1.9324418580011777
14919,4.77174159175764
14920,4.895842562165826
14921,1.4613042478653635
14922,6.123753246202629
14923,6.042680961933563
14924,6.180771514067786
14925,6.776095269198404
14926,3.251663971884584
14927,4.29620991447179
14928,6.5167553713110635
14929,7.416458306505225
14930,4.439434122432352
14931,7.281136938285935
14932,5.532470841204497
14933,9.51897963815632
14934,8.404388392925997
14935,4.6167734283839605
14936,7.9399622769506975
14937,5.664812770375698
14938,4.895802666124357
14939,8.416066237914109
14940,8.06941483301435
14941,7.402353395806642
14942,7.710076308319856
14943,8.640328759971545
14944,2.8397617950832355
14945,9.260062687343986
14946,8.02817192400002
14947,5.596728889910603
14948,5.689980155527927
14949,4.905497693924438
14950,9.417534974185443
14951,6.635581553785096
14952,7.182649719701638
14953,5.862687439574408
14954,4.526272089517072
14955,4.125460130567708
14956,7.263279289704426
14957,7.524830228012505
14958,7.623213464278707
14959,5.86213344628649
14960,3.296008753187057
14961,6.209080833763673
14962,4.922659646887473
14963,6.817837016695575
14964,6.340103826926834
14965,2.8720872607594705
14966,5.648418457276977
14967,6.062198263297972
14968,3.708846725118902
14969,8.586372872233147
14970,5.807269638239934
14971,9.60662290979165
14972,7.394461675198007
14973,4.689543895457099
14974,5.8827364501546375
14975,9.431197040339363
14976,5.546889611796212
14977,6.080568551790735
14978,5.725223193582005
14979,7.878351572632639
14980,3.852517391665337
14981,3.9774042221556427
14982,6.518547260250615
14983,7.0143480688833515
14984,6.963307282014561
14985,5.469751931022592
14986,4.668811109315504
14987,6.634083680824589
14988,2.253619132735709
14989,9.356343375093713
14990,4.2335343271332535
14991,8.38045446949125
14992,4.437426121954964
14993,5.106544543436562
14994,3.6186258525292914
14995,7.788083597660729
14996,9.107840938211693
14997,6.513974967137016
14998,7.322122960780679
14999,6.051344551489049
15000,5.295696726766943
15001,4.606430143407609
15002,6.93521436136998
15003,4.702446502299199
15004,8.9302274945563
15005,7.924910499206731
15006,7.450020798167678
15007,3.2919507611953063
15008,6.028934533250563
15009,5.363573612678777
15010,0.0750155620142324
15011,7.025377833936014
15012,6.053153083698962
15013,5.194976051324387
15014,8.56839238180218
15015,8.186459858108059
15016,6.319979985073647
15017,2.450139262313959
15018,6.697590392206013
15019,3.520426213881706
15020,3.5552437369324723
15021,8.667058934611259
15022,7.129039982477769
15023,4.2967914118338415
15024,7.505762745554716
15025,6.7287911804297575
15026,5.93069142387913
15027,7.653679286792692
15028,8.006362844116799
15029,5.41993750692727
15030,8.752175028643062
15031,7.034499956269839
15032,7.300407452504752
15033,4.854833759593427
15034,5.6187500107694595
15035,5.233663266694127
15036,5.805563684675301
15037,4.399084622624082
15038,8.742599669314998
15039,5.332298832339288
15040,7.1685862033725405
15041,5.776811734918619
15042,7.31689842164135
15043,8.147386822974424
15044,4.875672821913056
15045,6.872604161153944
15046,4.918150750485409
15047,5.612606448033153
15048,2.8880292677035615
15049,1.1358539273656234
15050,8.562109112085613
15051,4.926195933191531
15052,6.119344777518052
15053,5.387421338599757
15054,9.38152364501072
15055,9.136375932692754
15056,5.9525918346362605
15057,5.511169124214055
15058,6.867080347620985
15059,5.690027944181926
15060,7.969501539691906
15061,3.8964735027033957
15062,6.418955582693239
15063,8.40289485814772
15064,5.601961472136125
15065,7.6526071247178615
15066,5.747205254023619
15067,8.503172888373442
15068,6.536976337577015
15069,6.35752936381557
15070,7.532751783061675
15071,6.119717818055484
15072,6.931856843440366
15073,6.838961666098207
15074,4.863471902303173
15075,6.255239353984048
15076,7.731042289256762
15077,7.22940547362014
15078,7.106247117022425
15079,7.684312521635975
15080,5.845603238290828
15081,6.5097570072950734
15082,7.466384118863997
15083,6.260493966661321
15084,2.3318279813283276
15085,4.035020389434116
15086,5.658762864210098
15087,4.975950710403743
15088,7.955013726448856
15089,6.892362547650013
15090,7.441686913616795
15091,3.342100084623203
15092,6.548974102392124
15093,3.0535247935289735
15094,3.99871055936073
15095,5.453643932275455
15096,7.4262931629654645
15097,5.895274317162461
15098,7.036240038395086
15099,5.860995886606537
15100,6.168166502709458
15101,7.040640827578875
15102,8.176489306665818
15103,6.348220099172046
15104,4.951568729177887
15105,2.530389321678548
15106,4.232915239471296
15107,6.674411876874229
15108,7.570493455843928
15109,4.518733800830345
15110,4.6600885093086815
15111,6.5607391325382505
15112,3.373659882685324
15113,5.579752352218258
15114,6.184230368468734
15115,3.9394806165944125
15116,4.978340747091073
15117,6.138183173159874
15118,4.4061565383411985
15119,8.76826403684996
15120,7.59211817055071
15121,5.6728984258288735
15122,8.890577932582307
15123,4.247181682018829
15124,6.2632583971913185
15125,9.66366149924406
15126,8.295562574474674
15127,6.92695716784001
15128,6.82727589166715
15129,8.03849588234191
15130,7.393748362650648
15131,9.68649028635447
15132,4.825485960818372
15133,4.232979456875881
15134,7.430758284610511
15135,6.480656596343616
15136,5.9129528209615785
15137,6.859323613504355
15138,6.40050646243173
15139,4.573875380180139
15140,1.249442826672535
15141,8.728933910384976
15142,6.346676789752417
15143,4.9831256394792165
15144,7.023290710500362
15145,3.3911080229708075
15146,3.605435134270316
15147,7.501543226399711
15148,7.958354046677979
15149,4.383468463751984
15150,4.171469115822555
15151,6.36126061582449
15152,6.419403336311806
15153,3.8138458292757513
15154,6.308899921630822
15155,7.920479820892373
15156,5.370014696220828
15157,5.0634410522085025
15158,6.4322286650150815
15159,6.025970832590566
15160,3.979669407908002
15161,3.3689916244698033
15162,8.396460438492074
15163,2.0909777475530595
15164,3.270549892199798
15165,5.247336079680824
15166,4.191496358977847
15167,4.55039607794091
15168,8.331164941070794
15169,4.874320473993002
15170,3.7019123082711207
15171,5.654859741776315
15172,9.01028838930125
15173,5.533896880067472
15174,8.313860907829605
15175,6.883643242954396
15176,4.824340413482906
15177,4.8932473350330525
15178,8.55897434846996
15179,3.8525447856840827
15180,8.53354731761216
15181,6.111818195806582
15182,4.425552945746517
15183,8.909737796826198
15184,2.829073177816342
15185,7.196326146696107
15186,4.327854993412379
15187,5.396356840347945
15188,5.222959248257947
15189,6.0718531789597066
15190,7.9298441021137185
15191,8.771314189506244
15192,3.3240961700056073
15193,5.031921265242829
15194,5.490159324715179
15195,7.076747636592273
15196,2.5979180688548666
15197,7.100899190674951
15198,5.491544455615475
15199,6.740577003981126
15200,9.487854725935678
15201,6.103755063670608
15202,2.163545281261894
15203,3.96082880368663
15204,4.914631942873388
15205,5.923563519893261
15206,4.778752953605613
15207,7.436938138013969
15208,2.5985741647134395
15209,6.67529070880088
15210,3.9675843387602745
15211,4.492530388717749
15212,7.086603685750091
15213,7.016903691306585
15214,8.416765882929983
15215,7.726673209256552
15216,4.211823722391824
15217,3.858744532040025
15218,4.584918315881497
15219,3.7385835980606013
15220,6.100879081160064
15221,8.68175310283982
15222,6.947681735247426
15223,5.3975273237791725
15224,6.0246753766729375
15225,3.655287063198705
15226,4.350322456401019
15227,7.529456075665837
15228,4.941424273768243
15229,9.03169796405253
15230,2.867290284921599
15231,9.13145219833064
15232,3.6465047449709918
15233,2.3154522367829102
15234,5.67127904160072
15235,6.894760158625742
15236,7.421230288133588
15237,7.179611651584246
15238,3.9468947509782377
15239,7.116181776680209
15240,8.302417374722172
15241,3.1770020252945477
15242,3.8149335693298903
15243,3.537242506394361
15244,4.848601737258964
15245,7.192555402860632
15246,7.97298988465972
15247,5.403668177115137
15248,4.874934670758586
15249,5.861040104560836
15250,8.90393334335732
15251,8.674929081263878
15252,6.166683688701459
15253,8.754241102321789
15254,6.112199988167938
15255,3.3851607652661024
15256,2.987590719243955
15257,3.017296824489893
15258,5.258377046214985
15259,6.562490295719778
15260,6.451796327439373
15261,5.811923450758705
15262,6.135781057716807
15263,6.037751606049625
15264,6.938528543419167
15265,2.7274265939016393
15266,5.4897590677791435
15267,2.9759462757624906
15268,5.7780049199959125
15269,7.187620446641736
15270,6.981445510973197
15271,2.8371828925863523
15272,7.786923752216258
15273,5.7735019457586425
15274,1.899606038545127
15275,9.100578454667032
15276,3.798186093980771
15277,6.677443176462054
15278,6.135635395049358
15279,4.051153661554168
15280,6.699006212399659
15281,8.194723093012868
15282,8.079229701668769
15283,5.505585774837614
15284,7.389910144347448
15285,6.564506086392051
15286,4.528370396816724
15287,5.346212532296998
15288,7.9205909708576865
15289,6.360455411489005
15290,5.344073867071858
15291,3.977429691359839
15292,3.943173689943428
15293,1.7065230436348633
15294,6.686533312452517
15295,6.547183124592216
15296,4.896959827347627
15297,8.099401239551684
15298,2.3733970910451423
15299,6.82889511547297
15300,6.165589449660216
15301,9.668383648684765
15302,5.700741849650368
15303,7.517972424649152
15304,6.666022862869187
15305,7.5603203703075845
15306,6.947885052348066
15307,9.445859531451894
15308,5.874912066274888
15309,3.057439030272714
15310,6.754331918171534
15311,4.895976662154013
15312,7.217334897170091
15313,7.946704388146272
15314,7.049119413361342
15315,5.016514314399361
15316,7.106707058721911
15317,4.874073859089667
15318,3.7871048347393175
15319,5.538365786931789
15320,5.977744128010671
15321,7.435675859364085
15322,4.929806067308638
15323,7.08748995901481
15324,9.2220271432294
15325,1.2838731320308168
15326,7.6714157493632325
15327,6.664219904372837
15328,6.20137100703229
15329,8.368457130423849
15330,4.501769197817693
15331,8.985547041329285
15332,4.968535814115315
15333,5.22817997548667
15334,4.65826917881914
15335,6.399714235932358
15336,6.489850622346884
15337,6.524986613356086
15338,6.054267091159594
15339,5.99229211829688
15340,3.419328217534901
15341,5.433253280216786
15342,4.90741218997662
15343,4.252585500155748
15344,5.31124980890682
15345,5.448311835510939
15346,6.61049688730115
15347,5.118201585487927
15348,5.211779920756355
15349,6.984266071771474
15350,7.1622356507787615
15351,6.6755888063769495
15352,3.316640933220044
15353,5.158971420901284
15354,2.3301470117542418
15355,8.513107324484004
15356,5.129349937991793
15357,6.0619064289499285
15358,8.041114365075403
15359,7.212041962219144
15360,6.392580054228204
15361,5.847585859092526
15362,4.7405504528795515
15363,1.430145565165033
15364,5.571092592365166
15365,6.317518994826257
15366,4.759843951502109
15367,7.81253810633238
15368,5.264821661441566
15369,5.030376308609403
15370,2.3208495393228032
15371,4.629619843983404
15372,4.111323622848056
15373,3.094668080956823
15374,1.782773374179159
15375,8.3289160045707
15376,8.134324887354445
15377,5.486929155005361
15378,4.322070256871579
15379,5.759130574737951
15380,7.867711119580968
15381,7.051968751142554
15382,7.339774131676576
15383,3.955825410331083
15384,3.6352457805668728
15385,5.748629827168143
15386,8.844957425737025
15387,0.5669111055945679
15388,6.587482115485785
15389,9.236554496383334
15390,4.421642917228587
15391,6.338128754596064
15392,2.8480188330210656
15393,4.750554610934276
15394,5.412053215708174
15395,6.605653576470611
15396,5.228439048509531
15397,6.6410100550033535
15398,2.60696892406985
15399,3.1703453974485223
15400,6.217069707322034
15401,3.112077839772727
15402,6.439143029546273
15403,7.166151768377772
15404,7.822719530119772
15405,9.406220009500808
15406,6.337609948381907
15407,6.0085655139036405
15408,3.7273951334486255
15409,4.814322529861792
15410,5.411517105572475
15411,7.535713222728347
15412,6.199232754672975
15413,7.678226314293472
15414,3.403964147410103
15415,3.9962272361774747
15416,5.747662514513001
15417,8.750489438440823
15418,5.698055684572533
15419,6.484048788657921
15420,5.16483428306963
15421,9.769194934076788
15422,2.3223251312874327
15423,3.959545355339254
15424,8.223569372176682
15425,1.1524520614859846
15426,7.130032723161921
15427,7.617677454700092
15428,7.488015661440482
15429,7.581911191510219
15430,6.198017035318071
15431,3.832170831567283
15432,6.679907722371063
15433,5.361419417909678
15434,5.818146884980138
15435,3.4046895544976445
15436,5.669122384636293
15437,4.706676125194417
15438,7.504088383068623
15439,7.723667162018046
15440,4.883442819935078
15441,7.710595506939337
15442,6.891443607460772
15443,6.951712392996576
15444,7.020958036563785
15445,5.742021079890985
15446,3.700098283050362
15447,5.376324017808796
15448,3.4907714812766995
15449,7.922064969516108
15450,4.480254383717435
15451,1.5019295483686121
15452,5.065669020210725
15453,6.0871991443034705
15454,4.190224787268825
15455,7.645878399509648
15456,6.249114808236153
15457,9.224229198640202
15458,4.8417612985176355
15459,6.595238052350913
15460,5.512252160161236
15461,8.979512309122857
15462,1.4099241372709461
15463,7.367588591736325
15464,6.223281768076664
15465,8.393887797541817
15466,6.119733556146199
15467,9.170140150895953
15468,5.6463032761996805
15469,5.4527310115327285
15470,4.041266059688568
15471,3.556740266579185
15472,8.471022557665197
15473,6.717058993483923
15474,8.00913768226102
15475,3.9383666101821317
15476,5.9167138816402325
15477,4.379474294496131
15478,6.538770904551608
15479,4.951507092803186
15480,8.041253919316812
15481,7.781422205224012
15482,6.491266837636696
15483,1.5724752728937483
15484,9.603033597925055
15485,5.912695906516442
15486,6.624860406245791
15487,5.173572948234697
15488,9.42900991121557
15489,8.479423345872886
15490,2.6120134867860467
15491,4.370701153764864
15492,4.450247207258904
15493,4.486398526125322
15494,4.113041404132546
15495,5.095513122999459
15496,8.650603181660163
15497,4.375930247514644
15498,3.9545831551887667
15499,6.715426742139503
15500,7.13856440504605
15501,5.081290335798175
15502,8.037725767151475
15503,6.946204083574211
15504,6.911220883231304
15505,5.127143149263327
15506,8.353202252612807
15507,4.009667480179673
15508,7.568872091538819
15509,4.372150069407669
15510,6.330126716693225
15511,5.662906766998912
15512,3.1300096052456094
15513,5.1249517086020555
15514,7.024180014472168
15515,8.232804269599743
15516,4.313539713423542
15517,5.505732429868669
15518,6.972301094776043
15519,8.063825465085579
15520,2.79573822444667
15521,3.7421669803284985
15522,4.176414919354517
15523,2.312191342357366
15524,3.954693863121705
15525,8.04861906296546
15526,4.390408200930151
15527,6.890015898568595
15528,2.0716488506181525
15529,5.950140968516669
15530,3.167384586154232
15531,4.712732113033067
15532,2.59814404398312
15533,7.965052006629836
15534,8.353167443229808
15535,6.5850905048977495
15536,4.986277834785863
15537,5.942990042576192
15538,6.269905942321532
15539,4.8561780608783005
15540,8.596572321661405
15541,7.033392435595575
15542,5.4964288277587725
15543,6.975823707978957
15544,3.4355911605848535
15545,4.261013177158635
15546,4.095790841932599
15547,5.142718749343896
15548,7.504056964498611
15549,3.92924992738374
15550,7.524308929187043
15551,8.134310111701918
15552,5.345538684246219
15553,4.227430474431828
15554,8.372769979471883
15555,5.817234476274903
15556,4.250667000420412
15557,3.793005913408559
15558,2.0074310694913065
15559,6.172999715241051
15560,9.385197028922587
15561,8.077412608720204
15562,7.211822476666703
15563,5.916377049628279
15564,7.9010866707730845
15565,5.3543499640226395
15566,6.1923060671808905
15567,9.082817988798762
15568,6.080412463777801
15569,3.840607540607925
15570,8.87515792542179
15571,5.782537193034138
15572,3.7167143826570284
15573,6.496408320067897
15574,6.066992674652901
15575,3.062128094296237
15576,3.1779206556904143
15577,8.728245255700369
15578,6.4407219547932515
15579,5.824011259812746
15580,3.254529748224648
15581,5.55634748204263
15582,3.58478403408983
15583,3.483456505302151
15584,2.679566978357169
15585,2.007278358855603
15586,6.67556525094211
15587,4.109158214415539
15588,8.026262265904574
15589,7.028422669552118
15590,7.237812175496522
15591,2.1447836317762894
15592,5.761150072225918
15593,3.6200294422066923
15594,7.666399850150581
15595,7.635890134766511
15596,7.279508424852424
15597,7.78222474434579
15598,8.622531179537663
15599,7.3443513051761355
15600,5.877189346478717
15601,5.778268654724251
15602,4.877822297708295
15603,7.147324876819684
15604,7.240922299450272
15605,3.796389667719586
15606,7.48337933951994
15607,0.8801874091693229
15608,8.452449448963234
15609,8.363445913952964
15610,5.397665042085173
15611,3.179161687314898
15612,5.66272297228709
15613,4.9018068567591975
15614,4.86624806342646
15615,7.764219741117677
15616,5.867958475971258
15617,3.949893751105257
15618,5.0676855329065065
15619,4.33498768683567
15620,5.328572124006389
15621,4.5586676850123755
15622,8.23035770989749
15623,2.4025957157685327
15624,5.20318248527348
15625,6.320489754074419
15626,2.444207005103303
15627,4.618070024119763
15628,8.677334948749454
15629,5.6498064217934445
15630,4.4158816332573405
15631,4.20714415137554
15632,2.9324913125829064
15633,2.880874116666225
15634,7.537984336198062
15635,4.2023552043381835
15636,4.517540679091018
15637,1.4519008070856705
15638,5.49178678413104
15639,6.583616682617915
15640,6.647939157717172
15641,7.688979909966053
15642,6.596554555964004
15643,5.628160228134378
15644,7.020869599689258
15645,5.535980480333501
15646,3.1048299311191228
15647,4.688837724554135
15648,4.07270775493132
15649,4.793098674473659
15650,7.81448682025382
15651,5.597711705827176
15652,4.589769994839475
15653,8.083060902454912
15654,3.0536484737969616
15655,7.440241593624144
15656,4.17455401948226
15657,6.233563676378524
15658,4.18706229804134
15659,7.09022436510098
15660,6.2890192486241805
15661,7.883925345277314
15662,4.069113358157311
15663,5.226353045835731
15664,8.689222942547069
15665,8.43670281113199
15666,2.7593340815222662
15667,6.6410165927878255
15668,6.261463818427144
15669,7.2026873263809055
15670,2.0461173798161565
15671,6.509567487007109
15672,6.528019410649912
15673,6.730918256876558
15674,5.776642172131594
15675,8.449019957610313
15676,8.593189613620378
15677,4.589832213029481
15678,7.64026352511933
15679,4.9089013494076426
15680,6.354049013704653
15681,6.252052023154426
15682,4.292706329946422
15683,8.863462242659702
15684,4.523037751715366
15685,3.2031346263945344
15686,8.042106294716316
15687,1.5205916410491174
15688,9.485353231514555
15689,6.643643348042359
15690,6.021277136839937
15691,5.862134839637987
15692,7.48401824466584
15693,7.141687963854555
15694,4.8154108171906795
15695,4.5173956394833805
15696,4.098844787200269
15697,8.50563150443444
15698,3.550930485739288
15699,6.555467529443787
15700,4.2345398236498415
15701,6.074116758079901
15702,9.176944333934285
15703,5.962639510631028
15704,4.067054587310619
15705,4.2337946870456795
15706,4.488431845518838
15707,5.936115924914507
15708,1.8801583613161554
15709,6.039196283985804
15710,5.925607585023725
15711,6.596239844457829
15712,5.350864620305655
15713,6.509762270765738
15714,4.040402996137607
15715,2.240800055275544
15716,6.343679418412304
15717,8.77181348112076
15718,4.153333224861859
15719,4.908258025252339
15720,6.628479269923057
15721,6.369944701110528
15722,6.914975020347329
15723,8.747745280669566
15724,2.834731533662438
15725,5.0536442090353715
15726,6.245618650513758
15727,4.555660724405998
15728,6.369314197252614
15729,9.643542265999585
15730,6.7359124209433325
15731,6.061593574267006
15732,4.379227722113171
15733,5.098469288192642
15734,2.0560598647158166
15735,2.848955129985877
15736,5.397604944493307
15737,4.823831269513076
15738,4.340243422760319
15739,5.3790535326256474
15740,3.313716633954939
15741,1.4493784397920138
15742,8.111508313671354
15743,4.408092006867118
15744,6.365618029834317
15745,5.592855910973562
15746,2.352542822876027
15747,6.867699706667168
15748,5.089957904090501
15749,7.101658525858904
15750,6.632232734927914
15751,3.6332536731791683
15752,6.091616144121329
15753,8.039826077000575
15754,5.035122550150261
15755,4.715222924588704
15756,3.1736667875185676
15757,4.199537849381358
15758,4.790294249961213
15759,8.32508543439465
15760,4.086753659508977
15761,6.973303727365922
15762,3.292098177128396
15763,2.9245179621553152
15764,3.8216472688814034
15765,4.640114380923058
15766,5.226869622994559
15767,3.6339867966038355
15768,9.199355771557169
15769,4.687701069978585
15770,5.136411919986322
15771,4.750260125481696
15772,5.412891790671933
15773,8.32219122969607
15774,3.4521490276141122
15775,4.038336042215834
15776,7.805044550022421
15777,5.965359509653009
15778,6.6293265949239535
15779,3.5327784901702826
15780,6.40805040272515
15781,8.82083348494356
15782,3.843026544814486
15783,7.382796375939135
15784,4.192687264288258
15785,8.504505756733472
15786,4.271173922429965
15787,5.720160549741791
15788,7.092869159118671
15789,8.170661895542098
15790,3.835116502442754
15791,5.238119615373856
15792,4.398234919623277
15793,6.556176218673757
15794,6.402859174027645
15795,5.818327187209592
15796,5.520590942496965
15797,9.764534625898031
15798,6.971225255866818
15799,6.053700391646623
15800,6.992538275282136
15801,5.111760302327448
15802,6.785891673150812
15803,2.80915027198852
15804,7.538152177304207
15805,3.460174162004347
15806,5.209653117640323
15807,7.6275923400761165
15808,5.909502788293833
15809,8.29157877742778
15810,1.4670817692949039
15811,2.6406924301844215
15812,6.142969254507832
15813,7.740142591437539
15814,4.678250554152576
15815,4.728326308736993
15816,4.559926424325245
15817,6.429782925741313
15818,5.783785057364566
15819,5.264795610458259
15820,8.986201908611909
15821,5.381671153288105
15822,5.675463783361587
15823,4.95344429908414
15824,6.676143074405204
15825,7.683457009806701
15826,5.903033023210845
15827,5.2636736592640645
15828,5.458807440560458
15829,7.1843923992269705
15830,5.855651565465576
15831,8.84276893826766
15832,3.4549814496168314
15833,5.776619354896241
15834,8.065865810612811
15835,6.536809628885999
15836,6.8297464678194935
15837,5.373757038708858
15838,4.316157492745033
15839,6.961478597905693
15840,7.185585811673459
15841,4.2268997504432715
15842,5.701362265060975
15843,3.964003007724892
15844,6.211293272061695
15845,6.60658258385006
15846,1.3533996721217827
15847,1.7571176454890511
15848,2.1524718948606774
15849,7.7193327148947235
15850,9.483783123349703
15851,4.402989146326964
15852,6.808871602116589
15853,6.510412603948532
15854,6.452149071343565
15855,6.554330455725564
15856,7.716357762116452
15857,8.508085108971509
15858,8.950033233961923
15859,3.273570495055625
15860,4.668489374456334
15861,6.331795733556844
15862,8.40641143733106
15863,8.467199013328507
15864,8.753246233729438
15865,7.446540742280733
15866,7.928803233072792
15867,7.053789645630099
15868,5.760965091591686
15869,4.44695483459054
15870,3.9577174701733213
15871,8.555308629144923
15872,4.67489501693327
15873,4.571231372799771
15874,1.274366439051143
15875,7.386079086386441
15876,9.57926775466747
15877,3.1610766918864615
15878,6.654436318700117
15879,6.920702988779126
15880,7.0577647941469746
15881,6.484561469888081
15882,7.014520132778957
15883,7.696956317171463
15884,6.737641250243227
15885,5.427852596191512
15886,5.910155414312607
15887,9.461253590768909
15888,5.269820223293797
15889,3.417086254522943
15890,5.758702147947354
15891,5.604135438554637
15892,7.542472533295847
15893,5.794494754638315
15894,3.5153320248205393
15895,9.353974729827467
15896,4.684062186796256
15897,3.458960710197885
15898,5.675144120528676
15899,8.557387709723177
15900,2.9749173012785652
15901,7.301381897942368
15902,6.400898602539082
15903,7.171273028624229
15904,4.905012077761703
15905,5.082070254274376
15906,9.234887156898179
15907,7.630782289722198
15908,6.078973085143273
15909,9.139818587958604
15910,4.431190596142507
15911,7.408167910639477
15912,5.631570093455954
15913,2.874193868430977
15914,5.269002227982498
15915,5.552993983137685
15916,8.120220676013014
15917,7.637455524412317
15918,6.752045435380184
15919,7.452297409218827
15920,5.863199729150383
15921,6.342146445565972
15922,6.433330346650793
15923,3.380364102044043
15924,2.691142909908514
15925,7.389767214488689
15926,4.572216795309715
15927,7.2997254836261325
15928,3.533713734294401
15929,3.684211148807951
15930,6.947953653842173
15931,8.336296959733994
15932,3.6290065248148653
15933,6.917160982781639
15934,5.286581806669808
15935,5.594096701459719
15936,5.1399617151005135
15937,5.9683498477957695
15938,5.304594821349232
15939,8.786957809948209
15940,6.333415883965063
15941,7.319208488221233
15942,5.280147227428515
15943,4.346776278458116
15944,3.3177243000212635
15945,8.657294731150909
15946,3.70980268755662
15947,4.791706987619596
15948,7.362281793948909
15949,5.755876447267571
15950,6.804055963116776
15951,6.0953975434631555
15952,3.717643628172584
15953,8.782488962421056
15954,7.486115004889278
15955,2.1963496453803453
15956,4.393131742629503
15957,7.754442102410911
15958,4.254912612123243
15959,2.6292696721671796
15960,8.060399425517623
15961,6.609992463470249
15962,6.126648182407426
15963,5.429383912115966
15964,6.335855775387886
15965,3.76349338662707
15966,2.0702705122068155
15967,3.1146639368143902
15968,6.351086210080474
15969,3.914985900911522
15970,8.433046616532433
15971,5.112664037193035
15972,8.968078928038869
15973,4.518535821574288
15974,9.1926418535395
15975,4.55557831907275
15976,3.252710579349806
15977,8.213671810143719
15978,4.920654229063398
15979,4.862449531636608
15980,6.2543932847935615
15981,0.7482939243991743
15982,6.2280647080694544
15983,4.1592768278900225
15984,8.26027930794781
15985,5.652159350904438
15986,7.020096874889471
15987,4.80296370876009
15988,8.421843019242218
15989,5.473611165699794
15990,3.714003931269455
15991,8.646398906699353
15992,6.001766675018994
15993,5.257583180163799
15994,7.040530669868517
15995,3.6130122079012534
15996,7.154354614992629
15997,2.939723083379864
15998,2.9345091774198924
15999,8.454557487524378
16000,5.654172968012682
16001,6.2316661649544685
16002,5.131275775401367
16003,5.380596389900168
16004,6.1403409871679155
16005,7.887273701882972
16006,5.645581229451397
16007,3.2241008572240055
16008,3.658720461491306
16009,6.390196247621505
16010,7.333308945844165
16011,4.421544794633099
16012,7.345401719180808
16013,8.769742234963097
16014,2.7138400477418427
16015,7.95070262525328
16016,6.6086987906357155
16017,8.06308451449236
16018,5.79477939246144
16019,5.766339881454185
16020,4.764181841550041
16021,6.177167141131466
16022,3.755319311120761
16023,6.059492894859072
16024,1.2629384443403406
16025,6.678650153831607
16026,5.648382935063653
16027,3.262069573057075
16028,8.618138600673067
16029,6.44727915406288
16030,8.697406398259162
16031,4.034661107690282
16032,9.375429296976836
16033,7.689583571555904
16034,6.802955798602889
16035,5.139530160323337
16036,7.340268342661201
16037,6.032225027964576
16038,5.792626494085203
16039,6.529021180286779
16040,3.7900803467571618
16041,5.576031915522237
16042,1.5188799370399866
16043,5.53273300208797
16044,2.92488289480723
16045,5.649608011813557
16046,6.873215540429494
16047,7.941964339382828
16048,6.649937716268406
16049,7.590734461252939
16050,3.9665113262372422
16051,8.065699444181641
16052,5.493528258181587
16053,7.382584098164745
16054,7.794926402633738
16055,6.543875079152333
16056,9.239500982186554
16057,4.462621763048176
16058,4.52355224869135
16059,5.642782231555302
16060,2.1198800005610434
16061,5.888685625741778
16062,5.897376988442938
16063,5.278965601570041
16064,5.073556466592876
16065,7.1261695792190265
16066,6.536438956447726
16067,6.406137928429781
16068,4.583782565847152
16069,7.931417966194724
16070,4.7794420759687135
16071,5.293911358715765
16072,5.7262458114050325
16073,1.8282749254633135
16074,7.259344164952971
16075,5.917710563278671
16076,8.733230884105286
16077,5.090083924257823
16078,4.172531847617779
16079,8.5203565835455
16080,4.673566956878469
16081,2.665010421463734
16082,7.1478687637033955
16083,5.279265697806759
16084,7.998685779248662
16085,5.570539450447507
16086,6.378014926039691
16087,7.483266999994533
16088,6.92644319905996
16089,7.022087413078183
16090,7.865065443725593
16091,6.208556314276268
16092,6.209930606340495
16093,2.193637697599029
16094,3.584576098230766
16095,6.671533099623496
16096,5.903850736324099
16097,7.511832563543751
16098,7.545438784483087
16099,6.045505110314165
16100,7.3151824982232405
16101,4.60620957486494
16102,6.556128885570704
16103,3.6271219038773883
16104,4.874171853942212
16105,6.161487360580351
16106,5.001209252242685
16107,5.635880946175767
16108,4.683757752449143
16109,6.388583935350552
16110,6.124853341526209
16111,4.515551338464946
16112,3.358727789094052
16113,5.64627322126784
16114,3.7852264363720116
16115,9.726437383183342
16116,5.015589111926593
16117,7.669791751294608
16118,5.419353466116353
16119,4.713660596034108
16120,5.2800095242643446
16121,3.391044385722487
16122,8.747502811194266
16123,7.047158044207226
16124,6.338319257406345
16125,5.499893409349086
16126,4.564953928803597
16127,5.647788128249253
16128,7.799449642213393
16129,6.501224063113309
16130,5.866891153369817
16131,4.47918519181313
16132,6.155175000961615
16133,5.7284200263649065
16134,6.782772472137938
16135,7.838915425221463
16136,9.407515850913033
16137,7.133997157789723
16138,4.372967022328775
16139,5.277488944485734
16140,2.718105104880814
16141,7.6402339762163205
16142,6.853998133171489
16143,7.531432424963428
16144,5.599422473006438
16145,5.473252815614204
16146,8.129788923420556
16147,5.683706227430748
16148,3.744949824713781
16149,6.589671322539042
16150,6.23320671365111
16151,5.335427597854306
16152,3.046766723047533
16153,5.19028926858252
16154,6.7292326330569825
16155,3.557789056452414
16156,4.397770490465621
16157,6.65646188124924
16158,4.562672696866135
16159,9.411857173729341
16160,8.607198524233695
16161,3.2881732417673533
16162,7.17307625764729
16163,4.662332810728373
16164,7.848103047117608
16165,2.1441984707774173
16166,7.50237172709622
16167,8.155207832431934
16168,6.403391992321944
16169,5.91162866129604
16170,5.170164004016458
16171,7.58273327262653
16172,8.841770040391475
16173,2.988623190007096
16174,8.749870806887966
16175,4.906221642433204
16176,8.086451604883152
16177,4.18254226345838
16178,7.767013779294239
16179,6.099081950979648
16180,6.872657251575525
16181,4.995230804977062
16182,1.9464931956004168
16183,8.66632170771689
16184,6.119010064897666
16185,2.7060920915244218
16186,3.9346868144157634
16187,7.095330968502973
16188,4.012566705334569
16189,5.285542952860327
16190,3.858404949620126
16191,4.491627745238338
16192,8.893947913402481
16193,5.606901819623375
16194,6.8260886319744785
16195,9.240983196887202
16196,4.23418930236756
16197,4.3960813040549045
16198,7.38082849141706
16199,2.62599209133281
16200,7.549757276635076
16201,6.593599741155041
16202,8.86565712204714
16203,7.542723561066356
16204,8.01322362316639
16205,5.219211474470926
16206,9.423985674155901
16207,4.304632880666112
16208,7.072264163840981
16209,3.6001708150172247
16210,6.329443436512039
16211,5.597962135442932
16212,4.265880215398773
16213,4.5767868841513755
16214,6.786186842548277
16215,6.717229151185919
16216,8.084864475070045
16217,2.303286105891179
16218,5.492462588243084
16219,5.757228253038687
16220,7.040796967883687
16221,7.820356527741451
16222,4.172661925443362
16223,8.740003534114708
16224,5.240260431994633
16225,9.010313956746202
16226,6.507618659798479
16227,3.7317234170204383
16228,8.460401619038183
16229,7.4850212352475545
16230,5.578604853800529
16231,6.0154188073580634
16232,5.266208709463109
16233,5.6529832015706365
16234,5.703085356302562
16235,2.649252560163615
16236,6.420388751040435
16237,7.539618922383548
16238,2.383390596255045
16239,6.654288341111065
16240,8.426003756025194
16241,9.225675380100302
16242,4.7392169243942295
16243,7.122906824665631
16244,5.193884238504485
16245,7.663646512103545
16246,5.838645746482869
16247,3.8846193240521303
16248,8.305083287622292
16249,7.692202318990132
16250,7.621736336437037
16251,6.406040247895407
16252,6.222796442725953
16253,6.996182353987464
16254,3.4588045785931127
16255,9.541480086620277
16256,4.9031577972124305
16257,5.062621703800821
16258,2.451175759737938
16259,5.004215130555942
16260,5.621355152454557
16261,4.751015653721186
16262,6.36778454374114
16263,6.065892545128045
16264,5.261814435652087
16265,7.2557221853582385
16266,4.081130102370972
16267,6.671677349049058
16268,6.41272018024079
16269,6.207441724459676
16270,9.229982569288817
16271,4.102264851629142
16272,6.752806421291104
16273,5.553893989066232
16274,2.4206704377967814
16275,6.179165378137002
16276,7.489138415640578
16277,8.893718463161342
16278,5.406422725988347
16279,7.398654104572254
16280,7.897967094718475
16281,8.573271569466126
16282,2.216414540107043
16283,7.444989434899881
16284,6.588025698983023
16285,6.374614234103295
16286,6.850763892187307
16287,5.01130465758438
16288,4.876873252979721
16289,3.1041762294318795
16290,6.304495186740172
16291,3.0464476333662995
16292,6.411860808080608
16293,7.477779638307423
16294,7.496456415702896
16295,6.9369343571053355
16296,3.7721762068740747
16297,4.543664091310752
16298,4.979895690936064
16299,4.297882981231958
16300,5.710603788678677
16301,5.214322375164792
16302,5.7260802339130406
16303,6.804724953374677
16304,5.964861645677324
16305,5.480716787892766
16306,9.21438386732756
16307,4.17698929776635
16308,6.488079026150988
16309,5.880806911953549
16310,5.242507427259469
16311,4.676245409787958
16312,7.397881959856573
16313,4.907177763599146
16314,3.0177478144560697
16315,0.9927993545049357
16316,6.259883941743642
16317,4.882909213031187
16318,7.572314174413389
16319,9.316534416978932
16320,7.647813411448555
16321,6.201043390114172
16322,0.7742656112370007
16323,7.85424419485167
16324,9.413256110016402
16325,7.202846098029184
16326,6.720505227437421
16327,8.29262054619904
16328,4.752993750772316
16329,7.814998169872364
16330,5.998487148196307
16331,5.454638479887494
16332,7.911514036158679
16333,8.387769569485855
16334,6.071869576133893
16335,3.4287697829478767
16336,3.1897101915887394
16337,4.581787332538943
16338,7.04889339949992
16339,8.036453794943313
16340,4.173693862608986
16341,6.6387031834535115
16342,7.743707342410673
16343,7.962596312829904
16344,7.15053141283302
16345,7.309386216907315
16346,4.325767829294384
16347,6.811315374726536
16348,6.146682221261875
16349,4.399628563072845
16350,7.532647224047648
16351,5.256385025518827
16352,5.214543874257187
16353,3.731601498038332
16354,0.7648089235985331
16355,6.7528773381074725
16356,6.512615981396639
16357,8.534125940475151
16358,7.673651295259305
16359,5.326950808631607
16360,3.9325784848584604
16361,5.210057999225688
16362,7.19923008591943
16363,5.016008383547495
16364,8.306560905160241
16365,7.003935427723023
16366,4.227304847463947
16367,4.6278090217548
16368,3.9804387332912445
16369,6.467678328991635
16370,7.521041992461802
16371,6.958096146003348
16372,1.883652490132512
16373,7.3327865427390195
16374,6.160997992932626
16375,1.926324595897354
16376,4.451481368173601
16377,4.786390920454141
16378,4.488420037160481
16379,7.643490386517683
16380,4.619916605051131
16381,6.543410759960247
16382,4.658008431332406
16383,2.462646748434602
16384,5.971714749497067
16385,8.1531043004351
16386,3.2670371173514177
16387,8.249799156331157
16388,4.949503303900085
16389,1.9586637122450594
16390,6.28331789432049
16391,5.3306194594106815
16392,8.328109964881895
16393,2.6835689961947367
16394,4.505310787715391
16395,4.588636796910321
16396,6.6772425936528315
16397,6.598756451458566
16398,6.915254943979002
16399,7.731355866861662
16400,8.088111454472113
16401,8.43248715658917
16402,8.500615320952566
16403,5.451346315733526
16404,8.15837934930634
16405,4.169293436293753
16406,5.785012429847926
16407,3.031772746854443
16408,0.7247713150170205
16409,3.484148782767992
16410,3.719636354323361
16411,2.8344869039610545
16412,6.144780791037745
16413,9.041409267578286
16414,4.3172610935738565
16415,4.5057551307578425
16416,4.517157004129356
16417,7.353664627166668
16418,6.644151810264139
16419,8.48305433437022
16420,6.57872275586756
16421,7.645974600745273
16422,2.075937368880895
16423,3.4954903811745193
16424,7.337496240296074
16425,6.655760328942213
16426,5.921934512127719
16427,7.36960899802625
16428,5.382192202044101
16429,6.763843615516571
16430,6.290216493366161
16431,4.782208599722884
16432,7.999002302659016
16433,4.455691799419771
16434,6.776126227625433
16435,5.200236530982673
16436,6.752158651272288
16437,9.272476233406664
16438,7.611730892434976
16439,5.48827073592934
16440,7.171804243104099
16441,6.103865007982731
16442,7.570057060503027
16443,2.2872524233654024
16444,7.899558955998091
16445,3.2778974822163685
16446,2.448590873030171
16447,6.337068102061824
16448,6.183519496099915
16449,7.917562782110022
16450,8.215562711762193
16451,4.697714144514382
16452,8.58050939194923
16453,9.0634214075632
16454,5.219918707066304
16455,5.23703279661096
16456,2.199469969617063
16457,10.008716724309634
16458,2.1314680098228873
16459,7.366267622846365
16460,1.67891616618525
16461,2.8996044146197213
16462,2.6496033228574474
16463,5.768786542907906
16464,8.893194757255738
16465,3.805762178532852
16466,8.426992469830275
16467,2.5771345639611045
16468,6.775918246755705
16469,7.624416249551384
16470,7.01759584851193
16471,4.557838530646975
16472,3.278047268409323
16473,4.811011190126691
16474,7.1795505238897075
16475,3.880357630252055
16476,4.691767399500872
16477,5.760595349520212
16478,4.767965037956362
16479,5.233440863411433
16480,2.8998113100632215
16481,2.569426195345687
16482,4.890499217484988
16483,3.166347273687598
16484,5.909728534859985
16485,6.922223217032901
16486,8.002495944953935
16487,6.37574260710929
16488,3.1796192075146914
16489,7.7521898454245
16490,5.069233189290996
16491,7.64483479555334
16492,9.080021262586516
16493,4.242013641369803
16494,7.4466775237086935
16495,4.496101155602692
16496,6.926627031778747
16497,8.634177396500952
16498,3.882067716629801
16499,8.559315742843845
16500,9.602623965610064
16501,6.176417112574747
16502,9.167201492417881
16503,9.012320502997696
16504,7.419466190983737
16505,3.007622612718613
16506,5.989591476207254
16507,5.417279488333641
16508,7.7876851952906945
16509,9.076571950127732
16510,9.535438864654104
16511,5.62041691418306
16512,4.87162873621332
16513,9.203284537837785
16514,6.6911379566400075
16515,5.660883914746936
16516,8.113355871062476
16517,9.276634856831167
16518,5.403013502170303
16519,4.080129086942742
16520,5.8876504429012995
16521,7.708959862468058
16522,5.137481849171523
16523,3.1403261912896827
16524,4.969815309392777
16525,7.587574116324985
16526,6.349425674602559
16527,3.7786111872760872
16528,9.065529518672415
16529,5.128013888652758
16530,5.094764146749933
16531,8.5735357482275
16532,5.508492291877794
16533,4.205472401452907
16534,6.643505758827653
16535,4.521891258426552
16536,5.724973109393117
16537,7.815661434371033
16538,6.651852811984376
16539,8.967066450422298
16540,5.824866947755872
16541,4.417169575581025
16542,3.8583436420396464
16543,8.901855484400823
16544,5.458245126126191
16545,4.305961282073852
16546,6.731535363196992
16547,6.860543809809338
16548,6.102958764587012
16549,6.250985300260114
16550,6.42744490359537
16551,4.164222141143577
16552,5.966667103568236
16553,3.7664113857400325
16554,7.204353565454841
16555,7.55824714437859
16556,5.421448480321589
16557,4.731407290859466
16558,8.545596779170129
16559,6.80835122444481
16560,9.135283281916687
16561,3.56381992823513
16562,9.150489885061324
16563,7.346751586742018
16564,1.9697320254002442
16565,6.378075680096137
16566,5.3227168094914115
16567,7.857490791864531
16568,4.392987194292756
16569,8.079125696001919
16570,3.782613001049425
16571,6.3757018877898535
16572,7.437382198801192
16573,7.395671780961902
16574,9.129522986272715
16575,4.131948908627561
16576,8.365431853824779
16577,7.44491649070134
16578,7.767617092443016
16579,7.592002376790981
16580,5.63481087322671
16581,7.194840010379716
16582,7.105645707645291
16583,5.832557478159393
16584,7.330374152183977
16585,2.640837881246923
16586,6.903399564743082
16587,6.627011633183391
16588,4.990066611465069
16589,8.302456183130591
16590,7.883027500880803
16591,7.857066640778569
16592,8.274782073268208
16593,8.49955329713806
16594,6.923502978029058
16595,6.827133997611886
16596,7.379062116030873
16597,4.819907181302471
16598,3.4528477442093775
16599,3.561405907904822
16600,6.441026555651956
16601,8.092969551375543
16602,6.079799147526386
16603,1.834991252246696
16604,6.493569801784016
16605,2.1658716518923407
16606,6.088053245205529
16607,5.0384414839807965
16608,5.0039209190394125
16609,5.489490002833056
16610,9.46436035766689
16611,6.2711446235035755
16612,5.013924620655885
16613,5.3351288052658035
16614,3.515007437084856
16615,7.680632948253515
16616,6.421589119329104
16617,9.268289946236665
16618,6.587870900740127
16619,5.439431320216147
16620,3.931132834240788
16621,6.903899685131882
16622,6.699509657144063
16623,2.521320597049718
16624,5.367016358306751
16625,7.447134309780227
16626,4.699039275553004
16627,3.9400194698474644
16628,8.961604672712276
16629,6.67832009697729
16630,5.817338883496783
16631,5.200075428323699
16632,4.145773646714672
16633,8.155849222451016
16634,8.447487495316787
16635,6.402704547769093
16636,5.8155334943823505
16637,5.839352486362806
16638,4.111135894701254
16639,5.890716292827315
16640,8.154523665919237
16641,5.551623482578723
16642,6.484972471668904
16643,6.0372807791061325
16644,4.968308562718592
16645,7.4144889345094
16646,7.611673798715545
16647,7.61891463483297
16648,8.538605004916985
16649,7.7682489029677
16650,8.778756241819028
16651,8.078013160676111
16652,2.4254018117658944
16653,6.752940576700773
16654,7.511973070357291
16655,5.140959118005721
16656,6.332066552520692
16657,4.619016018285402
16658,6.796940232165281
16659,4.020480169778289
16660,6.836050146154736
16661,9.818052757966301
16662,7.6158119991560165
16663,7.169915298418446
16664,6.093654635451478
16665,2.196132564128664
16666,6.104546112295071
16667,6.0336018145503045
16668,6.3701645973320264
16669,6.932296039334979
16670,7.927453812198648
16671,8.483615524020475
16672,2.972074972905273
16673,6.217767782472117
16674,6.570849942134175
16675,7.630174352931226
16676,9.698320664455593
16677,9.255903197458874
16678,4.877169194045849
16679,5.864044362613978
16680,9.222945821990212
16681,3.5776875140655178
16682,6.928977010938602
16683,6.5811594217332425
16684,5.870764338892443
16685,8.361278210379856
16686,6.9640625519827735
16687,6.253666252760569
16688,4.725206786484568
16689,5.6918212216121375
16690,6.459599107060125
16691,6.432770507442502
16692,6.39156576176178
16693,5.1602290879161075
16694,6.991452762203657
16695,7.228062435941286
16696,5.731892676577216
16697,2.9546080537895505
16698,5.2671910456469515
16699,6.728117658533005
16700,4.859484750457025
16701,3.6901282490201797
16702,6.807658392481768
16703,7.061070423367243
16704,6.17647119469369
16705,7.15932935286703
16706,6.9979034145930035
16707,6.390924869581778
16708,7.314507967134052
16709,2.721340179690134
16710,5.49712301619011
16711,6.745693941182127
16712,6.523885245515681
16713,8.781593084605477
16714,7.388087691286441
16715,5.377366847955238
16716,7.432064953563474
16717,7.547934645249132
16718,6.261667194677861
16719,8.622612136710647
16720,4.610111925536867
16721,1.736625802096721
16722,7.9801224043609675
16723,3.0753836447265073
16724,4.52079262167302
16725,4.475778509765099
16726,4.532850805690176
16727,8.12810428848417
16728,2.0045602105609035
16729,5.84846831188997
16730,5.107864309490091
16731,7.513532650822454
16732,8.404415603207308
16733,6.255889081067747
16734,5.1479316860496915
16735,2.0853343166236775
16736,7.666882509587304
16737,3.8400148796184674
16738,5.512379058481342
16739,8.058773914990706
16740,7.94317908113169
16741,8.340333193752908
16742,7.606931443437125
16743,4.372167037176387
16744,6.929821251340213
16745,7.872960814646199
16746,8.616564539669493
16747,4.230303249545156
16748,6.2629288159061565
16749,6.746195521948392
16750,6.140813276513555
16751,6.415983407504318
16752,5.809204252141461
16753,7.3796179892141485
16754,7.261962470242915
16755,7.3099157903178344
16756,7.081363110325599
16757,5.509450379172365
16758,5.363344183193421
16759,6.62572612481065
16760,3.3711350795488935
16761,6.608836490154016
16762,4.881627889127826
16763,4.355159683404611
16764,1.9427655893419298
16765,6.38225646183023
16766,3.740509747329072
16767,9.403491266757904
16768,4.737911175862693
16769,7.442730451970436
16770,2.9287397980538503
16771,8.452224875767351
16772,4.25946776426497
16773,3.514997280868942
16774,2.7486711247610516
16775,5.561221976469355
16776,7.005387805967124
16777,3.5372013235944575
16778,7.2708135039518655
16779,6.177347118334575
16780,5.961893031940971
16781,3.943593932665256
16782,8.451698598716392
16783,5.208449454414402
16784,7.727401481066689
16785,6.728048286534682
16786,7.727817694564504
16787,4.985422973457791
16788,5.439983199044497
16789,8.37034276563969
16790,8.43112445555937
16791,7.79613712589086
16792,8.793000206781356
16793,5.868399929791867
16794,3.1739790283441467
16795,4.187089100125182
16796,2.3394434550848877
16797,6.299232798649224
16798,5.114165588100457
16799,8.410174712260075
16800,8.619159765725497
16801,3.336536604140381
16802,6.132354806159778
16803,1.7567557318451363
16804,7.073462459974841
16805,7.049737053027938
16806,7.150622707751574
16807,7.519826668067165
16808,3.1437539927112383
16809,5.636192721845706
16810,5.777793122111508
16811,7.124104640362406
16812,5.769843634397034
16813,8.250287269352187
16814,7.13006172508323
16815,8.1669174476192
16816,8.32929921959207
16817,4.747953018617697
16818,4.183333873824032
16819,5.528621975137236
16820,4.970780272950004
16821,4.951482978698624
16822,5.404800495770311
16823,5.88077952485235
16824,6.2192937603607765
16825,7.452653554935776
16826,4.593272165309115
16827,6.706896046976857
16828,5.852946353967399
16829,2.5958740267727753
16830,3.8868625213555275
16831,6.33646233008111
16832,7.1930063513371785
16833,6.801363246437048
16834,2.989749755115157
16835,8.127791460687812
16836,5.781400136998205
16837,4.990850914159189
16838,2.9379815076554374
16839,8.701596718112995
16840,5.3875338245702995
16841,2.251255562386459
16842,5.815247267640073
16843,4.717632134027414
16844,7.274746917669925
16845,4.806435959835167
16846,7.8835361593818
16847,7.048094898662275
16848,6.243881094543571
16849,8.483252667063034
16850,5.8121110334981045
16851,3.985638384144792
16852,5.3176771039670605
16853,3.8319718503123057
16854,9.401416166248351
16855,7.25990653670718
16856,7.995188497106473
16857,10.016704215952554
16858,4.870561478076284
16859,7.02874270186091
16860,9.412762148814817
16861,8.948708702627385
16862,5.180444298730273
16863,4.823215657309997
16864,6.275795778492505
16865,9.637621191941594
16866,2.7838267208822636
16867,8.504985627201922
16868,5.953834081504711
16869,7.160129632291739
16870,6.639760194972477
16871,6.379826450995147
16872,5.329462793729888
16873,8.019182134726517
16874,4.798500520991691
16875,5.388822337978049
16876,1.447496429922451
16877,4.449895723158619
16878,5.86676426197878
16879,4.987684974870151
16880,6.649391262379217
16881,7.791421855534903
16882,9.108892919323969
16883,9.335200031674653
16884,6.351397739761268
16885,7.5563689969748875
16886,1.920187135064077
16887,5.48955570392944
16888,1.8725761655092275
16889,6.132277273217006
16890,7.138001501417154
16891,3.7823792959352667
16892,7.24869605184106
16893,8.774899951633211
16894,4.208554861382155
16895,4.276717391561758
16896,6.93085787385124
16897,6.6404886079533565
16898,4.829487329240453
16899,9.077120291649384
16900,6.787107655659308
16901,6.394058705280738
16902,5.483886566446273
16903,8.503138639539046
16904,8.273555494034937
16905,7.574288761345118
16906,3.1313012689340782
16907,9.163961160028855
16908,7.146264528996241
16909,3.4648631539177264
16910,5.932010185190758
16911,6.465043358324142
16912,3.02420844666002
16913,2.212802751808433
16914,8.715293729084346
16915,8.118610385163912
16916,4.2857192462262095
16917,7.317635843636278
16918,6.592207790244293
16919,3.9658965008357754
16920,7.002658626887732
16921,3.3179789713115913
16922,7.832047085612871
16923,7.045222235579814
16924,7.507382286856616
16925,9.22848223408279
16926,4.3788846344453205
16927,1.8665757802709901
16928,4.047499068084264
16929,5.420969806804235
16930,6.3589527803018475
16931,2.6881903702367675
16932,4.269288656986508
16933,4.306480371833617
16934,9.103312495197452
16935,3.1239740578836916
16936,6.605507796469299
16937,6.3975228956323145
16938,8.136917326286584
16939,3.645028402567032
16940,3.9355700730110392
16941,7.298107989265928
16942,4.978333522668625
16943,5.1313059088669
16944,6.6555429475948555
16945,6.808556130724053
16946,5.405736184037684
16947,4.115216104584978
16948,5.573311306402427
16949,3.501696411043639
16950,7.635128427038724
16951,7.000354158640676
16952,7.750241827384534
16953,5.535521123761364
16954,7.608567055441181
16955,4.781265678930225
16956,6.667527943179333
16957,4.8351739551670665
16958,0.7497601953029787
16959,3.482221314860536
16960,3.880024239794075
16961,7.99199281641567
16962,4.14187177687752
16963,6.036330730246134
16964,8.167902013504673
16965,2.9183144991628276
16966,2.977410569445361
16967,5.814884677667286
16968,6.8998344326034795
16969,9.876535998475243
16970,3.5018413176088328
16971,7.307960306620448
16972,2.5021045496328953
16973,1.199804261187867
16974,4.179658593602088
16975,9.435618133451783
16976,8.437906675845705
16977,8.659172995029015
16978,6.9328783589294325
16979,4.987778747192562
16980,7.192676632416453
16981,3.3823004898693196
16982,5.449713948551596
16983,6.8556530973768055
16984,7.277708870137814
16985,5.1513679765680935
16986,7.29529681084095
16987,3.6789515576502088
16988,6.64704919409183
16989,4.051136163786282
16990,5.635927423003428
16991,7.396006072776505
16992,7.018006558706013
16993,5.065599027877014
16994,7.1238554565430405
16995,4.721484595973872
16996,8.828060040627264
16997,3.8813157698297878
16998,5.239158965669842
16999,3.647608913567402
17000,7.429359826923897
17001,4.130098138810592
17002,6.757950231176528
17003,8.343268133978349
17004,8.867792968379085
17005,8.783164898397791
17006,4.273523466455022
17007,3.7613843529890416
17008,5.282678953672923
17009,5.331214832164169
17010,4.035299131623197
17011,6.7504070247681796
17012,6.107223172081966
17013,7.320974880293528
17014,5.2651624780284125
17015,3.2512649450292024
17016,6.952587320193819
17017,7.019949710913706
17018,5.408344909133476
17019,7.616940646702989
17020,7.278464917815771
17021,5.224438017477275
17022,6.122158094256036
17023,6.7237415351738115
17024,3.545552140254249
17025,5.722398290288491
17026,5.208744570355032
17027,9.227523302827812
17028,1.5901520091703796
17029,4.233409380735393
17030,6.652056979027129
17031,9.144350653539403
17032,3.6210289062583794
17033,6.17660447045631
17034,3.71338050850609
17035,6.766921313359841
17036,8.988312492591145
17037,3.0225850515074058
17038,3.5594007684760482
17039,8.592393808188282
17040,6.557797394085321
17041,7.089777526800551
17042,4.036432906520379
17043,5.341911185507975
17044,5.740704953458165
17045,6.91987038151666
17046,5.370680248894468
17047,9.062800331995245
17048,4.549892216064348
17049,9.998839053317653
17050,6.7890152077387595
17051,8.148741144718377
17052,6.4027674887718184
17053,6.3945298960898596
17054,3.8377885966399994
17055,7.769821654151689
17056,3.712321104169578
17057,5.428510908626848
17058,6.702930953277557
17059,7.247700564325061
17060,6.070811260328884
17061,5.59806979472992
17062,3.148489743647145
17063,7.240251436093007
17064,7.136494579154343
17065,6.953309702751309
17066,4.273904626050314
17067,5.016132913722032
17068,7.214112633125806
17069,8.421356523960828
17070,6.64524545467941
17071,6.0669315271121835
17072,5.720066234733819
17073,6.495206150319499
17074,4.031155761235372
17075,4.659015994203237
17076,6.215882351843641
17077,8.370213815789539
17078,4.853617529988346
17079,6.393086964924379
17080,4.12011558153147
17081,6.17632155728612
17082,8.29085785311435
17083,5.1107684227750205
17084,7.91063971532712
17085,3.845025900336568
17086,0.9513089901235421
17087,2.361222900660996
17088,6.838056101057882
17089,7.895472581941961
17090,6.719880961887206
17091,8.198222638874437
17092,6.719119579669623
17093,8.525167566663717
17094,2.2383391409238618
17095,4.877516881753222
17096,1.5038567098085858
17097,2.554377347702558
17098,6.124307138423969
17099,2.204323454259919
17100,8.103031463978569
17101,6.154168619591856
17102,7.714042738907477
17103,4.537118953388871
17104,6.888542667214185
17105,7.365012764320252
17106,5.82470951658765
17107,1.6201194696088286
17108,4.104866133238805
17109,8.45031317480256
17110,5.654099890985496
17111,4.865485431378557
17112,4.795445380929513
17113,6.6339349924104
17114,7.29422085335198
17115,6.7521539027349595
17116,4.98026367378761
17117,4.669109414287366
17118,8.529189579470184
17119,3.537868440249762
17120,5.559757171802211
17121,5.541550194263049
17122,8.570538136025643
17123,5.126369148791136
17124,7.676040652906385
17125,5.598575083655604
17126,4.964529073371092
17127,5.786266430775156
17128,7.757450193863939
17129,1.5932054540086436
17130,9.722558513976352
17131,8.680576239820587
17132,5.667645807200145
17133,5.908013832057156
17134,5.170716860150009
17135,6.311095769180088
17136,3.739419937973426
17137,7.864154802978823
17138,6.65246293323882
17139,9.847149388207768
17140,5.0033454675028715
17141,5.997522852179565
17142,4.243905136875272
17143,4.293044565076958
17144,5.092997961282431
17145,2.7794815056285014
17146,2.751137325688471
17147,7.591280753174175
17148,4.244007487753857
17149,6.618003125611025
17150,1.4522332436951402
17151,6.069646251785255
17152,3.1219568460344767
17153,4.083113645479591
17154,3.4799683137856374
17155,3.3355132942950334
17156,4.49158007954451
17157,7.472627196918039
17158,7.316533349512673
17159,8.099408590845398
17160,4.333632648058792
17161,6.551043674024521
17162,5.869880445062373
17163,8.063576642354315
17164,8.227889261840732
17165,6.058692102002454
17166,9.006126027480228
17167,6.332320321185022
17168,6.8633429133068
17169,6.258192517687855
17170,6.967038332347321
17171,4.9996318411923
17172,6.933205827977716
17173,8.311584050674583
17174,4.820859097223824
17175,7.168343966438555
17176,6.302036442774384
17177,9.346291053622549
17178,6.411100072009112
17179,5.416214417534438
17180,8.059039311349501
17181,6.891660814836313
17182,4.05818425405666
17183,6.697688949893687
17184,2.9767827239907003
17185,8.282246890701025
17186,5.128385680047917
17187,3.3379856607972735
17188,6.561228288953631
17189,3.1493619396677714
17190,4.510719514291537
17191,6.321657920857507
17192,4.077951214504906
17193,8.008555738510477
17194,2.7097447660508815
17195,4.006620732504307
17196,8.667687606326004
17197,7.512491782915024
17198,7.6630658149471
17199,6.9422108366718955
17200,4.917252729767107
17201,6.258219606340065
17202,6.825504043226317
17203,4.598063185807551
17204,7.184851349107114
17205,5.9145959902495155
17206,3.767432369078577
17207,4.23562675745801
17208,8.038827820275454
17209,8.601537267988958
17210,7.3348159053990045
17211,8.225588686664565
17212,3.0649784977935406
17213,7.046971075511786
17214,9.194956641444968
17215,6.021727390341565
17216,9.746974168780088
17217,5.25340657350714
17218,7.099959746578055
17219,8.40200489296052
17220,2.723395120587623
17221,5.9710121966978225
17222,2.1144803692787906
17223,7.286258315352482
17224,5.630398798786245
17225,2.3710345550670096
17226,7.213822911413708
17227,5.8269543857616135
17228,8.13102516529461
17229,5.497984109305853
17230,5.200187735750466
17231,3.9692685933823957
17232,4.680688206329669
17233,4.718095314924759
17234,8.464354393452814
17235,8.546397101329422
17236,5.408072561380324
17237,7.381040987942336
17238,4.088207066982904
17239,3.9465477752279576
17240,4.129064676758127
17241,5.269499950949102
17242,4.12461499867786
17243,1.7461665526937191
17244,7.6008824474815135
17245,5.860630990508807
17246,3.719717844356004
17247,8.733052660718306
17248,4.960048178653737
17249,5.596314149769117
17250,4.052969507260513
17251,6.123216658071497
17252,7.194539328750695
17253,8.605341198788892
17254,3.608359389574569
17255,4.718094849314354
17256,3.6697577258549705
17257,7.703363144337326
17258,8.457113055142457
17259,6.660595881512366
17260,2.0063671618318932
17261,8.419441062629353
17262,3.12340917393947
17263,6.9130853917175195
17264,4.784623671470362
17265,7.479328175322682
17266,5.420521509551817
17267,8.248411355022977
17268,3.0054215872915417
17269,4.8121137877489515
17270,7.105920772655731
17271,2.1519295207110662
17272,7.1559366416415315
17273,3.703592841545149
17274,8.50049521675708
17275,7.133459424254955
17276,2.975958271140586
17277,4.401185299628206
17278,4.30132743654721
17279,8.812799298497312
17280,6.322023304399605
17281,5.597471160427098
17282,7.142017756718797
17283,7.171680872715342
17284,3.4000432270355025
17285,6.343612447089966
17286,7.1515446876098165
17287,8.344583611964447
17288,1.508013372586249
17289,4.627332743557885
17290,5.309225039303575
17291,4.351514001111791
17292,8.522830152267382
17293,3.8355589465242304
17294,5.38852828274692
17295,2.873750607389793
17296,6.757802620819293
17297,5.004189150517543
17298,7.018684531290606
17299,6.513092442212879
17300,5.457324623752406
17301,3.7762814408095693
17302,8.598305623774738
17303,6.325252803726155
17304,5.193795528208908
17305,5.9641017955593645
17306,3.348441006771878
17307,7.522536963871175
17308,7.350065617551565
17309,2.202690611724333
17310,5.848142531688335
17311,7.104781555174865
17312,5.771400707431429
17313,7.9704458730489645
17314,8.43620118007515
17315,7.68680257264155
17316,9.19220207672699
17317,6.863508153608562
17318,8.048231812927137
17319,3.102222578120034
17320,7.078713632433412
17321,4.618995518582807
17322,3.8387856476401723
17323,7.85111970341411
17324,4.825993458268294
17325,6.358153994547415
17326,6.435005942961158
17327,5.965483410518503
17328,4.820824300135319
17329,6.564150750651787
17330,4.781094087939281
17331,8.232677232962883
17332,5.713196142879157
17333,8.642233964974023
17334,4.750158631773747
17335,7.310223374407128
17336,4.410491004927733
17337,3.447381339029262
17338,9.220868302832988
17339,2.2868580327685715
17340,6.959234344175007
17341,5.518266575014866
17342,3.7803033976408305
17343,5.792499283052196
17344,5.574409733611019
17345,8.614323899291337
17346,4.5473629576082555
17347,6.489386814222046
17348,3.09794729111575
17349,4.4597167441288
17350,6.4575564022123455
17351,6.922795232582601
17352,6.165032949944046
17353,5.928508611213481
17354,6.851860854265781
17355,5.82054074671197
17356,6.909648472046605
17357,4.162940467601181
17358,6.469062371949032
17359,2.557663700887881
17360,2.4785040175825963
17361,5.586496636226876
17362,8.52659994913981
17363,5.475650323465878
17364,7.622288160443219
17365,4.756449934368436
17366,6.898987841329425
17367,8.505727443745108
17368,8.402255436064051
17369,4.993513249898468
17370,5.402714871871513
17371,8.127174526647813
17372,7.209426410333054
17373,7.492986903120302
17374,4.53362194436788
17375,6.079501000467662
17376,8.094777975567053
17377,8.120373817425106
17378,7.376551172420371
17379,5.699601012779917
17380,8.597940777352507
17381,4.070046678562519
17382,7.029166329500415
17383,4.027552897583733
17384,8.091995763942606
17385,6.567794238010362
17386,8.544756300523016
17387,8.87343081525377
17388,7.649881638142611
17389,7.574998185840064
17390,3.105031453362833
17391,4.103665850166949
17392,5.433232416490198
17393,5.494211548026077
17394,7.3405285503953985
17395,5.25842787172374
17396,6.901760653960195
17397,7.3516383023052425
17398,3.591839525140417
17399,7.5084136368790455
17400,6.289200161447939
17401,1.5474027273687467
17402,4.170248590665377
17403,7.04197405891881
17404,6.046509825078615
17405,4.2640633015602205
17406,4.0973888996056855
17407,4.216782821128516
17408,6.156131002793545
17409,5.237187576697416
17410,8.374207962310974
17411,5.411035007577384
17412,2.3684834892434306
17413,3.6508817103176403
17414,5.491222134149945
17415,5.945224896069458
17416,6.83991328749483
17417,5.430621980141444
17418,4.566710631891759
17419,6.465702184721435
17420,5.094110112532936
17421,7.424149135827509
17422,5.830877576540284
17423,6.453085151792312
17424,5.473021117075088
17425,6.829314062991374
17426,7.469741607587844
17427,4.524113023203016
17428,6.7582686296296846
17429,6.278490235089629
17430,7.7868294384402414
17431,4.06819663619252
17432,6.666129323001235
17433,7.913096341145083
17434,4.9160314685451665
17435,5.233479024094541
17436,6.983802208821076
17437,5.649931767342011
17438,6.80394831002413
17439,7.39948695209325
17440,6.402400629057042
17441,3.600915115007492
17442,7.881039656401455
17443,4.79315992221687
17444,9.076633687976003
17445,5.540332007239829
17446,6.452680505352568
17447,5.516033664206585
17448,5.767399063188904
17449,4.247747469023978
17450,8.875871891570998
17451,7.552675966357132
17452,8.593111195043468
17453,6.251631325310327
17454,6.861188018014959
17455,3.4401377781181375
17456,1.7839003705613583
17457,8.313536635994717
17458,5.275345744539832
17459,4.593623632950834
17460,7.065756386199256
17461,3.960392116990602
17462,5.3674477579184385
17463,7.396663692735435
17464,1.4208865834179327
17465,9.542798631990324
17466,3.482297513689617
17467,5.793155603361466
17468,6.639937443705816
17469,3.740197593080711
17470,4.144630666936334
17471,9.760014303922677
17472,8.082630170214154
17473,4.148864483982039
17474,3.987115792004615
17475,6.730212529387615
17476,7.026656797600155
17477,8.295845976573789
17478,7.289285432441526
17479,7.016492767796206
17480,4.543689964368509
17481,4.908401031208025
17482,1.7325185508531815
17483,5.584845338663092
17484,6.078873615817043
17485,4.884203954202523
17486,5.1592664913421205
17487,9.001946965365436
17488,6.588912884674771
17489,5.377576046534485
17490,3.8109744456229446
17491,6.990962245163184
17492,5.838370019879456
17493,7.967842043094859
17494,6.064586619784794
17495,2.4864236558264095
17496,8.440653849542297
17497,2.5875973115284605
17498,6.938822363714796
17499,8.522533840618234
17500,7.669858793507766
17501,3.578959367710449
17502,5.7955777495823035
17503,7.339052017727152
17504,2.8904371691442434
17505,2.369782207025567
17506,7.4989977905938225
17507,6.082804284635589
17508,7.374040079396604
17509,3.592261837908889
17510,5.6527123385156095
17511,6.9364192270309015
17512,3.1625569923052184
17513,4.8079017966103805
17514,1.9024491542130118
17515,6.443483876500932
17516,5.490302261048628
17517,9.291101833134363
17518,2.194811573605601
17519,5.82561651313482
17520,7.545446853938307
17521,3.796192247378407
17522,5.031292625545987
17523,7.438826735156079
17524,8.790580350527126
17525,4.819361247091157
17526,8.689061117369283
17527,5.40234028928843
17528,4.226050935477514
17529,4.896727833091748
17530,2.5437383819581623
17531,3.7433414256885134
17532,6.5986532736697825
17533,7.922874784201163
17534,2.9625902331550993
17535,8.477986482503919
17536,3.677836791804439
17537,5.372698172980536
17538,6.443614951004673
17539,1.403516927120358
17540,7.417298171334528
17541,9.41686916106668
17542,4.619075093399214
17543,6.37407671909071
17544,5.1803355448502755
17545,3.6281887840968974
17546,1.4569940018963823
17547,7.506627769614068
17548,5.11201370820811
17549,6.545877653611345
17550,7.790706404081284
17551,6.037631710388043
17552,8.351221959589639
17553,6.594093523214884
17554,3.836790219298109
17555,7.348926015419356
17556,4.4833466867344764
17557,6.246604759764286
17558,2.999295988053678
17559,5.822894924630017
17560,6.310024834631909
17561,7.74542444552744
17562,8.465725510553282
17563,8.544665490019707
17564,5.971797362100709
17565,3.21324071967069
17566,6.279923116032643
17567,6.536290158731082
17568,7.397191638080885
17569,6.591597692341838
17570,7.8080086064963705
17571,8.31489372936929
17572,5.577267630757149
17573,2.7662653714812917
17574,5.564365137853507
17575,5.555017350509753
17576,4.83452232445582
17577,5.9640269114720645
17578,5.386637891821148
17579,7.500379294862704
17580,8.296922287406822
17581,2.291012142144007
17582,6.600354461832664
17583,6.734678206912578
17584,5.709066391703333
17585,9.00360974432914
17586,5.465615673158093
17587,4.056329900723254
17588,5.480726707821486
17589,5.151641844892204
17590,4.445866871335762
17591,5.771909166977633
17592,4.388588546487993
17593,6.716009470317578
17594,7.363709696910654
17595,7.581516370751107
17596,9.81076137053659
17597,5.13802542532916
17598,6.772876126108669
17599,3.794836585212468
17600,9.428428864181635
17601,9.104414738413752
17602,5.081847895147773
17603,7.236652984207456
17604,3.0386180595704695
17605,3.737048700274058
17606,8.330052796898022
17607,4.919178759413044
17608,6.973309397019425
17609,5.627326306587388
17610,3.8241146392452685
17611,2.2749199738254102
17612,7.435749478689997
17613,3.5961686770285244
17614,8.667418271501111
17615,7.692878245831324
17616,7.811925178690576
17617,6.743873403402088
17618,6.653037271768732
17619,6.289598748908724
17620,8.615912526632721
17621,6.1657997475045905
17622,4.349351001308724
17623,7.961631084672936
17624,7.075453430374678
17625,3.896431160763834
17626,5.121864440366384
17627,6.638517856682482
17628,3.379069004281985
17629,4.847664515183263
17630,7.34612749169596
17631,4.842419702814231
17632,5.930488519737758
17633,6.147259522966032
17634,3.759045804831628
17635,6.23627869308275
17636,7.419115462172697
17637,3.452658097328184
17638,6.304627160057226
17639,6.353771089981606
17640,8.369865529118629
17641,8.014523137736644
17642,4.817625188242128
17643,6.035058674030968
17644,7.834445712307403
17645,5.2371976798446624
17646,6.628244076125801
17647,6.22739838014852
17648,5.8967496961029955
17649,4.388292001779126
17650,5.81440066150697
17651,6.998555061539204
17652,6.280808956395807
17653,4.773427586096242
17654,1.4537141378384772
17655,8.059672015548106
17656,4.047634544412071
17657,6.472534467057747
17658,3.7347944478005815
17659,5.628218543855518
17660,6.00161452700229
17661,3.2173181618000175
17662,2.2428478543563455
17663,7.309337335223839
17664,6.566125205005983
17665,9.6347871959795
17666,4.512637901543378
17667,6.058475778240076
17668,8.70661903135194
17669,7.69305767057423
17670,2.797690364116127
17671,6.0955497361299695
17672,7.373833942571887
17673,9.060684065357892
17674,2.3930623183917668
17675,3.1195913296653903
17676,2.8122726957171658
17677,7.270462375155447
17678,5.143873540958564
17679,4.5353389807412
17680,8.976789546323419
17681,4.764095971821448
17682,7.12426986032864
17683,5.524864978433695
17684,7.823064520153199
17685,3.776628264853584
17686,5.976074517089574
17687,6.577900545322572
17688,4.158575799404497
17689,6.004007825171511
17690,9.58622799108548
17691,6.423558365558042
17692,5.822644147409373
17693,7.167258083378993
17694,4.945524654860911
17695,5.273023782862957
17696,7.74197544740784
17697,7.789812300011033
17698,8.124756429020064
17699,1.6620498622765945
17700,6.573144480027497
17701,6.554259670237481
17702,7.431388640948563
17703,8.091549767816048
17704,4.1077343697031665
17705,6.9558314694879675
17706,5.385009357820789
17707,4.2194807402251415
17708,4.309448261613207
17709,8.806906898825105
17710,3.781593540592725
17711,7.684521965674005
17712,7.499339194675255
17713,4.053063213344377
17714,6.569178143834217
17715,8.917171094812776
17716,6.102014336199892
17717,4.232839710956519
17718,5.796395734624999
17719,4.8140670459587955
17720,6.6096060859620795
17721,6.257333355748418
17722,6.236021447199216
17723,5.963655421728326
17724,9.302495761300419
17725,6.263418933859333
17726,5.904927653197417
17727,8.012136757303157
17728,2.1395714858945345
17729,3.826168678957937
17730,8.588420439522952
17731,9.779319238740598
17732,6.581027724534161
17733,7.419523607021848
17734,7.916187414134459
17735,8.022640746587054
17736,4.508226227067366
17737,9.036182429401066
17738,5.533572328844072
17739,4.089427471370262
17740,8.035840537423795
17741,7.167781282720525
17742,9.273409524201236
17743,6.232807921738883
17744,7.322192607237808
17745,8.512228852519371
17746,8.440940372528102
17747,4.444886797986141
17748,8.261718819755723
17749,6.326556180075375
17750,4.695484681189072
17751,4.375560176934769
17752,5.624302481044688
17753,7.1034237291914515
17754,9.901570623733276
17755,4.968978936590821
17756,4.325010817979801
17757,5.68677538562968
17758,4.639315485473757
17759,-0.013418116666042684
17760,6.515271704092537
17761,6.025536003318535
17762,6.899313762762965
17763,8.690533783247798
17764,7.329522432850514
17765,3.6059762807839983
17766,7.264292927165547
17767,4.659479732747228
17768,7.0988520357093385
17769,7.147491962186637
17770,7.485737899242284
17771,2.7723221128908095
17772,6.000534032610797
17773,7.792792047247916
17774,8.142023552105218
17775,6.052416532081906
17776,6.227863278930862
17777,4.906005039048226
17778,9.355394313822062
17779,9.129658845382803
17780,5.183796735614851
17781,4.403396137364026
17782,4.71032378306079
17783,3.934301900427184
17784,3.5158211210017396
17785,9.56499547607495
17786,8.161385517465762
17787,6.160468927478123
17788,7.703225066075898
17789,5.620395393140063
17790,8.208278245727715
17791,5.585514706184722
17792,4.103202809557425
17793,6.3291571867233625
17794,5.501306271876879
17795,4.652211364130087
17796,3.8863420225014815
17797,7.258816741940038
17798,5.773849356401148
17799,6.304991517581607
17800,5.118417374771027
17801,6.1464009215290805
17802,8.358236053838516
17803,5.7718395302877425
17804,1.5361970220395196
17805,7.321096651645036
17806,7.131899926529199
17807,7.13002424530198
17808,5.9203232778322095
17809,7.271227276608484
17810,4.937886061534731
17811,3.6774132316403247
17812,5.050510227844379
17813,7.642519866580292
17814,5.334555164358241
17815,2.030585936199171
17816,6.4248314984190245
17817,5.080914123885358
17818,5.624156077656783
17819,7.218955693849054
17820,6.855317991356707
17821,3.8873075128386887
17822,7.5245240351681275
17823,8.390815882079202
17824,5.733212373971195
17825,3.204180683978589
17826,6.837178332862677
17827,4.837243908512006
17828,4.65962313962875
17829,5.966260172331029
17830,3.541936696799558
17831,4.22970223731822
17832,8.133075075828378
17833,7.634460627166956
17834,6.220094465872712
17835,6.0780982315411105
17836,6.674632850233615
17837,7.020027239153945
17838,5.186046010096277
17839,6.327826370952685
17840,8.292787014665953
17841,3.872893261063168
17842,5.396276948449345
17843,7.624267460549122
17844,6.33135988470402
17845,7.777986645258416
17846,4.492145453103387
17847,5.171479276434873
17848,1.4931694950860788
17849,6.221767995203669
17850,5.267436935706172
17851,5.184918793220203
17852,5.112094509465859
17853,3.2061932517536977
17854,3.8001363463962092
17855,8.869373125154366
17856,6.547548926624675
17857,8.311043608642054
17858,5.982471083038126
17859,8.354107280773679
17860,6.815377662120404
17861,4.510698697385531
17862,3.443192127532338
17863,6.8000693179291325
17864,4.942836493237362
17865,6.759147032878208
17866,5.868475250069059
17867,8.371470205065755
17868,9.02395277721163
17869,4.77986554849927
17870,7.420214171006717
17871,7.637817004730975
17872,8.426785676224565
17873,4.061853886184689
17874,9.453845597296212
17875,4.97552230212286
17876,7.427301688442935
17877,7.947083055418554
17878,6.167940913904335
17879,5.228620847591322
17880,6.382473627177421
17881,5.518245828576321
17882,8.04024120705255
17883,6.087521258084348
17884,1.5559503298247588
17885,2.801892643331848
17886,6.025553734545592
17887,1.7198252597040642
17888,2.652358564550881
17889,8.035137471193195
17890,8.86693713860334
17891,7.119338766447635
17892,2.878200059779267
17893,7.289093049251647
17894,5.151462319444814
17895,5.690877720159523
17896,4.387336650807917
17897,3.497038784666178
17898,5.931165865542656
17899,5.269131623521153
17900,5.746243138108028
17901,5.919526716160814
17902,7.827331982332879
17903,5.808797230578765
17904,4.580307818279849
17905,6.619754711485763
17906,5.686496455035626
17907,8.69729537288113
17908,4.885800420353364
17909,7.580694892128246
17910,7.504526130589134
17911,5.524448163061982
17912,6.981185517976109
17913,7.810750972951316
17914,6.988546055550176
17915,6.079644468615098
17916,5.740679769250453
17917,7.619474979325217
17918,5.003836382403591
17919,3.50631147760973
17920,6.950594067230417
17921,3.982640681638913
17922,9.037598371642334
17923,6.472250708920489
17924,2.6400786856417318
17925,4.546234449632597
17926,4.651234287555833
17927,4.1774374528667
17928,8.712221578900463
17929,8.595835955688456
17930,5.773607313065204
17931,4.2128802695332155
17932,1.3915232742605208
17933,7.030347550634522
17934,6.345246770989415
17935,6.6449753332665145
17936,6.857228945680601
17937,6.594754891392712
17938,4.618130708748335
17939,9.436919984128481
17940,8.742014045788814
17941,4.703609119044005
17942,5.268189751238558
17943,7.1202900050337465
17944,5.408425141955225
17945,9.05491567695749
17946,6.535646519753014
17947,9.147454138641734
17948,2.587660580414994
17949,3.9922046877881554
17950,5.471675982150091
17951,7.851304861774909
17952,7.100990400418491
17953,8.590395291189036
17954,3.9769752222744565
17955,9.628464554212185
17956,9.449819746859824
17957,7.644103391447438
17958,7.5580970995052885
17959,7.047575579891305
17960,4.088008347107753
17961,5.869918889288951
17962,6.300283148004554
17963,6.42210558918515
17964,4.996525127671467
17965,7.889250579454087
17966,9.009497814456884
17967,6.317717240048047
17968,7.48912292076238
17969,5.920943482189749
17970,7.199373735441599
17971,3.9972803361000606
17972,7.509236398750739
17973,5.359254437928578
17974,7.958259583274587
17975,6.252521065125873
17976,7.68169157256915
17977,3.6178014506833227
17978,3.985280938746377
17979,5.2483722120047505
17980,6.292559405269019
17981,4.570211237868821
17982,7.22422327798161
17983,5.880698567819329
17984,4.127780621258382
17985,9.331647294426999
17986,8.545161326258675
17987,7.878904709071858
17988,5.691246558643497
17989,5.800142818580106
17990,4.699150700828368
17991,5.875056183165246
17992,8.51994550436729
17993,5.474444044891909
17994,4.2147765550248
17995,1.843414408800981
17996,6.618118174749716
17997,7.010661598748956
17998,4.990117698292256
17999,4.964838515364066
18000,3.8863581360353545
18001,4.761472892698848
18002,5.331849349438556
18003,6.984851971143197
18004,4.6937759420996406
18005,3.716540586276671
18006,5.000075377855285
18007,4.037522447883116
18008,7.553267646661863
18009,1.65434580244859
18010,5.839641324179695
18011,6.945447604393075
18012,3.8902162818932586
18013,9.188855629927524
18014,5.358012559706108
18015,8.818031137299272
18016,8.800123323129322
18017,6.997074572227987
18018,7.668672601976503
18019,5.830490967828336
18020,7.4874662467779585
18021,8.268535666734632
18022,5.56175340845234
18023,2.8666294002141743
18024,4.184357915591845
18025,8.928659066718103
18026,5.391007175883865
18027,5.0003724890651515
18028,5.266303388235432
18029,8.554776013489722
18030,7.775995613290065
18031,7.270084479680034
18032,7.907059317975526
18033,8.21940223546523
18034,4.512729090185902
18035,6.396701952748365
18036,4.437265361885471
18037,7.630697947210173
18038,6.845169258963957
18039,7.240573166639931
18040,7.116457485151396
18041,2.4883259304470537
18042,5.899536122617682
18043,6.625675784487254
18044,4.074987684096046
18045,6.605121856475901
18046,3.744076915859804
18047,3.4479147096922453
18048,6.04703018987446
18049,7.010722418989789
18050,8.699431793297439
18051,5.4178924051636255
18052,5.26048548205152
18053,8.461804829265946
18054,6.136593574134157
18055,6.2450516350527705
18056,5.738717744026833
18057,7.258594997973153
18058,6.918142346725925
18059,5.460423767476591
18060,5.515429887182256
18061,7.5246042234371835
18062,7.525853445230753
18063,2.4040217953714786
18064,6.3840581923314765
18065,7.514533528151432
18066,5.007851715147102
18067,8.983318464585878
18068,7.3076597845681786
18069,7.403740165571309
18070,5.5945430818784185
18071,7.114048995307562
18072,8.120838230509664
18073,6.510237992376464
18074,4.389716893293334
18075,5.216068242579125
18076,7.000198807178916
18077,7.218305821057099
18078,5.728302081327455
18079,9.001316793205284
18080,2.092782174377665
18081,8.591107016023507
18082,9.06207624922922
18083,7.328642561987683
18084,7.387286561582661
18085,1.160068088764681
18086,5.696797647253736
18087,5.062227663796963
18088,5.557141562279241
18089,6.816008938563961
18090,7.094272326558313
18091,6.090501797415713
18092,3.3182282472351443
18093,8.28270345411528
18094,6.007691274270281
18095,7.646993045030918
18096,6.145624780814542
18097,7.474438404098757
18098,4.709274360173877
18099,5.909310571562139
18100,6.999943195114751
18101,3.9652989940956878
18102,9.132184849810393
18103,4.472000290377343
18104,2.8303840399834597
18105,6.067004800442279
18106,5.564249913097917
18107,3.8399205578407654
18108,7.290314657910115
18109,4.8252060671361905
18110,6.763450821999354
18111,5.078232713364022
18112,9.13253387883896
18113,8.842369658342925
18114,6.687407923950177
18115,3.095721909571326
18116,2.940893703136184
18117,4.6381712726249065
18118,7.478766959972298
18119,4.90562551216269
18120,3.1282520894178636
18121,4.873585168386091
18122,5.061073080687687
18123,3.83748350777389
18124,4.954517050435327
18125,9.038596264501297
18126,2.602554828681811
18127,4.004435739928925
18128,7.2611776910654395
18129,2.022605674485681
18130,2.3327920925703145
18131,2.872394102322275
18132,6.6244049375755765
18133,7.077223394850467
18134,7.586863425304918
18135,6.328704225908565
18136,8.676332432652542
18137,4.617892544967464
18138,6.418940638322052
18139,7.028853860956227
18140,4.843334165074202
18141,3.425738991807047
18142,9.246816259624001
18143,5.474047428734507
18144,5.243360143180403
18145,6.10459384504714
18146,5.019436726066864
18147,6.829505207160919
18148,7.96067075196234
18149,8.445921763459301
18150,8.995359014602439
18151,7.5911670792087085
18152,5.8263760673024425
18153,5.039391242003619
18154,7.617621736464831
18155,7.229603623754537
18156,4.982271146983172
18157,9.69976125575522
18158,6.372968838359682
18159,2.855971596315938
18160,9.049004298192735
18161,4.203779862315203
18162,5.101808498266289
18163,4.588648953901052
18164,9.000869467108108
18165,3.2784252050202394
18166,8.420429723800837
18167,3.23838316619522
18168,9.022207474248514
18169,8.159843731491407
18170,4.8667719638869364
18171,6.528493299958881
18172,4.88180748979707
18173,6.027453050872708
18174,5.343279841865222
18175,8.051187979470816
18176,6.745479217680779
18177,7.8993720197674735
18178,0.9790142906028788
18179,6.504081101862136
18180,5.270808263017873
18181,9.389110339762162
18182,4.2964342458414
18183,5.521211722928415
18184,6.631203810102153
18185,6.783797879330063
18186,6.665915815032075
18187,4.080527511378266
18188,6.970600601790091
18189,8.176222435720083
18190,8.511422485781535
18191,5.49679417349188
18192,5.892084338086338
18193,5.144223608308984
18194,3.539108010165155
18195,6.485904276117993
18196,6.6997518281554
18197,8.322198583094464
18198,8.57391838007056
18199,4.543784649612335
18200,8.055417943168496
18201,5.883869522239268
18202,5.562107596355142
18203,8.956636085335877
18204,6.812061504174275
18205,6.985522534860971
18206,5.858063760708728
18207,9.64023666054672
18208,7.179212579041385
18209,2.7391740446573003
18210,8.331413751746235
18211,8.428632422876202
18212,4.221302517026862
18213,8.82405965071969
18214,5.714636382318319
18215,6.965378099657745
18216,4.349151355134163
18217,5.403382910395683
18218,4.2053858738669065
18219,5.055226268250302
18220,7.908029653356481
18221,1.59408533502145
18222,4.476703295526908
18223,4.827801645573764
18224,4.86538376106217
18225,5.576854762366768
18226,6.739123197183278
18227,4.782696394169718
18228,4.83274627411633
18229,6.5738148331225235
18230,1.2624161994381513
18231,5.890076720923895
18232,3.5167850510351157
18233,7.3778135244546394
18234,7.233411116066328
18235,9.684472128114535
18236,5.566836998156768
18237,8.920142274991116
18238,5.391084282068542
18239,6.456627093806354
18240,8.04909044992384
18241,8.49905705314034
18242,6.632088400686586
18243,6.797096705227609
18244,5.752774423658511
18245,7.604519838937154
18246,2.991516027256668
18247,4.997435280554559
18248,4.332594237090083
18249,6.942104615437496
18250,7.267102175531081
18251,6.193450898156776
18252,3.5105728195516557
18253,8.069424199966178
18254,0.822382501154569
18255,7.729554804519665
18256,4.290937805030694
18257,8.261945144250967
18258,5.319556895108479
18259,6.444225345140666
18260,8.952074028578656
18261,3.4143577066897848
18262,7.471002834653891
18263,4.878845264073689
18264,7.4895467340766535
18265,4.075143257426173
18266,7.970542641924661
18267,5.258755880726794
18268,5.733406705296991
18269,8.739849272258079
18270,6.693252775778145
18271,5.9140984036872775
18272,5.653639035957177
18273,5.655289257833895
18274,2.9493514423425964
18275,2.2638537310588975
18276,4.188666506966923
18277,5.633832347557507
18278,3.5095683484329423
18279,8.132986422753753
18280,6.02974581557393
18281,7.480057450216768
18282,6.132647200271773
18283,2.7358980181670747
18284,3.4700881475616945
18285,4.801483899292286
18286,4.061583219514034
18287,6.272251461904701
18288,7.178347362440536
18289,4.961496485083403
18290,6.0281466829906485
18291,8.898411269504614
18292,4.387925842067518
18293,7.669232620843638
18294,6.665687358705945
18295,6.8090151638157215
18296,8.006176882090847
18297,8.91744737492296
18298,0.6374839239536729
18299,1.9223081488460982
18300,6.309779683605332
18301,5.418385523681754
18302,6.191981333217235
18303,4.865880600971325
18304,6.9826929067238686
18305,5.177735263951629
18306,6.645884866247908
18307,4.167898113837817
18308,5.830355898088412
18309,4.557091863301553
18310,7.250365337846188
18311,4.641484049462971
18312,7.529407206979071
18313,5.10248233063516
18314,6.336802811301573
18315,4.470651398253377
18316,9.958215078199073
18317,5.623289963238127
18318,5.624493750937862
18319,3.9786426450362278
18320,4.315203756848138
18321,2.8540129326359653
18322,3.4654012802446643
18323,4.428524099882059
18324,5.0407179577290755
18325,7.126182509303053
18326,4.272475575835635
18327,5.3378443249627185
18328,4.16717874620492
18329,3.013278406480347
18330,5.8518625490560945
18331,6.9837178160971884
18332,6.090810935470723
18333,4.629676703893297
18334,6.30481144003174
18335,6.760839403260465
18336,4.867188810786279
18337,5.710001350112312
18338,7.584418983404787
18339,7.520243330695477
18340,3.7755811913474946
18341,9.423284717723462
18342,3.6472027279448094
18343,3.8242011154474325
18344,5.541214259489897
18345,5.164184406815583
18346,3.7437047812239976
18347,4.148999952581608
18348,6.99582703118919
18349,5.012834832963987
18350,5.80387804810432
18351,4.878147168114962
18352,2.132056007841252
18353,5.811983351266089
18354,4.012035468225479
18355,4.048399724659857
18356,4.659721263002945
18357,3.818001402019657
18358,8.353895030013556
18359,4.991854129496927
18360,8.519806067769185
18361,7.501342500721198
18362,7.877045298142331
18363,5.271720820972151
18364,8.223106659131894
18365,6.783294144856736
18366,7.2590998517021195
18367,6.814102748264552
18368,8.08982759508972
18369,4.382075064302754
18370,3.084175308660969
18371,8.245664024948553
18372,7.07636959241453
18373,7.217744246741073
18374,5.906974653029195
18375,7.681810113414952
18376,3.9978734908477467
18377,3.261255209265512
18378,5.968998658595305
18379,5.624133859265511
18380,5.651017687051635
18381,4.09473403677223
18382,7.067352046545582
18383,3.829827670157263
18384,6.968156008763095
18385,6.1381778473764665
18386,5.977686003070228
18387,5.94284684976905
18388,7.803546214718908
18389,2.9364166508207274
18390,7.887110267348401
18391,2.8407033497682983
18392,3.9010161813150024
18393,8.132514554725871
18394,8.08668799263767
18395,6.991412983573298
18396,6.56311105975751
18397,2.3387287678223894
18398,7.104694962966919
18399,7.8378644493346235
18400,6.69259294797428
18401,6.572415026727429
18402,4.602518898793038
18403,4.242430017941616
18404,3.891006555343878
18405,6.7377933885016015
18406,7.971969333469016
18407,6.058825949004314
18408,5.90335386960035
18409,4.803775907206266
18410,9.5470276115431
18411,4.341400066289791
18412,4.906209702797066
18413,5.778321881951275
18414,3.311703821877017
18415,5.128306357675215
18416,6.817191547977545
18417,6.219413863705201
18418,6.534826074549671
18419,6.47669086261514
18420,4.68886845727251
18421,7.960797735908564
18422,5.2473653407645084
18423,5.230722252213684
18424,8.503529029889595
18425,3.991028877031224
18426,6.576976505058932
18427,7.718911495229373
18428,5.303773557117075
18429,7.767889574124071
18430,7.515638759543674
18431,2.225753108192448
18432,4.80318970778902
18433,6.665952978059746
18434,6.37742698900131
18435,4.970578831115242
18436,4.045160715306191
18437,5.029719158234313
18438,4.375441366889942
18439,9.012188243634556
18440,6.840168554921361
18441,7.460341096225569
18442,0.5761927696364258
18443,4.876662313947994
18444,4.773115280530489
18445,5.159927830845932
18446,8.079696470299568
18447,5.284307197373497
18448,5.677716789283987
18449,1.8824369236658596
18450,4.340512850977923
18451,4.811684999797599
18452,6.956974706872659
18453,2.561763120808081
18454,7.91648295288802
18455,8.082113226301018
18456,4.8024843074638675
18457,5.881544673971794
18458,6.854424384830421
18459,3.139665211579752
18460,5.0291416539704965
18461,4.04289825906544
18462,7.460547194404839
18463,4.677388334067984
18464,6.216354054171056
18465,7.445102904012801
18466,6.364188129727762
18467,4.057780610230826
18468,7.817480404510427
18469,5.432885757292313
18470,6.479722214234937
18471,7.670568543237204
18472,8.077874668504696
18473,4.408955377842377
18474,2.1321552797132135
18475,4.645768789356474
18476,6.392647811312756
18477,7.038556619405216
18478,7.905887346329998
18479,5.252634964702677
18480,7.044603544534304
18481,2.19022730591919
18482,5.13476306891131
18483,6.270647870950325
18484,9.247419074155514
18485,4.43734916041945
18486,5.406428620621872
18487,5.401006786564815
18488,5.744314688782131
18489,2.1966908215092964
18490,5.438744651711244
18491,4.891413248889005
18492,4.251977259299123
18493,3.7722448890721014
18494,3.560424344376698
18495,5.650362927544997
18496,7.441767471805106
18497,6.338690834462007
18498,7.582886003496768
18499,5.36844770440333
18500,4.2006247199298885
18501,2.3935537761472667
18502,4.809607660254359
18503,8.22566949221048
18504,2.6452530011715005
18505,5.429451453080315
18506,3.061427009418464
18507,5.250602492275835
18508,2.12148073514331
18509,5.245157062716248
18510,6.432293114773883
18511,5.26233664397377
18512,6.68646010894557
18513,5.724502917629566
18514,3.716718782232701
18515,4.700814928708723
18516,7.7472698024995745
18517,6.1008532781963645
18518,5.122807719939833
18519,6.3316163003909915
18520,7.27718022488303
18521,8.474422163597595
18522,6.50850867841774
18523,6.83717976147855
18524,0.04859732671844717
18525,5.43820978375313
18526,5.54582955009155
18527,5.0393545260043675
18528,8.707887372321965
18529,8.46822965951695
18530,4.673915832427074
18531,2.7144287906372635
18532,5.758951716130968
18533,4.95239062851957
18534,7.975535425183311
18535,8.224955831402285
18536,8.140471716870852
18537,3.631171660721061
18538,6.176151389408136
18539,4.647200989278839
18540,8.227291455908347
18541,4.025932618299459
18542,5.452446852428835
18543,9.2805294590119
18544,5.906961081178908
18545,3.7388538511284874
18546,4.501781493509011
18547,7.847944472589678
18548,3.7709853153993644
18549,5.980651795187764
18550,1.2562558311760803
18551,7.926588254470666
18552,3.531170445360952
18553,6.284796494566599
18554,4.37093319178287
18555,8.389980816660438
18556,4.704180308529741
18557,7.325465224025455
18558,5.439591110076019
18559,2.126874924539877
18560,4.949175817045931
18561,5.049826991793916
18562,7.047519481601567
18563,7.242327094855053
18564,6.837306143178126
18565,3.5222002883018764
18566,9.263477293340763
18567,6.672116595633583
18568,2.3451369838633935
18569,9.600654192768102
18570,3.1751840603068886
18571,7.633039814095664
18572,5.945396076174427
18573,5.367610813194084
18574,8.414588779719402
18575,5.8102953751348565
18576,7.167487059151325
18577,6.465973222112161
18578,6.523981414122793
18579,7.862830546368759
18580,4.397422547678063
18581,6.528990537405081
18582,6.19804287406513
18583,6.592102017140815
18584,5.7829717944393275
18585,8.108847813022956
18586,8.019192610607208
18587,4.461529589960807
18588,8.08835572857018
18589,7.500766218770001
18590,7.740250572772789
18591,3.5549624828165203
18592,7.3779446035626695
18593,8.018061415659005
18594,7.797486378502342
18595,3.5347696339974015
18596,5.536273369268956
18597,3.582586898979632
18598,4.583040854949285
18599,4.1314882905542945
18600,7.32476332004172
18601,8.419561659381909
18602,4.873166552581406
18603,4.959272287374595
18604,4.996016743920066
18605,6.048958893482272
18606,2.6500092859535123
18607,5.309607582281454
18608,8.842190726820554
18609,4.628523627317081
18610,8.07706712930582
18611,6.705837319492723
18612,4.863671825957352
18613,7.317839568802401
18614,4.425164643384452
18615,6.404186049271897
18616,2.3351872531954534
18617,3.1498644032705116
18618,7.549058530937023
18619,7.061657698789756
18620,5.8620747036597525
18621,4.086822758574577
18622,6.515804289472223
18623,4.515437282037567
18624,6.860492983168425
18625,7.44599122752485
18626,3.5759129171290285
18627,8.335757258612677
18628,7.827528702050024
18629,6.686231559265568
18630,5.210122723230789
18631,6.965358846836156
18632,3.055007683929217
18633,9.282402578376225
18634,2.6057671695413704
18635,5.639826067226975
18636,6.714408257994265
18637,5.912947382311813
18638,8.842637606083585
18639,5.931548216871699
18640,7.75417753844231
18641,0.8764182781616912
18642,3.408293034353935
18643,4.952466774126422
18644,6.862868955191898
18645,7.530396423312281
18646,3.256296465809424
18647,4.089999928251445
18648,5.9590901030568215
18649,3.568367170647482
18650,5.734038463427539
18651,6.083848729404119
18652,4.647999786190495
18653,3.7569426686545366
18654,5.239184289805242
18655,3.0319440980029153
18656,9.391137814631847
18657,4.796321180952563
18658,5.376559675761488
18659,5.090792097914421
18660,8.06234059335387
18661,7.305980984544819
18662,4.736668408171235
18663,8.160260857586202
18664,4.653558854337101
18665,8.905436111240219
18666,5.3888454771606575
18667,8.793353378924053
18668,6.493336249227746
18669,7.034102218359814
18670,6.826992552152062
18671,6.688887188267556
18672,5.8083277198691015
18673,7.4316211403525205
18674,4.817044334397943
18675,5.181120708316421
18676,6.432078096679307
18677,4.854214199276418
18678,7.819507809711397
18679,6.529924493824454
18680,5.115228373504516
18681,6.571356121445177
18682,7.267388991622218
18683,6.685531804605507
18684,3.2665622284216127
18685,4.388670280762194
18686,4.640451025062711
18687,6.176973763046505
18688,9.145710964977969
18689,7.347826777348042
18690,2.588891665039604
18691,6.204878117203616
18692,8.844932789042897
18693,7.903716607780442
18694,7.209927989800096
18695,3.307768238852149
18696,8.906087014992456
18697,3.1514069347520204
18698,3.7220048701335866
18699,4.400931534628176
18700,7.484461134355751
18701,7.3994536600702165
18702,7.850948089029159
18703,6.77363210675367
18704,3.9768447952066928
18705,4.007017918104547
18706,4.849452116725272
18707,8.337526628406732
18708,8.869922855404045
18709,5.710319374027846
18710,5.431935531931989
18711,7.761813631545221
18712,6.967676981620918
18713,5.395232810894528
18714,7.81610118572038
18715,4.910875608852891
18716,6.873895776770924
18717,5.277995894796231
18718,4.22064296272025
18719,5.469108071475461
18720,4.024260960067086
18721,4.979428458183885
18722,6.219024187479994
18723,9.232743597557656
18724,7.424013059841359
18725,5.586035285403076
18726,9.231252439845802
18727,6.908249078964071
18728,5.91045221929426
18729,8.397722592135173
18730,3.7211811106353254
18731,6.829680851236425
18732,8.094191137178813
18733,4.579749934983113
18734,7.330029631581418
18735,6.1467502331206525
18736,6.226082013389347
18737,7.665470603260376
18738,2.7518771653497156
18739,4.134005197607528
18740,6.3515428077238045
18741,6.119350663104768
18742,7.2159287329986785
18743,5.385063719025315
18744,4.283445625792352
18745,7.887554831632468
18746,3.947833015848327
18747,7.646459887934784
18748,8.456500757538466
18749,2.563200159729032
18750,5.16090768474829
18751,8.40634938096867
18752,5.864409475127336
18753,8.30697963288137
18754,4.375572359006073
18755,5.032377718419829
18756,4.749000524721196
18757,7.2599561457269
18758,5.198688713160335
18759,3.918016096001437
18760,6.492432844381381
18761,6.541255459068797
18762,7.556730655503394
18763,5.234959187949717
18764,5.359144007887113
18765,8.235377708535935
18766,7.2414690831174
18767,4.641372076567532
18768,6.2412121281160235
18769,1.195259909981771
18770,5.185156670403407
18771,1.8692729287460406
18772,4.317303494403475
18773,8.400329563642321
18774,7.8576451182833
18775,7.23164475936057
18776,7.573236826779257
18777,1.885302166458846
18778,5.670407466143253
18779,8.459345265272304
18780,5.593863727252129
18781,8.943631729931722
18782,2.177020673573551
18783,7.980502989083051
18784,6.92034612817748
18785,5.881789290853036
18786,8.42377641360892
18787,7.117115780010345
18788,7.601610877868455
18789,6.268425867836691
18790,10.482586835865355
18791,5.698006473260053
18792,8.91287175030944
18793,7.138779316133008
18794,4.069145425093184
18795,8.402853460921383
18796,6.574405076445908
18797,6.144236907305851
18798,5.809257648188478
18799,5.19969960599716
18800,6.050354270821324
18801,5.624055748393969
18802,6.94105663683933
18803,6.518503031422533
18804,6.979619718484534
18805,8.686334793824457
18806,5.396122761842195
18807,4.67092875532747
18808,5.274422199374754
18809,7.349982472762532
18810,5.869046295693067
18811,5.169605731735561
18812,7.273014954018443
18813,7.879926599710809
18814,5.580300142406473
18815,5.6997566790851595
18816,4.140665513583292
18817,6.207266066090377
18818,4.7835719807568635
18819,5.363418283236911
18820,7.269074774666106
18821,5.049078322462732
18822,1.4437298624551924
18823,5.550855529135405
18824,4.569606419793327
18825,2.7441769630101978
18826,5.703074052425324
18827,3.553440739155639
18828,3.3344506410155974
18829,7.471288748805453
18830,4.365674643279952
18831,9.31579079209674
18832,5.781688876042477
18833,8.230193751848535
18834,8.064342471943977
18835,7.325479059897794
18836,8.00829629328513
18837,5.095501495096321
18838,5.051120798282896
18839,8.0626315322542
18840,6.6122392358676185
18841,6.3661188764635455
18842,8.507207429951256
18843,8.588398663294502
18844,6.503541429384112
18845,6.686024540248312
18846,6.0293800123204235
18847,8.01370165858274
18848,4.795767258226272
18849,2.67523479898
18850,8.64006999068588
18851,5.905487437255762
18852,6.631635694794196
18853,4.974270795280763
18854,4.815290255188106
18855,8.94692112772244
18856,5.413499092299477
18857,5.828250581970074
18858,8.464120331450967
18859,4.894975839857748
18860,5.453449694278981
18861,2.7794809079125784
18862,7.0600255745778275
18863,6.461819564986016
18864,8.153366922753012
18865,8.920781690751403
18866,8.035525812146439
18867,6.951359404612442
18868,9.067083301456925
18869,8.513368644437449
18870,4.701536536340599
18871,8.079996547526926
18872,6.054735060999197
18873,4.123151494973833
18874,5.635013907798129
18875,4.520348761606175
18876,1.7714834221939062
18877,5.862394988146185
18878,4.427903457086133
18879,7.143233203939173
18880,3.2346119930452666
18881,7.440751538842837
18882,7.73774314937012
18883,9.384292768024062
18884,4.620968543086036
18885,6.3264699758957015
18886,7.886388643222708
18887,5.977944741459296
18888,4.514473232935247
18889,5.365947256737395
18890,3.4829530251705485
18891,9.039450946352337
18892,4.55687434270277
18893,9.574576248796143
18894,6.30334090226437
18895,7.901345733902179
18896,8.31301295296326
18897,5.7481478328854925
18898,7.5062984157131325
18899,5.076552924735402
18900,9.402262041357904
18901,4.404384541069106
18902,6.5644615821693115
18903,6.315026113735459
18904,3.4332067163059206
18905,4.243522641533323
18906,6.56239472202704
18907,4.8255622608862865
18908,7.4190717882035475
18909,4.635582144680119
18910,5.180658654853626
18911,5.981441429448595
18912,5.989114018052563
18913,6.759634865364427
18914,3.6215973610137953
18915,4.159345488406608
18916,8.441266441750257
18917,5.513296066469904
18918,6.89993731296371
18919,6.101374371567047
18920,6.717384849875861
18921,6.3272038128874115
18922,7.3133510623305
18923,6.172698107432592
18924,3.9394881313991394
18925,4.026463641288357
18926,4.723142050996427
18927,6.427618216153672
18928,6.6438133590719035
18929,6.272389049384972
18930,2.3634845695537847
18931,7.125116144514649
18932,7.123705679587807
18933,3.2991029782758883
18934,7.5790771634045
18935,1.6238011329130069
18936,8.14948262331376
18937,7.632136804835693
18938,7.016612367691765
18939,10.059184993990414
18940,4.102998446622629
18941,8.0821919824368
18942,8.575884950721756
18943,8.493188173992417
18944,3.378812649047051
18945,6.07781635221294
18946,7.389951122050199
18947,2.005419686837357
18948,6.732954089169632
18949,6.236668740495464
18950,5.324902919023795
18951,8.011733563909262
18952,8.551998918539793
18953,7.533924556872922
18954,6.435372700796121
18955,4.992007484959065
18956,6.206020362496559
18957,5.268804635542107
18958,7.276032586504403
18959,4.188456499752133
18960,8.007319098797142
18961,9.383978376002975
18962,6.820789938274296
18963,7.310095818351384
18964,4.591768901163896
18965,8.378480263792678
18966,4.930844116389776
18967,8.911203991265536
18968,6.229613170692567
18969,3.124670871804064
18970,3.8548126550404374
18971,6.103298125230061
18972,6.265163541234189
18973,5.175508932895198
18974,5.750468425245032
18975,4.767734522878299
18976,9.678220013307673
18977,7.148619834650733
18978,6.385185953123505
18979,5.001493255445876
18980,6.3065848600361205
18981,2.432837504967548
18982,5.37715433299126
18983,6.75330773019844
18984,2.718503435287359
18985,6.016729921040359
18986,2.338049255258338
18987,4.059516994402534
18988,5.463325372209565
18989,6.994054219449369
18990,5.825708561101768
18991,6.6499946981894755
18992,6.521345717880077
18993,9.013487135575405
18994,6.90617271486035
18995,3.6942287961096127
18996,7.774648514512666
18997,3.160248709652145
18998,6.220804144672113
18999,3.8092441957523966
19000,6.5826934344851225
19001,3.227507458428547
19002,5.0062168281840025
19003,3.905551922561089
19004,2.748235464273255
19005,5.3697735536372075
19006,2.4896310021684878
19007,3.7749118347665016
19008,2.900113436577901
19009,4.419759967169376
19010,7.292041615244761
19011,5.5178576083341335
19012,9.676875609922677
19013,6.487395607941928
19014,8.3877299842855
19015,2.6785566588305656
19016,2.2038664772086225
19017,4.167913929351938
19018,7.424654767370233
19019,7.470978529207431
19020,6.741499202922178
19021,6.034137303786865
19022,5.807150793082587
19023,3.2276951994623144
19024,7.955528888098732
19025,7.061520938911547
19026,6.409295145827528
19027,5.581041751615851
19028,8.693943081774815
19029,2.27488972577432
19030,6.173647641320007
19031,5.25687367865737
19032,3.9318307340268315
19033,6.1798040156158764
19034,6.506461584864654
19035,6.835256371013167
19036,7.398564985480158
19037,3.6468169694006076
19038,6.990976578531669
19039,6.552924444242989
19040,4.87456689749617
19041,4.521731316071329
19042,6.995467734879086
19043,5.702062701691732
19044,4.887815319846915
19045,4.7537416352464685
19046,5.4735899093674485
19047,6.532161027386995
19048,7.326010508276564
19049,6.931779077540508
19050,4.512799871647912
19051,4.927316494565574
19052,5.920788788437793
19053,5.651932195035234
19054,6.827020669564512
19055,7.141362015029429
19056,8.345961596791366
19057,5.06108170534044
19058,5.808132191744404
19059,7.525330084238609
19060,2.7714856017734424
19061,7.198370740342081
19062,6.686697046296258
19063,7.182717171594087
19064,9.856489367014415
19065,1.159342619093725
19066,3.8282874514682086
19067,8.086445895765463
19068,7.835400192360186
19069,6.786499697347935
19070,5.931960989462569
19071,5.460700604542968
19072,9.608062765546617
19073,7.010654347673718
19074,7.6329080605295845
19075,5.019315264428531
19076,5.62168846805457
19077,5.605607964660415
19078,5.858198995178788
19079,6.645520546907341
19080,6.07594593899872
19081,4.115462318274012
19082,4.536418348548709
19083,7.239300075693986
19084,5.857174215886012
19085,3.6395155961796077
19086,8.566392424785573
19087,6.264035043606686
19088,2.3256011688617195
19089,1.9478280141423574
19090,7.634188639447132
19091,8.285434737357333
19092,7.198237826878277
19093,2.208168575809185
19094,1.9063266625864776
19095,7.283003688031375
19096,3.887832267536897
19097,5.539537422871209
19098,7.5545902951275785
19099,2.8626205225866332
19100,3.0768311934598485
19101,6.794607507355592
19102,5.523694639234532
19103,5.775400682194261
19104,9.072536404055752
19105,5.885867084710793
19106,3.874164825829853
19107,7.028099929215704
19108,6.6140605862495345
19109,5.448433046837492
19110,1.8520376684368385
19111,7.509705267605947
19112,5.106183012276576
19113,2.768779736228333
19114,6.928237089310854
19115,7.290237175651015
19116,7.1633666875233635
19117,8.291997204817426
19118,4.701701443531445
19119,9.090217049075438
19120,7.7017241466594575
19121,9.156020730503105
19122,6.7343680991398
19123,5.148996588158582
19124,8.740443047383069
19125,4.866818632171956
19126,5.273359463314653
19127,7.016764188953162
19128,3.257748491050155
19129,5.3543466430231605
19130,7.31364876146886
19131,6.96570231096815
19132,6.0009846979404475
19133,7.703960606796662
19134,3.3305168560650182
19135,9.18283522466451
19136,3.678421740531851
19137,7.719486288092276
19138,8.10831517178745
19139,6.244443199328194
19140,5.729805226728297
19141,9.537860231429239
19142,5.086777219615846
19143,8.821917348566762
19144,2.8634354668734616
19145,4.849423467349292
19146,2.7027695793126734
19147,7.064525795244108
19148,7.89215465686284
19149,4.605236914822884
19150,6.770890685293136
19151,8.799891323632096
19152,6.617840573557814
19153,4.924287740610218
19154,7.605381269776827
19155,3.7902990552669222
19156,5.51080755578782
19157,8.073530099425474
19158,6.82905648369766
19159,3.5547340671293473
19160,8.685607998810047
19161,3.7673672808298075
19162,9.433079822434394
19163,4.841600388903723
19164,5.2546902567583595
19165,6.7147441578353675
19166,3.734488485070767
19167,6.4171183157093985
19168,8.382260453123418
19169,8.013182259018436
19170,6.616447292126255
19171,6.4590976350123706
19172,8.388816884018787
19173,3.883363948596749
19174,7.8186399086183656
19175,9.283695668447553
19176,6.361906664424412
19177,5.398927467503995
19178,4.749939368810459
19179,6.23140372506235
19180,7.059957743825821
19181,4.957952123762563
19182,8.947751904631069
19183,8.7633136423156
19184,4.87536639355945
19185,2.108394691784769
19186,7.928037104752944
19187,7.6639324244234555
19188,3.7741190453222258
19189,3.19244772358327
19190,8.018364107068173
19191,6.05696610525824
19192,7.1218732538022325
19193,7.856668872384185
19194,1.731019729494034
19195,3.752534003318397
19196,5.324296592787649
19197,6.5230777681375685
19198,9.085180012930566
19199,4.766331119356611
19200,4.4289363584615975
19201,6.598667009672258
19202,3.2421932787784047
19203,5.025169770174111
19204,8.745278671419632
19205,6.912057501620385
19206,6.176428062935434
19207,6.901407185230786
19208,3.676768931276756
19209,6.157750288448815
19210,6.780599166651973
19211,5.972338763497811
19212,4.884201743209822
19213,7.7986823154097245
19214,6.3372846355585
19215,3.818896810845349
19216,6.196743942133654
19217,7.894013327125884
19218,4.383419421294921
19219,9.467223776586833
19220,6.814890920541066
19221,2.5711401316068616
19222,8.146497295643039
19223,5.380024354685214
19224,4.982332909969293
19225,7.078830635649955
19226,2.8908330748565048
19227,5.565271278463879
19228,3.0455419133264527
19229,3.8203600658257266
19230,4.1346893987766595
19231,7.144608103094115
19232,6.905152655783085
19233,6.8656368875829825
19234,9.06601712044614
19235,7.347809032198107
19236,4.725559445434369
19237,3.1286125786152392
19238,4.970300357385832
19239,3.837709849802644
19240,6.467061915717825
19241,5.412007728850637
19242,2.7990593120294283
19243,7.56992124936534
19244,8.088568820929831
19245,5.767606369961698
19246,6.43962920385067
19247,6.63134906429333
19248,7.285466355875496
19249,8.705460936992335
19250,5.585724217373605
19251,6.64741449680609
19252,3.4918251549715182
19253,6.172100737542144
19254,6.624150970983795
19255,6.2627190592941435
19256,6.220429297080109
19257,7.786619688034294
19258,3.3415179480056945
19259,4.752499603442307
19260,6.671759895696698
19261,2.315076785944989
19262,7.331300124575147
19263,8.348468571262718
19264,2.7693532783806316
19265,2.127490731946382
19266,7.399803201125848
19267,8.149190973652752
19268,6.136398039395408
19269,4.548358861949765
19270,4.429641383378894
19271,2.685332759099998
19272,5.665443735519482
19273,8.108966640529902
19274,2.6572252255521134
19275,5.992905693307648
19276,6.6607643596539825
19277,7.366852734403938
19278,5.6185986378054125
19279,5.603375596343124
19280,3.998529915640371
19281,2.443778651587669
19282,7.293912414854079
19283,5.516392858812204
19284,2.279951038651953
19285,3.6925719914026076
19286,3.959315800334071
19287,5.626502888846005
19288,6.778599171377728
19289,2.1843851565482226
19290,5.521216305458496
19291,7.073779080599292
19292,5.893563922794128
19293,5.4696361355037055
19294,8.5265523571802
19295,5.11027332477572
19296,4.959289330295768
19297,4.796081333806595
19298,6.55578049798495
19299,6.2228148670143115
19300,6.057878006619027
19301,7.178069501208432
19302,5.107855925807461
19303,7.029452642681689
19304,3.1601655330469542
19305,4.793060187198318
19306,2.2528321752679963
19307,4.904283281678917
19308,7.896167348154647
19309,1.6473011883798725
19310,6.6613755495862
19311,5.834483014798808
19312,3.891461106438257
19313,7.153219432287587
19314,7.104316680935982
19315,3.008054926929626
19316,5.99392041963435
19317,6.2754128280748205
19318,2.648405403920042
19319,4.245285053554786
19320,4.492555829478624
19321,7.82905097696534
19322,3.0420182870106363
19323,5.287938160314275
19324,6.548129278172281
19325,6.388677820248254
19326,5.506535893503532
19327,8.029370053282523
19328,4.980329054048059
19329,4.81000941586715
19330,7.369898060318844
19331,4.4512876461107895
19332,7.494758059538743
19333,7.607275062141057
19334,7.697894230700545
19335,7.052349495597544
19336,7.803914306779624
19337,6.738391245396098
19338,5.18704025488918
19339,8.082713873396198
19340,6.138901984220218
19341,4.213757865876632
19342,3.6268584703347093
19343,5.966348612677766
19344,6.258614845386843
19345,2.8720378693946973
19346,5.674356816713097
19347,4.608003299968323
19348,2.806896593576128
19349,6.645914724592828
19350,5.488635226237614
19351,3.2024064602190587
19352,8.94952936574363
19353,2.136699990546273
19354,6.496785893323134
19355,6.752479706756102
19356,8.011515036146267
19357,7.5002319199112755
19358,6.637726140816216
19359,6.815945425389513
19360,7.721134907912502
19361,6.5075871314281155
19362,3.605040180843928
19363,6.065676629045483
19364,6.169521446842158
19365,7.292540402015759
19366,4.609389940150967
19367,7.484158841066365
19368,7.921969784986925
19369,8.746607351169828
19370,5.110952186107896
19371,6.257418988311377
19372,5.910073291230026
19373,7.1266720159011
19374,8.056791439472843
19375,6.216554337360083
19376,5.006603272246226
19377,4.280230424796734
19378,7.003386245621213
19379,5.543706679924522
19380,6.453138856034345
19381,8.584776733009342
19382,7.758685989429131
19383,7.176400541431942
19384,5.932594984282016
19385,2.558276259598025
19386,5.8796599004998935
19387,9.245510291953558
19388,5.943056030035324
19389,8.54422812124273
19390,5.1801055156468845
19391,6.783693848604155
19392,3.9456740671548642
19393,4.222663938659002
19394,6.707077897131147
19395,4.770502288775525
19396,0.9331106656492987
19397,4.075714431055589
19398,7.7697896717459125
19399,4.6325375920200695
19400,5.493664140108441
19401,5.991848675145833
19402,8.591277487609595
19403,5.194388543071081
19404,8.313924508913985
19405,4.523018306805822
19406,4.452229267717644
19407,6.611291025200032
19408,2.5078908602984358
19409,7.071012647867151
19410,5.867567669334841
19411,7.367935665712116
19412,6.279862219538628
19413,7.77095466461567
19414,3.4358812401436567
19415,7.54122027381009
19416,6.208732449257433
19417,5.247051199772942
19418,1.822928834454522
19419,7.699246156355766
19420,6.2243213648015905
19421,5.646495944150789
19422,4.6714951389505845
19423,7.495648119422001
19424,8.198800255055383
19425,6.815686885134776
19426,7.018894955333501
19427,6.123625185808128
19428,6.4553805731771
19429,6.771809581796555
19430,5.478009388408868
19431,5.966611873800396
19432,5.841448997009472
19433,4.633085159689989
19434,8.868181968875941
19435,5.1482716785958065
19436,7.9652461730530195
19437,5.304918664300532
19438,3.0404756581308248
19439,4.382978995523794
19440,5.698628669753965
19441,6.18193728698794
19442,8.0523705360374
19443,5.789951954559708
19444,6.9617250628357805
19445,5.684812754533505
19446,8.686250292962853
19447,8.566901468114175
19448,6.558814995720054
19449,9.25130281258264
19450,7.664238511448174
19451,7.901687864568014
19452,5.541739715206261
19453,6.207685644325347
19454,4.033865629823512
19455,5.409024284345452
19456,4.654223075486533
19457,3.9470752572362837
19458,4.010126969595005
19459,6.083544138040103
19460,5.794610085557217
19461,4.619016619738906
19462,5.8366562175598995
19463,0.7857505932945577
19464,6.601360369713552
19465,7.028010411926145
19466,6.694279268409116
19467,4.100280113853435
19468,5.4121012015645515
19469,2.227940514816007
19470,4.851340695268138
19471,8.969295415403355
19472,3.8084693848337166
19473,7.026558101679308
19474,8.728382857679515
19475,4.566235978274882
19476,5.996049559143511
19477,8.17740368749633
19478,3.5057157426084253
19479,6.92644557555686
19480,5.855336312025118
19481,5.857485143123743
19482,6.592758323240629
19483,0.4580671459634815
19484,7.457900942057678
19485,8.19645734129116
19486,6.297696339546196
19487,5.640220027462734
19488,8.044191207044696
19489,5.928940072219899
19490,2.0937044510206126
19491,8.142190815191466
19492,7.796761586371828
19493,7.648427650612307
19494,6.68146974215337
19495,8.933990444742749
19496,6.9517662262523
19497,5.415812489465812
19498,7.9391551645598915
19499,5.900811475357028
19500,3.615939319819541
19501,6.138920461610536
19502,8.900703881966841
19503,6.985373672849955
19504,5.375273476356936
19505,7.244885984785309
19506,5.977950476664096
19507,6.658021419848508
19508,6.159000538189996
19509,4.141628903574104
19510,8.41823994083647
19511,3.8048032602513437
19512,7.801798933926147
19513,8.373967416101973
19514,8.63667179362579
19515,5.917206013358327
19516,3.037726129793975
19517,8.447136956009073
19518,2.5150261683918207
19519,6.755558623438964
19520,6.618204468572365
19521,3.767112162132911
19522,7.805829784291871
19523,4.054949994371622
19524,6.365977334211502
19525,5.611723929260716
19526,7.9868638216582735
19527,8.434621829312267
19528,8.531961495371107
19529,6.191587593021198
19530,3.2514406673020644
19531,5.219283814389335
19532,6.943166447896873
19533,6.9764560253541585
19534,9.006214055719763
19535,7.305646724040253
19536,5.916725408547993
19537,8.418545263118986
19538,7.862632510573572
19539,7.29222091618752
19540,4.7486486495854345
19541,7.1548727474580565
19542,5.031646965351017
19543,2.1437613201793475
19544,10.004770600903774
19545,8.897830046715827
19546,3.7612305197280134
19547,6.752094807783294
19548,5.567639686884769
19549,5.025884868417245
19550,8.486591817566524
19551,6.5592236016720165
19552,6.195411111999805
19553,6.094186382428923
19554,6.377446407048488
19555,6.00777651531479
19556,5.295791275366106
19557,3.841143203875502
19558,5.373311224811226
19559,9.521167065426862
19560,8.367302185865404
19561,8.252498104716977
19562,8.31722899539353
19563,7.9397450770201345
19564,4.099703349541291
19565,7.596617310583573
19566,8.519033410987525
19567,8.11550205819906
19568,8.275263817113984
19569,3.4272780339178803
19570,6.054770925660256
19571,6.2668482943504
19572,6.844956156364942
19573,7.236058245544765
19574,7.851975893095654
19575,4.816836802750643
19576,6.959001880792157
19577,3.666792974907607
19578,7.9231187022502105
19579,8.130910073997129
19580,7.774656248949428
19581,6.442521950661247
19582,3.4767770145158243
19583,5.363328255827993
19584,3.3352428252613127
19585,8.878784558131773
19586,4.325585961627864
19587,9.523555899794149
19588,9.58793598626865
19589,1.6871159558555446
19590,1.7822191157504674
19591,6.259197039244181
19592,3.836352920575487
19593,4.228637825124177
19594,6.340090685802469
19595,7.894439068998133
19596,5.247624953143176
19597,4.627332326861417
19598,8.211340160096407
19599,6.31432669760017
19600,4.790357076416402
19601,5.653255420419809
19602,3.674426385893648
19603,1.8770023330572498
19604,7.533803726417636
19605,8.464425118915186
19606,10.238372377832373
19607,9.005199490846758
19608,7.794927229486328
19609,3.600057878001717
19610,7.290240292462621
19611,6.1968532020944815
19612,6.882493267209567
19613,4.105094282788728
19614,3.6894699145486003
19615,6.414338865654643
19616,5.513942524443261
19617,4.541570271386746
19618,5.951923891390134
19619,4.305400948167781
19620,6.85856550241428
19621,5.997096488610756
19622,4.558095629937889
19623,7.921562693376849
19624,5.220420772076899
19625,5.947222157133695
19626,4.669614810367275
19627,4.772654043986606
19628,6.853955848811826
19629,4.987531621922578
19630,6.243963466788695
19631,6.121966689883552
19632,5.592757726841207
19633,3.9409234347141444
19634,6.355866051797318
19635,4.044874768108419
19636,6.290164896847454
19637,5.379662226359716
19638,4.90370807915031
19639,5.988440731201778
19640,9.269516249893778
19641,5.632293540232302
19642,6.961602185715938
19643,4.469846457861802
19644,1.7844313378390457
19645,5.70809658487018
19646,7.365727378587002
19647,3.1269788579547413
19648,6.3151549091032155
19649,5.544928194109678
19650,7.190454675204917
19651,4.328654992958791
19652,4.353969341148036
19653,5.554065021870661
19654,5.754170009498598
19655,5.079812680201868
19656,8.692083587542637
19657,8.503545930932752
19658,4.237446570185976
19659,6.854583662425043
19660,2.9116802910986483
19661,5.3290232383079665
19662,6.3343085789246185
19663,4.843249123325388
19664,8.043904493643403
19665,6.795620670616389
19666,6.62798903407889
19667,5.598891783458225
19668,7.804245167397983
19669,3.734923163471685
19670,3.848480368427397
19671,6.768672019876185
19672,6.534224880454148
19673,4.646373119147684
19674,7.821921297044078
19675,8.86951610214796
19676,8.052299339497834
19677,9.181993802003998
19678,4.622790052967444
19679,6.885730763242554
19680,7.416995286050335
19681,9.401975099351457
19682,5.425562416971722
19683,2.7640329819796032
19684,4.439603524760326
19685,6.688017610336932
19686,5.53348836067238
19687,7.11939529574687
19688,7.199148390068511
19689,8.535655918550765
19690,2.2393873139973497
19691,4.930377188318742
19692,9.433763015225333
19693,8.483505735081435
19694,6.593424966565518
19695,1.6089767584365111
19696,6.773485567333565
19697,5.516933607614256
19698,5.368145242199271
19699,3.1090184472249076
19700,7.589037997926159
19701,8.683250099160798
19702,5.555863442375049
19703,8.566711124397731
19704,7.837157815090899
19705,6.683199419012498
19706,6.663820494774802
19707,4.606683099455729
19708,4.552687636918693
19709,4.340074632890925
19710,9.535808903941984
19711,5.1412738589249365
19712,8.89135154903284
19713,7.530535699772351
19714,4.608192238353908
19715,6.830981391035266
19716,8.206692348506477
19717,6.8115173112336915
19718,3.988560286993181
19719,3.7397388121347777
19720,4.791455386928525
19721,5.4508441891126225
19722,7.9646714291019896
19723,7.524272230233481
19724,5.095301605129609
19725,8.113427617046924
19726,4.630302135264515
19727,4.242588031928231
19728,0.7579104433857403
19729,5.680112461017309
19730,8.01551599941695
19731,5.483200466105984
19732,5.1967029111182
19733,4.390804484310672
19734,7.230701482331359
19735,7.965147127135307
19736,3.6336168738393684
19737,4.653867058656436
19738,3.4281081882122004
19739,5.190604429023373
19740,7.090302391610135
19741,5.67834956873447
19742,4.609122124106847
19743,5.960472279313578
19744,5.867006798711699
19745,1.0809004995885627
19746,3.136689939528118
19747,8.316699800141459
19748,1.9820995881198236
19749,4.784558828186526
19750,1.9727923110964993
19751,8.054542277481046
19752,4.463601062476985
19753,7.4735639837103065
19754,5.68161475020173
19755,5.817789890177174
19756,7.421417320747812
19757,3.6450790560794157
19758,4.13030668948144
19759,6.226420202151198
19760,7.136879968598981
19761,6.512588911529482
19762,6.195908056201093
19763,5.859043826972634
19764,4.85828265884765
19765,7.112544774145596
19766,6.940390229059506
19767,7.607225672872627
19768,6.410412435017355
19769,7.194468219120779
19770,5.765642371758599
19771,4.183635482829473
19772,3.428076496468429
19773,5.472565790314984
19774,4.214205052455905
19775,3.1565891460519393
19776,8.902717209007571
19777,4.776349178443256
19778,5.6013620301761105
19779,7.502277972499691
19780,3.8059203697098587
19781,5.464532793795192
19782,7.333850385310246
19783,4.094726139443911
19784,7.854518781825513
19785,4.56803584333906
19786,5.692449959965197
19787,6.557162785923381
19788,6.645815688049214
19789,6.773519930701993
19790,7.106333698669943
19791,7.958985693137833
19792,5.873036054217647
19793,3.749632339833597
19794,7.4631136549893125
19795,7.2881243930063215
19796,2.7056771064152674
19797,4.8543888417147665
19798,7.417529863803207
19799,3.3180980143677803
19800,4.536226221821314
19801,5.2345153991285835
19802,7.8289118743872566
19803,7.130728381361032
19804,5.4238895615516025
19805,7.103861449803674
19806,9.384917269617498
19807,8.563480071564816
19808,7.899459787765707
19809,6.064512061870212
19810,3.8340675228013947
19811,4.598596079191615
19812,5.07124398917372
19813,6.346016661607259
19814,4.215696368335881
19815,7.761700407604712
19816,3.3098677471414364
19817,7.3955369768466985
19818,8.483479193331096
19819,6.203807524221046
19820,5.3309354210349795
19821,5.52672207333163
19822,6.295284072486691
19823,7.430831936201166
19824,9.10372016971825
19825,8.359812695954425
19826,8.441397606838041
19827,4.0903736514576385
19828,8.454605550048162
19829,2.358544692689191
19830,2.776137480391871
19831,5.543893172196048
19832,3.9893899509715123
19833,5.636602782504505
19834,3.8956278554500656
19835,8.59724758070283
19836,6.985959242826036
19837,3.2757372514440455
19838,3.91343974603889
19839,9.022417607452745
19840,6.953381927684184
19841,4.143120189104172
19842,7.675726025444663
19843,6.163030338348124
19844,5.755977522930987
19845,6.939921395742232
19846,8.125655860347903
19847,9.104612645126137
19848,7.813508893509766
19849,6.226929807991539
19850,4.244909490651641
19851,5.949231704556237
19852,4.938248129974712
19853,8.110963230366671
19854,5.994035450762561
19855,8.246077022561359
19856,8.853645114701239
19857,3.0663623803814684
19858,5.456726023427753
19859,3.6150953933515284
19860,7.8103779172771235
19861,2.5684968689970047
19862,5.700131300512133
19863,7.125975083387665
19864,6.2254810411187975
19865,9.533226906224428
19866,7.817579676096205
19867,3.5876168640885995
19868,4.313480502955391
19869,6.410574507849566
19870,7.83362795528815
19871,5.771083141084312
19872,5.828579763290963
19873,4.361457585207942
19874,3.466565283574414
19875,4.926585092193157
19876,4.9115532700752
19877,8.28119097984241
19878,8.577447015883287
19879,5.049944092462527
19880,7.232537361620039
19881,7.437576351389248
19882,7.130868013631657
19883,6.1187039937426855
19884,6.314765987463743
19885,5.955386201126178
19886,5.959347988030499
19887,6.040877957954087
19888,6.37728276397042
19889,4.2597236117096955
19890,5.850805046019878
19891,4.012619074457939
19892,2.133621508447272
19893,5.602446495954523
19894,7.840698601791367
19895,7.476989694365882
19896,5.236417021654712
19897,3.6317592702604546
19898,5.2514340036246665
19899,4.906972527181913
19900,6.48442614399271
19901,6.404221163483868
19902,7.797966658058558
19903,8.384390920868277
19904,4.405885905271442
19905,10.135217213551192
19906,7.323295084725323
19907,9.070104915986395
19908,5.323058133540046
19909,6.161554643411996
19910,6.087801918968976
19911,5.910298409834267
19912,6.2188623041524895
19913,8.06997756280641
19914,4.378786250226942
19915,6.443794975200085
19916,6.565164626412112
19917,5.586042326515759
19918,4.425971291138224
19919,8.474916586494494
19920,7.983644080873263
19921,7.807936723077397
19922,6.782425839415653
19923,7.296482050743752
19924,7.250165287535343
19925,6.610113869515157
19926,4.124271862243526
19927,6.982506687712407
19928,7.177827409104629
19929,5.417582608458027
19930,7.846474874863757
19931,4.612740485829376
19932,6.720999513306165
19933,8.289238134094745
19934,7.769200186635022
19935,4.930860276216365
19936,8.314331534361145
19937,8.096668296786781
19938,2.896372077401139
19939,8.128432929308694
19940,7.6332739550544515
19941,8.770634307412463
19942,4.972861605366115
19943,6.892216928521977
19944,5.843361224558924
19945,3.687529692488656
19946,4.380054411286206
19947,1.6188937249100595
19948,3.4543074752210643
19949,5.423469725121688
19950,8.584342290948879
19951,3.819159670821264
19952,4.324696135539469
19953,5.575616997610696
19954,2.087080057258872
19955,5.894074285632271
19956,6.657688023739363
19957,8.532910519335799
19958,8.057282166511438
19959,8.467635836291612
19960,6.013046772468613
19961,4.252685945975056
19962,4.6958297647300276
19963,6.3721620567772215
19964,3.496747695793708
19965,5.433045130566132
19966,2.3097749850249576
19967,8.672439399495847
19968,4.767549535697662
19969,6.912628923402783
19970,7.404363794917187
19971,5.3166922087337305
19972,6.38814067931997
19973,5.490603468022596
19974,5.463901463046727
19975,2.0472822319225976
19976,5.974472976248297
19977,3.1217470606594198
19978,3.8081677461928622
19979,6.925596395606771
19980,2.8850697669990497
19981,5.683617222278049
19982,7.284367429327697
19983,6.514807434371336
19984,3.981404609462755
19985,5.033613602188514
19986,7.714994775565961
19987,8.567212968129555
19988,4.955403095959946
19989,5.181050267113365
19990,8.666797382155579
19991,4.355881105464831
19992,6.696938189892801
19993,6.081222885806225
19994,6.177306467673686
19995,8.597525769192215
19996,6.703066169229062
19997,3.352611912756392
19998,3.852075671889689
19999,5.361925924086803
20000,7.056869647491445
20001,8.765796285739468
20002,6.0832539866940225
20003,3.4938147832636703
20004,3.457222436241923
20005,6.142916823806916
20006,4.550307983353972
20007,5.289448646022266
20008,8.467516834325021
20009,5.602156933528988
20010,6.625649009612815
20011,5.719796635491137
20012,2.9514441465391017
20013,7.330561824904968
20014,1.6762544050586141
20015,7.820687921686699
20016,4.362137309449255
20017,3.7058620314459354
20018,9.896864511441578
20019,3.7920067360214476
20020,5.317218003896237
20021,5.142429981990432
20022,5.809159443569703
20023,3.3159625729611975
20024,6.414948987965594
20025,3.1518537258910437
20026,3.9329760613114972
20027,8.231585141457812
20028,8.455111468629891
20029,7.033722871648852
20030,2.912025565362977
20031,6.830862699290783
20032,5.319386598399101
20033,8.598417041017031
20034,7.911984436168182
20035,4.743884719217135
20036,8.030414019033827
20037,6.125071187642785
20038,6.124234124114161
20039,7.8168576718804434
20040,7.158781437954261
20041,9.499747719585997
20042,8.45338199467395
20043,4.842300511774172
20044,6.91297658761588
20045,2.619795595549552
20046,5.9989905682376845
20047,4.395655920066449
20048,7.3612192398845995
20049,2.8116825426053187
20050,3.6294232480971047
20051,5.642175264687105
20052,6.708103665477662
20053,7.337425794009278
20054,5.167034405245828
20055,4.282429604393203
20056,6.668901351461045
20057,5.392104991807483
20058,5.740981766432729
20059,6.841354334722487
20060,6.176938404642076
20061,4.789424547645335
20062,5.429100264389978
20063,6.121640113852339
20064,2.218252771388258
20065,5.309087412257897
20066,5.283766988722816
20067,8.71670658271599
20068,5.474499965400446
20069,4.882762057174592
20070,3.7447454995906044
20071,6.8151092489970315
20072,6.176565258466775
20073,7.558851840868469
20074,7.752800374992212
20075,6.732260057653217
20076,3.0812366689330757
20077,3.691022844545701
20078,9.3239159792736
20079,6.1911122998586805
20080,7.2877386709148855
20081,8.568913523533464
20082,6.30709763100373
20083,4.29773568549975
20084,5.594677817976101
20085,7.308105270022581
20086,6.947993844001936
20087,6.875883704067988
20088,5.919804589268258
20089,3.70419647426684
20090,2.786811737934626
20091,6.329392661363455
20092,7.955633758516203
20093,7.347758055706551
20094,9.557031308641356
20095,7.853729990154578
20096,8.151439104261051
20097,4.860811944786996
20098,7.967852955306744
20099,4.043635709673666
20100,5.008299482072649
20101,4.79872194286283
20102,4.031298315853583
20103,4.116061497029346
20104,5.827845972062103
20105,7.719433221639213
20106,3.8188421741405696
20107,5.109802680935048
20108,5.8181256956233804
20109,4.079490542796658
20110,3.6361490554414004
20111,8.31695319083552
20112,3.555233396736321
20113,9.575941743554353
20114,4.193510728370785
20115,4.835604798758936
20116,5.236253060175537
20117,4.901249802683761
20118,2.8544891703837685
20119,5.439322377250436
20120,7.017841548614307
20121,6.508100149223441
20122,6.921411592503876
20123,3.5275446835683697
20124,2.7397155493400343
20125,6.830367561706787
20126,7.513911414459736
20127,3.374036058726092
20128,6.813964510262762
20129,7.7817397386571034
20130,3.7865159375796695
20131,5.738930346130378
20132,6.7289711059540025
20133,6.367517179054715
20134,5.425678862091965
20135,8.932617303904369
20136,5.498094718126488
20137,5.198796462154313
20138,3.6712956444493425
20139,9.437118954334508
20140,2.170997687627924
20141,4.175817328832164
20142,5.993893957938154
20143,9.299249602838543
20144,5.694511272434316
20145,8.14684055718766
20146,8.529534498057743
20147,4.963506713635309
20148,4.820039128467944
20149,6.0876207041609325
20150,6.274281887500644
20151,1.858225337431634
20152,5.958582603252882
20153,5.207588930980273
20154,6.804769690187339
20155,7.101418451013469
20156,3.139417247615886
20157,2.7432401480509148
20158,6.07424832846004
20159,6.25532784803363
20160,2.487178399525758
20161,4.644026420338539
20162,6.492506053534419
20163,4.6469347134377745
20164,8.333710424338362
20165,9.438887078289378
20166,2.1376628036423053
20167,3.592716493456953
20168,6.958811316773754
20169,7.787840615964262
20170,5.544051659249016
20171,4.67087284224197
20172,4.55921134166158
20173,4.799334570090805
20174,3.5321073344729594
20175,5.052209992256492
20176,7.80675559553015
20177,8.620487889547082
20178,2.012765716731097
20179,7.8138649547048935
20180,6.026075836659875
20181,8.572535602956322
20182,5.747914636437488
20183,8.679464012482061
20184,7.017334648221687
20185,6.309574823554765
20186,6.5308895015187005
20187,6.398048535929981
20188,5.82354001361667
20189,3.0529386152041735
20190,4.134909089057373
20191,5.654058152820711
20192,8.485259298730266
20193,7.419374771788039
20194,6.468759460376136
20195,6.966594644795428
20196,5.447603709880701
20197,6.53267584814561
20198,7.512451605495816
20199,8.984101967448261
20200,4.858488831349868
20201,8.444412459954654
20202,3.032206434383042
20203,6.738187333132812
20204,4.641910963873509
20205,7.213105526919048
20206,5.206191592403998
20207,5.9251814358605275
20208,3.2877947863254615
20209,7.133356973819295
20210,8.460060738826625
20211,5.893915050186772
20212,4.1607508434780565
20213,9.019988834636841
20214,4.318365586561654
20215,2.54479222940698
20216,7.255688288018224
20217,6.625667090937296
20218,7.137434106277212
20219,6.29431937279322
20220,4.394485626771227
20221,5.811375631869172
20222,6.858902403247279
20223,6.265787893454479
20224,5.729253628039259
20225,5.383245912589729
20226,5.229054846755613
20227,6.479707854032268
20228,7.802192146021773
20229,7.610104524472401
20230,6.087241359168097
20231,8.173657229331878
20232,7.205455439063665
20233,7.21125226694544
20234,8.79452854250954
20235,5.241967973191878
20236,6.6930486855305436
20237,3.740286263477147
20238,6.70306822011756
20239,4.714399142886609
20240,5.0738517365332925
20241,2.1195364179177014
20242,6.980745052208165
20243,3.784640487561476
20244,8.218020261354853
20245,6.521800179140417
20246,7.024218352115712
20247,6.221759050662241
20248,6.008884453561735
20249,2.4606409595211
20250,5.826871088053968
20251,5.1775521006211935
20252,6.652844237717339
20253,6.931928025705241
20254,3.0737297684080147
20255,2.424810720253511
20256,5.756658416199754
20257,2.5823068578278465
20258,1.74811316640301
20259,5.238244489558351
20260,8.036993076081455
20261,2.9340581328230435
20262,6.170535771541224
20263,6.3770436003321915
20264,6.537995866330161
20265,9.178131205288377
20266,3.378447622480386
20267,7.509125797975895
20268,2.7435490219861167
20269,5.063091755806966
20270,5.880489899738501
20271,6.49448708468795
20272,5.577627753779921
20273,3.7741127207657117
20274,1.5054460954152855
20275,10.0626299101039
20276,6.723926899234819
20277,5.813426236388756
20278,4.247653618334056
20279,9.73125704785719
20280,5.419746345714015
20281,7.000857574146876
20282,6.756793183111073
20283,7.430810408982631
20284,4.018550583206917
20285,7.753915613358163
20286,5.909151503676909
20287,6.296826576854103
20288,3.839889767300186
20289,5.413324406926721
20290,6.239519356018446
20291,5.24016982091436
20292,6.330557662826743
20293,7.738219662631367
20294,4.279378367982267
20295,7.000860009652458
20296,7.147324442196219
20297,2.830896780327134
20298,6.367709437851562
20299,4.612864723730129
20300,5.992498487215929
20301,5.140339434289601
20302,6.5237408913172
20303,2.1346034561919844
20304,5.5212698428195175
20305,8.70436646104871
20306,4.769494431712224
20307,8.559404177257356
20308,4.373930944276232
20309,6.0917303532317675
20310,5.916460679195947
20311,4.599779173949532
20312,7.143540487378764
20313,8.183061937482902
20314,6.009302131825953
20315,6.704861664182672
20316,3.9528081451508585
20317,7.37119290223871
20318,4.9175671055137595
20319,6.913813962742684
20320,5.840476640185022
20321,6.391184965364497
20322,8.06592139054222
20323,7.883189741611686
20324,5.1048556093438116
20325,5.055084623460228
20326,4.630262997345294
20327,7.365790481042605
20328,4.202081590301445
20329,6.787189452343094
20330,4.280901377399848
20331,5.785859721990277
20332,7.376329797983877
20333,9.64055496722575
20334,6.8577250069313145
20335,6.324416388716909
20336,7.456805914885382
20337,3.9396320691362505
20338,3.4606117865875126
20339,4.933854921180135
20340,4.7718422909213505
20341,7.3800279823548465
20342,5.968068319012367
20343,8.075348674585731
20344,5.9979900049330075
20345,7.398454351223117
20346,7.333711850901428
20347,4.430653896363109
20348,1.9997470838326379
20349,5.950204229895864
20350,7.095888645709195
20351,6.822093775403637
20352,8.304465745478531
20353,6.523196307782192
20354,5.553592732029799
20355,8.183873351833439
20356,6.464522352292672
20357,4.382285643347453
20358,6.438711078059944
20359,8.495865945805143
20360,6.481080175206839
20361,4.496767442809343
20362,3.4410610410075226
20363,2.6933608244609837
20364,5.8961808173030725
20365,7.588498926451241
20366,8.167260285889208
20367,5.721202528766108
20368,5.415297829262361
20369,9.240373078790643
20370,4.209545866160395
20371,5.734088078551661
20372,7.309852203327386
20373,7.144172924336558
20374,1.5941551201500306
20375,5.1515398410304005
20376,3.5421788275641877
20377,4.627363081160628
20378,7.890612201048267
20379,4.41212011459905
20380,1.6071346249202259
20381,6.7735024115328955
20382,7.693941839254596
20383,8.89087399077211
20384,7.863683055572027
20385,5.350371167791074
20386,3.7249585740325117
20387,4.738232713332665
20388,4.152243664100671
20389,4.12975203819516
20390,4.719578103046696
20391,5.714560372812784
20392,6.925793928959651
20393,8.790746690624513
20394,8.136067605458909
20395,6.76374912517945
20396,8.10421619245255
20397,3.5169340348333824
20398,3.558602133135256
20399,7.775249441110104
20400,5.490420996942684
20401,7.386874268187705
20402,7.572344981550825
20403,6.264402326875488
20404,8.88388307704236
20405,3.2073074625858866
20406,6.628601954408518
20407,7.065041879454776
20408,5.958748484035265
20409,6.0580758600883975
20410,4.913824558358868
20411,5.420135664059652
20412,6.722247289116671
20413,4.508523519398884
20414,5.279481944931179
20415,6.495457595717183
20416,7.688862215580057
20417,6.994848137410113
20418,4.3281797809192515
20419,6.311944352442859
20420,5.758332047468649
20421,3.7009205419999427
20422,8.214812492006429
20423,8.05904420642463
20424,7.496197037200058
20425,7.687207366714324
20426,5.239667323153509
20427,5.1862824212690635
20428,8.756832987884096
20429,3.8203208119664764
20430,4.595299610993891
20431,6.179272080524122
20432,6.475431732017594
20433,7.151816674814849
20434,4.65066776219568
20435,4.916222739499279
20436,5.151441919521018
20437,4.918084229950578
20438,8.32102837788302
20439,9.28821535506773
20440,5.283827535268527
20441,6.860337484597081
20442,3.884229136866751
20443,7.8803543325785075
20444,6.149530612216544
20445,7.051158186463628
20446,7.459204219342691
20447,4.266202387831672
20448,3.2722360294271224
20449,6.648326044105727
20450,4.8442640396395245
20451,6.35692274814703
20452,7.482641997948983
20453,3.0932163851161576
20454,8.805238601010434
20455,4.5147810072717345
20456,5.629644354904469
20457,3.165326782251843
20458,9.133475437937332
20459,8.917961643286672
20460,4.70467352301289
20461,1.5017081744729157
20462,7.086397549561328
20463,6.423437729843415
20464,3.0285910476938525
20465,2.737580466665909
20466,9.335189058296415
20467,6.062809599872867
20468,5.387693766694556
20469,6.233103377205306
20470,3.678154772665573
20471,1.1698423656846324
20472,5.38358472768989
20473,4.851221859466101
20474,6.873268178344396
20475,3.7744826569121863
20476,6.2793706424877165
20477,6.063791006383384
20478,2.3880514771500074
20479,3.515986714094401
20480,4.087205726210988
20481,9.002433412122393
20482,6.663837605175257
20483,4.904832947292899
20484,2.2027731026111446
20485,7.552024051277952
20486,7.283554735445304
20487,4.818813870868262
20488,3.1536134801557716
20489,6.779010212565558
20490,4.184646674828173
20491,4.004530104924006
20492,3.68286317775181
20493,9.648557895039865
20494,7.648147149382033
20495,3.0296955152061162
20496,3.5591707289782297
20497,7.877755869064235
20498,2.2033980379427556
20499,8.444080178493593
20500,6.076497503789037
20501,8.37971884888445
20502,3.8646722646432434
20503,5.927649150593693
20504,5.701789579861127
20505,5.773367233867025
20506,3.8136778214642297
20507,7.8251216449415235
20508,8.336962852315988
20509,6.2648125036221405
20510,7.791294302588545
20511,7.363640871879743
20512,2.9697554066207568
20513,9.44416228317581
20514,1.4344114320020673
20515,4.402437912396422
20516,2.003504054660458
20517,5.0228045080487504
20518,3.803261483416864
20519,5.68498939344211
20520,3.36946928686117
20521,6.726070940489998
20522,5.688720912503047
20523,4.010900930730832
20524,7.550281337824005
20525,6.404509064263997
20526,5.167866483759903
20527,5.506797019407667
20528,7.8565180658477125
20529,5.189140751614692
20530,7.424170233050047
20531,6.160319288985385
20532,3.2538645401898707
20533,5.954616472436452
20534,9.248410818658188
20535,7.495709637252281
20536,5.840918808523165
20537,9.201607562249036
20538,7.243168710529803
20539,5.277727816308273
20540,5.1088288244905415
20541,6.138151151980172
20542,7.982002300181715
20543,6.44319545159998
20544,7.182922972101862
20545,4.926557159196649
20546,5.592721571964876
20547,4.257840065479877
20548,6.080488909134071
20549,6.971794916096512
20550,2.580001281422974
20551,8.2640213185082
20552,8.320011997542865
20553,4.994019658167749
20554,7.4579461337942545
20555,9.31660561963104
20556,8.340163502847313
20557,7.336383131013827
20558,8.599248549422668
20559,7.471750769511305
20560,9.951810614877926
20561,2.8549830478266744
20562,8.242658981128265
20563,8.521577078915787
20564,4.446476068311578
20565,9.071326585608974
20566,8.275893696339029
20567,5.271565246843931
20568,5.309837184341002
20569,8.9120990705392
20570,2.6411832838494362
20571,5.955923739602653
20572,7.122120267292857
20573,8.054700732741246
20574,4.06488172171167
20575,6.653635127128571
20576,8.89104162779519
20577,9.288142470669888
20578,6.1613639177777335
20579,6.87773356618715
20580,5.016203463674454
20581,6.325537300501022
20582,9.470883706021205
20583,6.738211783314463
20584,6.9954403296812995
20585,8.016292576885734
20586,3.9212692992069558
20587,5.2628851108317605
20588,7.448544926273197
20589,4.206289136743727
20590,4.1714829245071545
20591,4.647148493320289
20592,8.65728277571146
20593,5.942513483747506
20594,6.252698724775474
20595,7.745389780168043
20596,4.939796164386505
20597,1.7343309524703794
20598,5.776114192655952
20599,6.378031388351405
20600,2.068579376304187
20601,4.1537391698241555
20602,2.3985817157648293
20603,5.351905727439913
20604,5.564405889299141
20605,6.876736666769272
20606,5.647081688888877
20607,4.272272329063754
20608,3.924451777113267
20609,9.132528270455197
20610,6.606619326327902
20611,9.58958680332025
20612,5.796183950436751
20613,2.742710271860712
20614,8.743958616444944
20615,6.430355256710712
20616,2.092462175088006
20617,5.424419132764172
20618,9.533857430518854
20619,9.213222611489563
20620,6.633524013760833
20621,6.460635339034967
20622,3.507411593493718
20623,7.343278449922633
20624,7.3369342441408945
20625,4.827514116137966
20626,7.1952275457198995
20627,9.28879652798121
20628,7.350230781429485
20629,9.43070942913031
20630,8.078510981009506
20631,4.753001720591223
20632,4.500920489420342
20633,7.141704830597905
20634,6.592484773708158
20635,5.9818792022127125
20636,5.810917186908636
20637,6.776655191108619
20638,5.457192526697556
20639,3.721887068539396
20640,6.244316846629521
20641,6.637368827806139
20642,7.6133533519103365
20643,4.014108325774799
20644,5.09699509243432
20645,4.31424875339512
20646,6.5031348559479785
20647,2.836815028615959
20648,3.7560181079485293
20649,5.105652466255553
20650,6.113305648192674
20651,6.753063021898257
20652,7.452376671553215
20653,3.4354833597496186
20654,2.5246658676915885
20655,5.868085594696647
20656,7.270166216130754
20657,9.326410278698472
20658,8.32095189387519
20659,3.7515103371806817
20660,8.090542262556749
20661,8.15759479013068
20662,2.317764867162553
20663,9.01196028363028
20664,5.7132004296202865
20665,5.797731996180355
20666,5.3261619254039125
20667,3.1790667386863323
20668,6.928741128406796
20669,6.558777746090683
20670,8.067313665089051
20671,4.984141453488264
20672,6.803823365762664
20673,6.166750484840788
20674,7.914173320974723
20675,4.4089416170916165
20676,7.461998102051691
20677,7.93208028052493
20678,7.572373315379355
20679,2.4126726134706185
20680,8.401566866224465
20681,3.630496021576021
20682,5.667397232921193
20683,6.979992609003615
20684,4.401438122076039
20685,6.9773862946814305
20686,7.593355777478332
20687,5.879965995302978
20688,7.4038832518455955
20689,2.3387605574974932
20690,7.428051715369063
20691,6.732230207228675
20692,7.180136505126731
20693,6.694244240960787
20694,6.882399103732951
20695,6.083220707627105
20696,4.882751886139289
20697,5.383941206278171
20698,5.257058478766852
20699,9.486128974195054
20700,2.475955002268136
20701,6.669459773644317
20702,7.915070472679561
20703,7.912936615366835
20704,7.021865516744863
20705,7.81946897296396
20706,6.3541258250369825
20707,1.4817200856575123
20708,3.5208380950132447
20709,6.789282043410351
20710,8.344754724255083
20711,5.0009350077483745
20712,5.502894944774917
20713,8.909715217704173
20714,8.47132943748891
20715,7.390361368304699
20716,5.947064145822067
20717,3.7072880007874267
20718,8.627928376534982
20719,5.518870065909912
20720,7.145911663139385
20721,9.008732287869801
20722,3.156681849159418
20723,8.655643568597329
20724,5.4350409656720755
20725,3.0817635716885103
20726,5.601393820894272
20727,3.177917035106923
20728,5.787027632083857
20729,5.390978789496415
20730,5.370853202510271
20731,2.313863420523777
20732,3.5378222140489872
20733,8.353782698781275
20734,8.684403346716739
20735,5.291833709460257
20736,4.2620037876541375
20737,6.364993807753645
20738,5.094799630194251
20739,4.355148096301807
20740,4.577826386997042
20741,6.603866370045274
20742,6.134131828748359
20743,8.231899836857744
20744,5.472771398588845
20745,7.357305249797962
20746,4.118524622356967
20747,4.434633904058226
20748,7.727988985135819
20749,2.089610611849241
20750,7.1382287487895
20751,4.000055743308858
20752,4.738369680569225
20753,8.73980990887088
20754,2.420128880651137
20755,3.0999520640648006
20756,6.453379164166405
20757,8.251060253096401
20758,6.845619652303316
20759,6.599381919144822
20760,5.897522410411348
20761,6.217764930418105
20762,4.0574090104963885
20763,6.259786744708813
20764,4.7923727858557505
20765,9.577820346423508
20766,5.438110016362678
20767,6.12564820776238
20768,2.8261346404697267
20769,8.538961491380858
20770,4.423302283770177
20771,5.617265141949275
20772,5.319961166086416
20773,7.908832513634073
20774,7.652750696316245
20775,5.239277089018887
20776,8.830121879246034
20777,4.42047936087911
20778,9.334793620732368
20779,5.2137235923784475
20780,7.49347619874208
20781,8.21338567415985
20782,6.7740960490467685
20783,5.597997947107281
20784,7.3921848729891515
20785,6.00408388913252
20786,4.980052917361192
20787,2.526671850273679
20788,6.672895459364529
20789,1.5568713458036028
20790,6.084455713130452
20791,6.5564698498529275
20792,7.492722786678396
20793,8.036121159927076
20794,7.588160807894788
20795,4.921825973781159
20796,7.118856696751303
20797,5.809542839372235
20798,4.348040078385772
20799,7.292171802441579
20800,5.244057873633943
20801,6.4015206342917885
20802,6.394608218161986
20803,4.17023139760807
20804,5.777239051353001
20805,5.579600581478882
20806,5.839157834228516
20807,5.163842362607257
20808,9.308071276625128
20809,5.4727313406643034
20810,6.913369201683572
20811,7.27509269815949
20812,9.000639015615121
20813,3.1924029151818907
20814,8.413192145211259
20815,6.922351206254408
20816,7.269396129726031
20817,5.798840315774706
20818,7.381001788892032
20819,7.447164092480589
20820,6.70062519605435
20821,7.87154489182959
20822,5.657284846016271
20823,3.7680160830527156
20824,6.569319363085359
20825,6.806700068181946
20826,7.8883825567472385
20827,8.59143873700961
20828,4.744115294414296
20829,7.8398387942760595
20830,6.486677949823959
20831,4.281692314554999
20832,3.125447407174537
20833,3.393053199647657
20834,8.273770453918154
20835,7.257375834776735
20836,8.351065459891881
20837,6.521861158219368
20838,4.678921270066254
20839,4.685821925775069
20840,8.551969638668746
20841,5.8056975914719064
20842,8.577992346229905
20843,5.180630182209155
20844,2.416504475881218
20845,5.593315308569603
20846,7.213842842705237
20847,6.478787115852755
20848,6.6233810901096595
20849,5.071388557006954
20850,6.749278146274767
20851,5.1386140670622105
20852,8.020252076555728
20853,6.135317717695454
20854,5.912478389709621
20855,1.7523143745971304
20856,5.990547004174702
20857,5.7129721657068115
20858,5.02177235124617
20859,1.8574738093588146
20860,3.1724817484386767
20861,6.853358898529578
20862,5.996540125862471
20863,5.965804556275635
20864,4.706640167595968
20865,7.368872305042591
20866,8.253038377847634
20867,8.316698646694176
20868,6.364978015098089
20869,6.8232087501648495
20870,6.7893906500217955
20871,6.1611631582708135
20872,8.987683931841087
20873,6.853462239745917
20874,6.4748082989423255
20875,4.4318003214175645
20876,5.235624055927376
20877,8.258232734083942
20878,6.431811881241056
20879,5.87876608516012
20880,10.0532420359972
20881,6.5086220454673285
20882,5.744837760798347
20883,1.6275487573304859
20884,5.730827879487707
20885,4.291604625048906
20886,6.603707352973655
20887,5.817141342633217
20888,3.901922350912574
20889,7.812425564583033
20890,4.956819068367074
20891,7.905052350320068
20892,4.661966090214039
20893,2.919878790955343
20894,8.251460779993607
20895,7.891498382005302
20896,5.781515816631494
20897,4.816046010032211
20898,5.2231900937913665
20899,2.8806023210953597
20900,5.480502171828374
20901,6.604750649446018
20902,9.61707804349389
20903,8.044694805300882
20904,5.3965927204774715
20905,6.086361527479693
20906,8.649809002911484
20907,3.1637494033318245
20908,9.028758168746656
20909,5.190951939947419
20910,5.493825966372224
20911,4.147854294107732
20912,6.466998800356177
20913,2.854448657260284
20914,5.502727259680236
20915,9.122953354690008
20916,2.9823104496538524
20917,2.6426311632150856
20918,6.658114991607895
20919,3.46490209576273
20920,6.976887033133709
20921,7.143308867577209
20922,3.451006663852456
20923,3.996542513095798
20924,7.776508615208293
20925,5.649632198334615
20926,4.670026384340702
20927,4.471314792416873
20928,6.042365650624246
20929,4.309674603975819
20930,7.063397272247844
20931,6.756009637435815
20932,4.9787034229514955
20933,6.081848301610956
20934,3.9996400905706113
20935,3.1990924095384914
20936,6.927045530250709
20937,8.137473339452022
20938,9.754108779668051
20939,9.197813824881788
20940,10.08838644004216
20941,8.43431840210045
20942,5.778017777005687
20943,7.115114456333557
20944,1.4550786098131967
20945,6.7764219601412705
20946,7.604562485205638
20947,4.388817137545202
20948,8.160209295437795
20949,7.027340735295551
20950,3.3297221883622474
20951,5.268252294358601
20952,8.553840594278467
20953,8.382110842348492
20954,1.351466663159968
20955,3.671576085595702
20956,5.011801367623529
20957,6.179692506934716
20958,7.624311623488948
20959,5.695201258625116
20960,5.144807383611047
20961,4.324925471000108
20962,6.3456155728641335
20963,7.906490863032977
20964,7.293631095619224
20965,2.731458380429969
20966,5.1125034538555365
20967,3.495968104623044
20968,2.740675135013875
20969,5.309056121889345
20970,6.94838312696918
20971,4.196279280119311
20972,6.798254557273923
20973,6.583788427888217
20974,7.525000739260765
20975,7.83955709169079
20976,6.28388796873367
20977,4.065002729780342
20978,4.801301968349444
20979,5.4332477809203805
20980,5.8080817290048685
20981,5.337789070497219
20982,5.661995506728203
20983,7.8724486529638416
20984,5.8834224852233685
20985,6.735820154572766
20986,7.657091929434603
20987,6.230251789448974
20988,7.075438522254307
20989,9.512861013162805
20990,8.829976311057635
20991,7.182915905477109
20992,5.3241484047535135
20993,3.167693438210991
20994,5.06943675596984
20995,4.619616162234021
20996,6.916849587032521
20997,6.76024044784071
20998,7.695790312747228
20999,4.61110326036481
21000,3.864298374149956
21001,6.875183736709324
21002,1.8675337637123886
21003,6.994932985474555
21004,5.6550187452245915
21005,8.410384124708168
21006,5.205507930800485
21007,6.454940168263258
21008,4.569250225115257
21009,5.989094125438629
21010,6.368924428319004
21011,7.996079078100766
21012,6.500397032705573
21013,6.529408908408951
21014,7.815706981878715
21015,5.661502297613765
21016,6.918801598656513
21017,5.249362373143349
21018,5.691255981137955
21019,6.138202782115552
21020,5.884020456119581
21021,2.5622506552000353
21022,6.885850792062185
21023,4.006255077087111
21024,7.57263647495341
21025,4.849858334849557
21026,4.710653701451646
21027,5.393700597743999
21028,6.397070801911289
21029,4.047403945836061
21030,2.395703427293771
21031,3.7149140016087094
21032,8.164075017610754
21033,6.539243689444739
21034,3.8510062720138194
21035,3.451815571210449
21036,7.13216171549499
21037,4.43520831032553
21038,6.1658035077142905
21039,7.611512856169217
21040,8.797795675403114
21041,6.896444436858916
21042,4.780621283131093
21043,4.806939278520496
21044,6.464781748241912
21045,5.716845537977368
21046,7.755546664197295
21047,4.533873856997479
21048,4.382317638985143
21049,3.593231137540828
21050,6.792489329211923
21051,4.74265004154293
21052,5.3842800316966395
21053,6.8330584776193
21054,5.235603480002206
21055,8.225223209261634
21056,4.797545282913244
21057,4.260475894677129
21058,5.823898454951626
21059,5.187086571550477
21060,3.8623424224108627
21061,9.178541025251244
21062,3.267956252087944
21063,3.1497665467370473
21064,3.1059807965954582
21065,6.311068757202051
21066,6.098793993685364
21067,9.007319087170359
21068,2.9011478872388636
21069,7.074840496716367
21070,2.393740982440267
21071,2.3290861984076767
21072,4.254617759661363
21073,2.287358498261944
21074,9.356244529307418
21075,6.855418490442812
21076,9.42615038397835
21077,5.937933532816099
21078,2.0657391665573006
21079,9.037030526159045
21080,2.652279466789582
21081,5.96619148172425
21082,8.04935494961077
21083,6.624377166081421
21084,7.270812452023572
21085,8.819852724646275
21086,8.482069697015481
21087,5.483334959738029
21088,4.196755186641025
21089,1.9239709190836456
21090,2.909430268625778
21091,5.443532949450046
21092,5.046053428572704
21093,6.1065398781488
21094,7.5964433001643075
21095,7.84544930861699
21096,3.927561451437843
21097,4.225862319459157
21098,4.799742481023887
21099,5.271867211378576
21100,5.3958195177598
21101,5.971103768026126
21102,4.910039067783514
21103,4.484201640827232
21104,4.5844345077877815
21105,2.3636269965235446
21106,4.228216485264623
21107,5.821772627395897
21108,4.5729326798755485
21109,4.577801955841398
21110,7.904065797246684
21111,5.028773194285491
21112,8.282574857599156
21113,7.18325528571318
21114,4.754287524891226
21115,5.437925963123635
21116,3.1380556724009208
21117,9.006910917245524
21118,6.899399189884697
21119,6.450533706828118
21120,3.1769369031487202
21121,4.232585003447549
21122,5.869991867304621
21123,5.0339972931668555
21124,7.450466993429373
21125,5.762361478697496
21126,2.8788272946724205
21127,6.964146006518518
21128,7.973125870201342
21129,8.045504913799343
21130,7.902535903918686
21131,7.372011861422289
21132,6.056035323289956
21133,6.5406872481014915
21134,6.254508329004195
21135,3.537064413545398
21136,8.065680938492465
21137,7.808097313151761
21138,7.165898188596512
21139,4.6299958410302535
21140,8.284418551092747
21141,7.202566914366312
21142,3.1390587346485677
21143,3.5552160991383257
21144,8.588452450051483
21145,5.616450947734435
21146,7.925064551909
21147,5.011643820013013
21148,4.968403702013105
21149,6.696446113610838
21150,6.010293784435608
21151,6.129321814227411
21152,5.333536434616688
21153,7.421359294149177
21154,8.160736819651133
21155,2.8194991698669667
21156,9.132885196785292
21157,6.479870513411869
21158,8.158469483462989
21159,7.89772735791347
21160,6.905334530362162
21161,5.808226317344408
21162,4.116364112131643
21163,5.086263103848892
21164,7.566627319511493
21165,3.40732231622487
21166,7.178418506094914
21167,7.552906036009761
21168,5.490919426228343
21169,7.032519058683077
21170,5.108076767505487
21171,8.313679842246735
21172,3.6975002973925246
21173,5.609904851015385
21174,5.020694387890339
21175,8.301595119016888
21176,5.5127086151966225
21177,7.108880932207528
21178,6.020033583327728
21179,6.571977446771172
21180,6.157287988625868
21181,5.839105094484662
21182,4.240058444449236
21183,6.59031074213094
21184,4.986591049388099
21185,5.8624556226307725
21186,6.127826573305583
21187,3.5919804354807305
21188,7.851093768487999
21189,2.7685429265399453
21190,7.685787338824477
21191,8.016164430958579
21192,5.814034610066584
21193,7.648160376169739
21194,5.71138944966398
21195,7.246006983204708
21196,7.250975078600205
21197,7.032155557253275
21198,8.640575406786077
21199,2.27661314791055
21200,6.218309263443926
21201,6.5585755491104685
21202,9.159717318065148
21203,7.874481862794856
21204,7.5312944374410025
21205,7.371265309853713
21206,7.179994412308207
21207,9.148918937373992
21208,5.921838424022761
21209,6.951434719534973
21210,1.204692908617469
21211,6.581743428972323
21212,8.84350473128158
21213,4.181215044112212
21214,2.782806657764601
21215,6.98092345697532
21216,4.2949121098413165
21217,6.9292313283168046
21218,5.718669503026591
21219,6.983190567518396
21220,7.881367659728717
21221,9.166703920235227
21222,5.83432716173235
21223,5.879586132065659
21224,3.229705046582126
21225,8.073431700759395
21226,7.15157374266975
21227,9.03148194956371
21228,8.914467937820396
21229,6.325595777318995
21230,6.194685973416861
21231,6.183879084000059
21232,4.103921493209227
21233,6.285729739717411
21234,4.9831401557365265
21235,7.943994974849271
21236,7.280628822163155
21237,3.5127937916102057
21238,5.896017483273122
21239,5.9453142041250215
21240,4.936028272708288
21241,4.108095044076122
21242,9.71332749649407
21243,5.851064946432116
21244,3.0542892470200123
21245,6.217532545545232
21246,4.668218339139295
21247,5.923658297505513
21248,6.204771490573708
21249,4.320523779040631
21250,3.8497700960250514
21251,6.7732481989923174
21252,5.727770947816465
21253,6.322020484184467
21254,7.866173242100368
21255,5.636391972071284
21256,8.223402397731832
21257,6.747710229376882
21258,6.194635406370462
21259,7.87193755850079
21260,4.7339163075006745
21261,2.0539581897296273
21262,4.988087144638054
21263,7.10172849500845
21264,7.720276783119092
21265,5.516347387557262
21266,5.662464317457712
21267,2.9628329103758775
21268,5.253855225381944
21269,8.053309965846857
21270,6.188651733615513
21271,3.9600425300056
21272,4.189974030021289
21273,7.494219822353455
21274,8.228110673971779
21275,6.131203861598914
21276,5.218023843432482
21277,4.572809590390074
21278,1.7078788470501047
21279,8.589262984082364
21280,5.846691693273584
21281,8.014592895297003
21282,4.234725075582785
21283,7.986251344082316
21284,4.572239067168081
21285,6.253312556757957
21286,8.527832758501482
21287,4.0674899435360246
21288,6.3446334392888994
21289,6.841204047557806
21290,9.03685714642289
21291,4.897093287815016
21292,4.791572802571745
21293,4.490271456401043
21294,7.030868106708358
21295,7.9316808567701
21296,8.070799058780837
21297,6.729659111276527
21298,1.2523576078639396
21299,4.938670237022193
21300,3.6247731695736274
21301,5.131456700729293
21302,6.014288857450483
21303,6.251215022514632
21304,3.4586866015752675
21305,8.334932802723975
21306,6.149625107274545
21307,3.996458122051769
21308,7.263091735590728
21309,6.5584651593963885
21310,6.448115374645805
21311,5.777471896187403
21312,6.520447233874881
21313,7.194392775589998
21314,6.027462415196932
21315,4.625316244175098
21316,8.667627639213137
21317,3.5247152338286867
21318,3.1239373182937964
21319,6.605228485768569
21320,4.082751361051323
21321,6.40967343358105
21322,4.303854935770254
21323,2.5598231283599455
21324,7.216623904956503
21325,7.720516511173361
21326,8.007020575008044
21327,6.0531041909481385
21328,8.067278682489778
21329,7.365488329458221
21330,6.5980113174272335
21331,7.850855838430055
21332,4.101238879052616
21333,3.9437694340701297
21334,9.077504075969962
21335,7.7616876353233515
21336,7.148943621336948
21337,7.429810735382468
21338,4.774446359177053
21339,2.704417284751453
21340,2.6342288063999884
21341,7.492993837753489
21342,4.464593361376286
21343,2.4814978567006967
21344,4.07817805338853
21345,4.566534749226981
21346,4.52332418117977
21347,4.097945824639736
21348,5.213944876228856
21349,5.3400508432937315
21350,6.744455268450353
21351,6.199054669079742
21352,7.988110634528711
21353,6.348353932101311
21354,5.55222606722662
21355,4.449532961351166
21356,6.739146814007684
21357,9.31354944563145
21358,6.81009244254761
21359,7.565390383526761
21360,8.581795971469944
21361,6.200844795516945
21362,3.1327415220425143
21363,6.236072283024857
21364,0.5308441736227852
21365,6.995752793096581
21366,9.491994108138822
21367,6.473198422868853
21368,5.600523308083213
21369,7.015684704903011
21370,5.281659071243901
21371,7.431668584895725
21372,4.886604463550637
21373,4.944589406955781
21374,3.7105817931831906
21375,4.33971460080919
21376,6.736232110462868
21377,4.277048757966831
21378,7.054271532180475
21379,7.833145471214888
21380,6.059926114036781
21381,6.925162980983434
21382,5.35507610497421
21383,5.147803317899854
21384,5.389311725258121
21385,7.344130665888948
21386,2.511171796422966
21387,3.064339248950827
21388,5.091528334837015
21389,6.5415096904545305
21390,6.3685752683194625
21391,6.999796072244411
21392,4.5672439242851635
21393,3.7795390796467605
21394,6.255902838594486
21395,8.035440078701534
21396,5.025929270005583
21397,7.815887724582572
21398,5.622705264176581
21399,6.603612511314724
21400,3.2944265140238276
21401,7.142952403687566
21402,6.249846317565018
21403,9.154427763665144
21404,2.9119151331688347
21405,7.652789925026608
21406,5.904044711227973
21407,6.182881508501019
21408,4.791504871118017
21409,2.139271152940158
21410,5.9490221791983835
21411,8.92096586570589
21412,6.356040279094863
21413,8.891248034622418
21414,6.72610883902184
21415,5.586038859425841
21416,2.6940326501196825
21417,8.275312617870206
21418,7.406067594571383
21419,9.299460636019687
21420,4.330139407843221
21421,4.436808335060579
21422,3.966737810364497
21423,3.539893050891979
21424,6.905456228434806
21425,3.724495499424652
21426,6.941261518406809
21427,5.301271418407066
21428,5.887084201134025
21429,3.8144024912889765
21430,7.545862336173367
21431,2.3018087803409104
21432,8.22131563804234
21433,7.892687679480663
21434,8.758569506715236
21435,6.210171768953525
21436,8.520322988568992
21437,9.257138591705463
21438,6.50231451909762
21439,6.39236637339494
21440,8.129860411925762
21441,6.202660979104593
21442,3.9952918381126006
21443,4.112947107744248
21444,6.384875497583439
21445,5.7921032712613805
21446,6.117370966301385
21447,4.818430537683462
21448,7.382918692522627
21449,5.081969965517654
21450,5.119919485252187
21451,6.114783777731549
21452,8.524956941463685
21453,8.664075047027143
21454,5.249822976040992
21455,6.706434348069656
21456,5.060893244746971
21457,9.371285945679144
21458,5.7696447035906155
21459,3.662029432993009
21460,3.7277709954368055
21461,7.158856020126205
21462,3.7377881731686147
21463,8.502423278103407
21464,6.732556793406719
21465,8.053603570988212
21466,4.8010996069209915
21467,8.77721498093504
21468,5.6541109295475716
21469,3.5951440464824915
21470,6.168217326548126
21471,4.440882340485919
21472,6.5918609285296155
21473,6.059123234657513
21474,3.8596875625607687
21475,3.3039250896787946
21476,4.787991195637597
21477,4.14588749324645
21478,5.3457581723921415
21479,6.507433614632131
21480,7.180939231254788
21481,4.195475178348606
21482,7.667011879833912
21483,7.78825124911987
21484,7.129504024152648
21485,6.089110131366962
21486,3.954671406173121
21487,7.7687462226216075
21488,2.7738417373077118
21489,5.954464018464081
21490,7.247270021769282
21491,8.285072390451862
21492,4.8215168372257615
21493,5.812827369430941
21494,7.863978129783563
21495,6.802127152731594
21496,4.599377962650371
21497,5.439017999475691
21498,7.868218788572336
21499,5.288174870879272
21500,5.9322603350215415
21501,5.163111723168735
21502,5.858696436227446
21503,5.133082731413541
21504,7.042813980732295
21505,4.986158090262924
21506,5.983322005386221
21507,4.756807990729245
21508,8.64200450941503
21509,6.746750710040806
21510,7.6283811258948715
21511,6.10881229382769
21512,6.461951600750294
21513,6.04139513947866
21514,8.911618887748366
21515,4.449780906611901
21516,6.970741217792487
21517,5.033860779823234
21518,9.161381132787092
21519,5.939436855874055
21520,5.131485820883769
21521,3.7472956001511606
21522,7.129509615400293
21523,9.778352595865867
21524,7.011030462717557
21525,6.737315206788403
21526,4.3297845355912035
21527,5.682910979798209
21528,7.878911096737785
21529,5.062250196045085
21530,6.417190140211568
21531,4.985337506139707
21532,9.791977991306885
21533,5.1683519905502955
21534,4.266394296988591
21535,4.272466971100265
21536,6.342883033633147
21537,8.575073035718178
21538,1.8890222730298223
21539,3.994011658840703
21540,3.619125400965739
21541,6.2749319292654775
21542,6.2499174522134675
21543,6.416638250173957
21544,8.592443473580948
21545,4.650797246600959
21546,1.9559122042821895
21547,7.008885787054466
21548,7.700267302152324
21549,5.033744539117469
21550,8.931909144940011
21551,6.645530561218167
21552,2.1210881994864375
21553,6.427782343490935
21554,3.0815722890595305
21555,5.42884667898283
21556,7.028650656974863
21557,6.9659429050398405
21558,4.051023136787544
21559,3.2435333768832697
21560,8.82008001039494
21561,7.7155790450008634
21562,8.246268378325107
21563,5.041663858034367
21564,3.1951999578034007
21565,6.0591343544797915
21566,2.890819884231829
21567,9.127621307990065
21568,8.16499699575664
21569,8.427205950087119
21570,6.194871439621912
21571,5.0691643187016995
21572,8.468237245580488
21573,9.039377611208899
21574,4.143422223959839
21575,3.1854003101391726
21576,8.057351495528017
21577,9.115280014604153
21578,6.912771147317842
21579,7.271714621153014
21580,6.018847479630398
21581,4.448516207162681
21582,4.846934378590811
21583,6.397129148672051
21584,6.168314470023204
21585,6.2087150736193655
21586,7.132903162932732
21587,5.540509274864686
21588,3.537186556708075
21589,6.239910132658844
21590,4.584452766942967
21591,5.872875239563873
21592,8.339700226767924
21593,8.374267848572886
21594,2.8669237282437545
21595,7.32635063996543
21596,5.616258671272202
21597,5.207170431801217
21598,4.346310504306176
21599,3.7855630895096297
21600,7.811998126812659
21601,1.9302850173192803
21602,2.7513416720792696
21603,9.404038584940405
21604,5.187013708156543
21605,7.662541873223012
21606,3.540398818468546
21607,4.897017879469978
21608,7.5435587001103634
21609,4.0940024579339855
21610,5.838382018307032
21611,5.364162942568626
21612,4.076296290065991
21613,8.339869796311238
21614,6.264536942295781
21615,4.602966109374709
21616,6.2473324368290895
21617,5.459392158933352
21618,9.106388690240387
21619,9.22351966752455
21620,3.8143103107628646
21621,8.762258353972888
21622,5.73726984288984
21623,7.87208543784646
21624,9.11148722385726
21625,6.719952368242806
21626,5.069116164411256
21627,6.261090424385327
21628,9.884453084983814
21629,7.32434035682684
21630,9.196973292684842
21631,3.6313350688133887
21632,5.371910383161494
21633,6.0849246607916445
21634,2.633635496638158
21635,5.776114025891899
21636,5.435364597620579
21637,5.108819992246932
21638,6.501337896865493
21639,7.640493195131401
21640,9.567742482683613
21641,5.239711866208377
21642,7.83517066463314
21643,9.234009627116992
21644,4.664362144220711
21645,7.4393444534000785
21646,4.4189412968531165
21647,6.461491293761402
21648,5.753237677528391
21649,8.175411385176995
21650,2.760756417095817
21651,4.162084609386788
21652,3.8936169246451975
21653,4.540128738253777
21654,2.821259537661422
21655,5.334608095912737
21656,7.8228191447934545
21657,7.591965785202556
21658,7.543731665130336
21659,3.984640905034187
21660,7.340990447433439
21661,2.4208665045713755
21662,4.296557935700501
21663,8.208018727195341
21664,3.4639641229874716
21665,4.759965971136958
21666,2.3444344001929647
21667,6.607184688653778
21668,6.098943724400233
21669,9.121781721485243
21670,1.636644358017377
21671,6.821158940788438
21672,5.294597358270708
21673,5.616074914697602
21674,4.011270697674602
21675,4.856067488839685
21676,7.961871563093326
21677,3.8181033000596205
21678,6.480608760590949
21679,6.4963966814217065
21680,5.1148614915525625
21681,1.4800310896978164
21682,7.313175600006548
21683,6.291841411969748
21684,6.065287035567891
21685,8.086115391627086
21686,5.361576458665084
21687,5.818091705938694
21688,6.624422306602697
21689,5.7953711196630575
21690,8.741790897740087
21691,3.692405547916104
21692,6.253570295876269
21693,3.978533945525977
21694,7.384910967203381
21695,5.568350950882871
21696,9.700485898543102
21697,5.104774420626703
21698,2.431637849464312
21699,8.265565785355058
21700,5.862414742792511
21701,7.7825818030927625
21702,3.6874471642928204
21703,6.186242561172249
21704,4.379146553773504
21705,8.799881831600585
21706,3.288428221880927
21707,8.544666492130622
21708,5.723849109089698
21709,5.551526951401903
21710,9.164963657994695
21711,5.243116153387994
21712,4.146632563451147
21713,5.690948439087665
21714,4.8156613144595966
21715,4.838693640389864
21716,7.16093456485415
21717,6.7076727064150745
21718,2.5896421642149616
21719,7.738295107189948
21720,5.024767086713469
21721,7.211415785954817
21722,9.341168298192702
21723,6.4276243513331055
21724,7.641129245942282
21725,5.843721928442147
21726,9.029303526181463
21727,7.012211599551959
21728,5.336400543330038
21729,5.652876579860768
21730,6.188636309037749
21731,6.814560931537819
21732,2.367365315783964
21733,4.61430471253309
21734,3.665822437977578
21735,7.343104977415508
21736,6.093163614348508
21737,7.451965942861849
21738,2.069690853199465
21739,8.206716415958567
21740,8.889989439922854
21741,7.0285715012809185
21742,4.0977896200788155
21743,5.936491124069472
21744,4.448158656702443
21745,5.335588145759978
21746,5.826248334453992
21747,3.0140375538819435
21748,9.664138827555787
21749,7.036908862655723
21750,6.528009084946669
21751,7.038027807643601
21752,7.301628191877646
21753,8.6243932837316
21754,7.652142734333045
21755,6.847184625366099
21756,4.307941393345601
21757,4.6838394980856854
21758,6.3869362595083325
21759,5.029792752157246
21760,7.891029975424714
21761,5.194225126834093
21762,6.344803226223517
21763,6.09930828874765
21764,6.182743148603164
21765,6.12620140732014
21766,6.756735773231575
21767,2.7351673467131845
21768,6.821885235478199
21769,5.045853788092302
21770,4.454848755079469
21771,2.972512305766505
21772,5.890074204544875
21773,1.7853582041931446
21774,2.533107873327112
21775,6.0205900511792265
21776,5.2516310997992495
21777,5.416064429955341
21778,6.040294503335534
21779,4.277007406256438
21780,8.07743415341987
21781,3.3267211088820785
21782,6.216430007749947
21783,3.6856062040047033
21784,7.31034810516928
21785,6.726273475067495
21786,5.5318594749707435
21787,4.56296425870031
21788,9.271663492385454
21789,3.4327049627720783
21790,5.298823838924119
21791,5.614902070276551
21792,7.4155819103681875
21793,6.4544781224741286
21794,6.938879036379265
21795,9.72376873769958
21796,6.404130755699506
21797,5.489955743335897
21798,0.8141200526603108
21799,5.108779640906351
21800,7.278695400366994
21801,3.0709400368285222
21802,4.315135242655142
21803,2.098776702990178
21804,8.194227784096345
21805,5.403136120052951
21806,6.202458519521462
21807,8.221328361555475
21808,3.0150588959880857
21809,5.093654164194579
21810,3.3787889159204743
21811,6.949056653879147
21812,8.231222236380006
21813,9.574407735670063
21814,7.333814145226999
21815,9.09033266909161
21816,6.451468080709454
21817,8.668697810759559
21818,6.393417998057183
21819,7.391683020610688
21820,5.643874584468995
21821,6.846711425003041
21822,8.21060985306539
21823,7.505517117321559
21824,7.839974532681457
21825,5.728584744858921
21826,6.297780323435074
21827,8.026497684805513
21828,6.250673205030795
21829,4.156828560426975
21830,4.3409658173927514
21831,3.5068521722177843
21832,2.530742715269547
21833,5.143985736089496
21834,5.473719362714046
21835,5.837041697694045
21836,6.103501063716269
21837,5.2836407218481085
21838,8.719207868864626
21839,2.9827520454004732
21840,8.099122314402646
21841,7.003394829326263
21842,1.2953242749899696
21843,9.448487501563267
21844,7.988852482983706
21845,7.331814911177919
21846,6.891581691737192
21847,5.98006184721514
21848,3.2120880645533942
21849,5.38658556338823
21850,3.4659476658247583
21851,3.8231609047451784
21852,6.203498422659672
21853,7.143248874596006
21854,4.968627394177453
21855,6.056866856323618
21856,5.322502064074873
21857,8.12133797302778
21858,4.464477741651573
21859,7.536786489857734
21860,7.220303802614133
21861,1.9436740943227284
21862,7.951748217579427
21863,3.587286393714617
21864,8.820516713715573
21865,7.002277298094916
21866,9.837910982513689
21867,4.078188643817608
21868,5.8702500867987135
21869,7.665884392839554
21870,5.328082398105745
21871,6.364555471037719
21872,5.115716299230952
21873,7.098115232382186
21874,6.87243216959665
21875,9.049560115005058
21876,5.50098347855389
21877,5.524855392695507
21878,5.2022390991546
21879,6.255416531478329
21880,7.802110273084163
21881,4.976080729388022
21882,4.799893339521691
21883,5.466465662755748
21884,6.841044465626424
21885,9.104441962751672
21886,3.6415303912218135
21887,3.7157448320559214
21888,7.713934247899016
21889,5.690050259266836
21890,6.414127605136859
21891,5.651149243870741
21892,5.532051037966428
21893,5.7121454643824245
21894,6.299392765088078
21895,8.344780023090074
21896,6.484468952809875
21897,4.990307950258741
21898,6.178274894379492
21899,6.741075892364655
21900,3.7047703264038607
21901,4.703686917247548
21902,4.983357965205695
21903,7.924619950945072
21904,4.023264268423166
21905,7.696408553030067
21906,6.2673946045858795
21907,4.769337569633125
21908,8.336708937065122
21909,5.497787929413957
21910,4.087513219674288
21911,4.367107580746251
21912,4.973825100184372
21913,7.913386955175645
21914,9.402553514682818
21915,5.733100515638833
21916,6.572583258264093
21917,4.944482355380253
21918,5.679081237111351
21919,8.723685354627467
21920,9.59779532187738
21921,7.768418693860163
21922,7.490997151129732
21923,6.663409172903664
21924,6.73098713466856
21925,7.193139470595199
21926,6.038025314852796
21927,5.768189438889154
21928,7.264418312128461
21929,8.590501455055625
21930,5.945629443691599
21931,9.184023634808216
21932,5.306846407329523
21933,5.646493787008448
21934,3.0530935678044635
21935,5.925996801488652
21936,7.302164453509212
21937,7.390465548135203
21938,8.773967244542115
21939,7.732252179351495
21940,4.57330607580047
21941,5.880976998887911
21942,9.025441154436816
21943,3.9530212899963875
21944,6.229931096631028
21945,5.776709242627089
21946,5.934894925313167
21947,8.63992715094085
21948,4.6397652822226885
21949,8.590255748876967
21950,6.056525400664922
21951,8.250063499570333
21952,3.909820239133468
21953,6.320196205092095
21954,2.9762112016942868
21955,7.881916339986716
21956,5.420867098378276
21957,9.00436949941157
21958,7.651590015841998
21959,5.292359342358284
21960,5.005155906182162
21961,5.104556874739243
21962,7.417722733454612
21963,8.749181566112874
21964,8.580787198631441
21965,9.759002528593802
21966,4.863681662757609
21967,3.496891033153773
21968,8.201133638099215
21969,9.00779032563807
21970,5.719272527987515
21971,3.385198404748974
21972,4.726945095915224
21973,5.887629612255077
21974,7.989676423371723
21975,3.079361864103695
21976,7.222433788176671
21977,5.269000224119425
21978,8.60729212953045
21979,5.283886387414441
21980,6.627030645877205
21981,5.1008199886059895
21982,5.776158161681133
21983,2.9805190709679175
21984,5.521968622939759
21985,7.06831268493373
21986,8.97080598388601
21987,4.106338491454175
21988,7.059476693550494
21989,8.671451002354509
21990,8.135855146995059
21991,6.447926871052802
21992,5.304699034223285
21993,5.874611852073582
21994,2.949211698032833
21995,3.536960039995426
21996,5.688527530106664
21997,3.1380456328594124
21998,5.575057008826508
21999,4.943616569242843
22000,5.230847035812568
22001,4.854874186437757
22002,4.821890142803192
22003,1.9532043484989752
22004,5.67389996487368
22005,7.152830652480481
22006,4.91218164054147
22007,9.594038502432202
22008,5.619944266796209
22009,6.672795410823549
22010,2.771638538540446
22011,6.314752157406519
22012,6.4685015695074695
22013,4.880475747565377
22014,6.677136766133922
22015,5.828965677651628
22016,5.693963988697119
22017,4.9772097279082645
22018,3.7881851361624213
22019,3.4667614915275786
22020,4.198602035290046
22021,7.66761841576687
22022,7.265145496039998
22023,4.183926289800327
22024,3.78630096857537
22025,5.643960841032779
22026,3.5112923787916426
22027,8.592489208832056
22028,8.497451513026636
22029,7.5225383065165765
22030,7.778454033553949
22031,7.535360626347674
22032,4.231508125854396
22033,8.078871817201838
22034,5.170426127774543
22035,8.737174581117497
22036,5.55279620243849
22037,4.664918641610501
22038,5.55787294954676
22039,4.494773697651662
22040,8.178726775510116
22041,6.083614633879533
22042,2.9283473211447864
22043,6.758405440370636
22044,8.81912285260855
22045,5.451955111788326
22046,7.960447277840723
22047,5.397508487964608
22048,8.275165569656476
22049,3.275650878195
22050,5.151502879207192
22051,3.3115753531750283
22052,6.629191955452139
22053,8.870629658234982
22054,6.406317782902007
22055,8.352034394732875
22056,6.509368438492784
22057,8.089873496354272
22058,4.097516994361218
22059,5.5155334952231705
22060,8.166054727275679
22061,6.246718417871554
22062,3.3044061814919203
22063,6.45780370491151
22064,7.628388031591044
22065,5.242809717082375
22066,4.26452149119633
22067,7.02638603090535
22068,6.2450524555070945
22069,6.972914582062379
22070,5.134997609746988
22071,6.302739850521815
22072,5.245281946070558
22073,8.157277778099337
22074,4.8866545503062895
22075,5.674274898137986
22076,5.855927166963757
22077,9.447117262370808
22078,7.362709861335459
22079,8.508371693645149
22080,5.122762707679375
22081,8.613997947671281
22082,3.178800934341485
22083,9.203255981780453
22084,2.098184441827776
22085,3.7623105608107372
22086,6.242395682409976
22087,2.3754660067420827
22088,5.960334478126002
22089,4.796798160646217
22090,5.790034493269875
22091,6.88732826397926
22092,8.94011732751487
22093,7.336957113006999
22094,6.802981109056222
22095,4.835602891363216
22096,7.349224922581697
22097,6.070048576813228
22098,6.067168482340447
22099,8.366077697585965
22100,3.384572709997409
22101,5.402832321025796
22102,8.338202656290873
22103,8.45206642990402
22104,1.670763220158957
22105,5.421565627080796
22106,5.0995517520586
22107,7.249164320490269
22108,5.912786474468456
22109,3.6392214781249987
22110,5.491812105706191
22111,4.164413857295649
22112,6.049115819061778
22113,6.204927197329564
22114,7.875164953929756
22115,6.367653272063642
22116,4.108088087258978
22117,4.721676996968727
22118,7.555551072916671
22119,4.882124630487542
22120,4.559962842229494
22121,7.453891281758827
22122,6.066060794137533
22123,4.442193403755435
22124,7.275791883008635
22125,6.0702737282094885
22126,6.227294660005085
22127,7.378799966302662
22128,4.185588566474359
22129,7.621419480601276
22130,7.108538461940822
22131,4.873525399204254
22132,4.978179620190814
22133,3.68281694328784
22134,5.414825494979881
22135,6.648453835552987
22136,4.8406208826299295
22137,4.557737374200267
22138,4.026124488741374
22139,6.120046399869452
22140,7.428956126522249
22141,7.9925281534909
22142,5.196413286237287
22143,7.21973210089554
22144,8.042009320237238
22145,4.8711328226671196
22146,3.0959740068812494
22147,3.96773380095052
22148,1.2972513082174997
22149,6.315087858665183
22150,4.55206966983056
22151,2.714881279550598
22152,7.5908209323338545
22153,4.014754592522892
22154,4.059208883582446
22155,5.953791870593389
22156,3.3683738836859654
22157,5.661370160263642
22158,8.678807134633553
22159,6.703911479197357
22160,9.250847139022639
22161,5.969548032833032
22162,5.511459020324115
22163,4.185778315163965
22164,4.363747628819324
22165,6.932348461963771
22166,5.319224924875398
22167,8.128812211080563
22168,7.9285364312022715
22169,3.8750742862610803
22170,4.047641923893711
22171,5.13323988405705
22172,3.458991865315208
22173,4.803488936019616
22174,5.283263643356147
22175,5.520929780862145
22176,3.808742458580942
22177,2.124880612290548
22178,8.332834099100758
22179,6.6494200679116116
22180,8.410582956984506
22181,5.180912563235895
22182,4.464550099814527
22183,6.449085190452991
22184,6.259266287260861
22185,6.7089500318103035
22186,5.904091939231585
22187,7.951859262234261
22188,7.170821821767413
22189,2.6128982182994367
22190,5.867533564075566
22191,4.421917068960592
22192,5.8208083823990755
22193,6.958218071351363
22194,3.7982640586221605
22195,4.626192971711241
22196,4.766803026748958
22197,6.381655475215191
22198,6.8345358943832295
22199,5.242896439083264
22200,4.962330718125979
22201,5.51041651141799
22202,3.915049385488504
22203,8.884586325829464
22204,5.275852666957061
22205,5.348201825604296
22206,8.000552547324693
22207,2.010376565132713
22208,3.3014266940268024
22209,7.122656097510555
22210,8.174795149474487
22211,9.231641070683246
22212,4.315050555966463
22213,5.942932286032185
22214,5.234043560247082
22215,7.314127280245266
22216,7.218637270317645
22217,5.1431181537581985
22218,5.724305161243
22219,7.9038740729702175
22220,1.4174454558864529
22221,7.429652597181713
22222,4.489611897461758
22223,6.691125085414865
22224,3.423759986682704
22225,4.570912223989281
22226,5.316407715726394
22227,2.9965751960012224
22228,7.288463796122796
22229,5.614636583823151
22230,5.580660798842601
22231,7.695440792115828
22232,6.4741161586559635
22233,8.94678642536135
22234,5.111187668589999
22235,7.297324183317826
22236,1.0843723409081136
22237,1.955733607841238
22238,7.1839875858577384
22239,3.8635034785024462
22240,5.952718126307696
22241,7.370197423482856
22242,5.678039567983687
22243,5.095782853310428
22244,5.120991214525514
22245,7.348829035901825
22246,8.178309591945764
22247,6.178546868261947
22248,8.816477859040377
22249,4.767702886713453
22250,6.101773418473972
22251,3.208688306429854
22252,4.285165667913921
22253,8.785908339769794
22254,8.914713808478771
22255,6.9784875482147
22256,6.5569391236347165
22257,9.16116653879089
22258,6.722733459734318
22259,1.6593975296912697
22260,2.2567750398337836
22261,4.635953958324692
22262,4.354792930863027
22263,7.06942048232845
22264,4.374715472600471
22265,6.832105393017409
22266,4.889102633341379
22267,3.773814808817791
22268,3.188747200039068
22269,4.019766323143
22270,5.836308130165302
22271,3.7762675108562176
22272,7.250801404882923
22273,2.680692466759075
22274,5.374533580039207
22275,6.865691482727112
22276,7.077777717767904
22277,8.638981283600986
22278,6.819805686041524
22279,2.4555276185187367
22280,8.68374382643531
22281,4.494488291228011
22282,4.420550587851868
22283,5.647396972570877
22284,8.788712906846555
22285,6.275939230528806
22286,5.1411121953928935
22287,6.363413699745204
22288,7.605882445080311
22289,9.00831740355336
22290,4.0374604301736055
22291,4.504342687269422
22292,9.49814458217249
22293,6.089511888190084
22294,8.27050800331561
22295,9.966276992995894
22296,3.154892083174676
22297,4.079095886900592
22298,5.620519639825666
22299,6.095002234525944
22300,3.3169032041043045
22301,8.780749259493714
22302,6.099548176041052
22303,5.810647673724443
22304,5.4185688050003735
22305,6.699144164183532
22306,7.673573955103541
22307,6.531116387512062
22308,9.331150226119034
22309,6.1998920293346735
22310,9.415192485507227
22311,4.471027036245981
22312,6.019177216002828
22313,3.2711660411816634
22314,6.465851476599326
22315,5.855150964021961
22316,4.433614511822172
22317,9.12317672736246
22318,2.888984044730636
22319,5.054057237322192
22320,6.106992543296272
22321,4.462808717410766
22322,5.395254790663658
22323,6.229474943664682
22324,7.171060710515963
22325,2.6494925582737143
22326,3.434096437794546
22327,4.1712330641118704
22328,5.854744841679829
22329,6.299198278159985
22330,7.4072486665962955
22331,5.15078048863111
22332,3.984925387439647
22333,7.9844434548380265
22334,9.323044751355392
22335,5.94996322637872
22336,6.194975718176752
22337,6.124073785776622
22338,4.698518225930817
22339,7.66764805952493
22340,9.254840545557116
22341,3.299712876888696
22342,4.540450067993938
22343,6.7396156939678615
22344,5.106433505627695
22345,7.7039335776315605
22346,3.655217333895319
22347,7.941777912146982
22348,5.648356366580031
22349,6.5824987248904
22350,5.870264553232754
22351,3.24172272843354
22352,6.5591367061504915
22353,6.803738863585809
22354,5.675292499914509
22355,5.282315710337278
22356,7.1359018918168085
22357,6.000485812546799
22358,5.61954582192918
22359,6.4283347988264765
22360,5.965489039267699
22361,2.3458670345410866
22362,7.638477219244422
22363,3.8673797078722805
22364,8.734698250687526
22365,7.806428589362858
22366,7.559289431549606
22367,4.970798927842967
22368,4.750364704984088
22369,8.865179301251542
22370,3.1145713066981866
22371,7.163830041050376
22372,7.980557508183336
22373,3.319035075014733
22374,7.570712803765063
22375,4.477395057743955
22376,9.047139286915368
22377,4.694164922495578
22378,3.8875048273526374
22379,8.026903881018974
22380,7.374689083555706
22381,3.3044891908559864
22382,7.665899940289471
22383,8.940186211107118
22384,6.358671002659124
22385,4.615216807329781
22386,7.980765258317123
22387,4.2012821918157135
22388,1.552695164593422
22389,7.318781571562562
22390,3.3093978445608863
22391,4.888603691326562
22392,7.037256907346117
22393,6.7350002856373505
22394,9.496252664652612
22395,6.459655681367777
22396,8.54075979727227
22397,8.355059623535835
22398,7.089867157840124
22399,1.6430246040840024
22400,4.928099962172635
22401,6.869862006736358
22402,8.9934449559993
22403,7.087010479765242
22404,6.8550961734731874
22405,6.639349436149527
22406,8.811509439181068
22407,3.2326666056956954
22408,7.891381030012665
22409,3.6959569897032534
22410,4.837157160969648
22411,2.870428671077659
22412,8.419037174662778
22413,7.943961048742639
22414,7.059078058861948
22415,2.698486431381693
22416,4.819833194542065
22417,8.875412440365812
22418,6.549498439286117
22419,8.35058560880795
22420,5.859325474819547
22421,5.846469896382626
22422,4.507048216838699
22423,4.880657907591152
22424,8.354299850600677
22425,3.8283194873396953
22426,6.675021615211438
22427,8.265637497457647
22428,8.491758718525329
22429,4.049216050655345
22430,7.429974573847909
22431,4.488425565210074
22432,4.566560362166977
22433,3.186015377027556
22434,5.99042656796907
22435,4.885600413340604
22436,7.055916320228591
22437,8.871683915454481
22438,5.374559177412316
22439,1.5182327746424176
22440,5.967891931018725
22441,6.661261945510817
22442,8.924840913296823
22443,8.433546076907373
22444,7.118639203117304
22445,6.14850764916538
22446,4.1144589292561715
22447,2.6893297185176004
22448,8.6074569839195
22449,5.534852609928566
22450,4.50472831990572
22451,7.31601695082721
22452,7.188689536100139
22453,5.221146491821286
22454,4.280979646507711
22455,2.882755373251087
22456,6.605779944495206
22457,6.297980125169618
22458,4.744172409394439
22459,3.761567091978594
22460,7.319954648862009
22461,7.185744001559361
22462,2.9541467654310325
22463,6.67721751944865
22464,6.623735342898437
22465,4.900401248243622
22466,8.596408901556787
22467,4.510222330479117
22468,5.208381500244754
22469,7.844139597611796
22470,6.314992293202469
22471,8.047465267639316
22472,4.9340723223879275
22473,5.022593596554748
22474,7.1259930304094095
22475,2.1269520547484215
22476,8.766077960614448
22477,7.282522755792486
22478,7.5774404446210175
22479,6.916141590926687
22480,4.208406755830599
22481,8.64921382384216
22482,4.547976108874938
22483,6.528290257098703
22484,5.72225298362652
22485,2.4921557341386773
22486,3.3769238884796877
22487,7.305421213768604
22488,3.822701815500535
22489,5.067170652510599
22490,6.246628336640601
22491,6.721951209738249
22492,8.151295808648731
22493,6.834376250766972
22494,5.689157626035064
22495,7.624443668006492
22496,4.165718310408693
22497,8.575582839395336
22498,6.01720119268636
22499,8.445162179792483
22500,6.419533556798929
22501,4.393864540663729
22502,2.823618943564159
22503,8.621249958910237
22504,3.4325854747786964
22505,5.0648429044123215
22506,8.190506420134605
22507,2.7185869954856194
22508,2.519870979264724
22509,5.810062953973044
22510,6.279683129542541
22511,2.3914788775378266
22512,6.97184741230809
22513,4.408399897274821
22514,5.8042106636579085
22515,8.824133351102658
22516,6.068019535933535
22517,4.773044159330224
22518,6.74741782939106
22519,7.825744362287955
22520,7.2817477844737
22521,4.855431773857745
22522,5.824219947628302
22523,9.561014706663535
22524,4.4489189551680015
22525,3.379402583492158
22526,8.0764676707522
22527,5.443581445302339
22528,2.09916023089469
22529,7.376732090152839
22530,4.817602368903603
22531,7.329470301319366
22532,4.515654011603482
22533,5.151913121848811
22534,7.267169843737929
22535,4.422988921904054
22536,4.768467215424643
22537,2.4203186513954407
22538,2.663316193131104
22539,5.030069996764611
22540,7.666018284154916
22541,8.247306403583417
22542,5.596977732310066
22543,6.502022191312872
22544,6.9449048111783025
22545,6.855792504351149
22546,7.2932228984498035
22547,5.88719390313985
22548,5.305031238900831
22549,5.9649379402506
22550,6.114934624328275
22551,6.918649607349142
22552,7.438043102986629
22553,4.291527514761711
22554,7.490856801672548
22555,3.9361713637560904
22556,4.881692389186973
22557,6.181425357390918
22558,7.882251239820685
22559,7.5608382861229435
22560,6.247470479186559
22561,2.53797190547914
22562,6.712187310720292
22563,3.8001308731829586
22564,7.496785159483304
22565,7.100789521811121
22566,4.318467963497792
22567,4.898513525204913
22568,7.749432578952462
22569,9.149507605953898
22570,2.7223760367355165
22571,7.271492286221665
22572,4.1560074493027415
22573,4.63393065737037
22574,6.133726746200477
22575,8.16885964482859
22576,5.502285691874105
22577,3.5901699677282513
22578,6.504009187023477
22579,5.569867778197783
22580,3.7650508433193326
22581,6.243030130797502
22582,6.246122122909055
22583,2.6051261843873643
22584,2.8883269817145028
22585,4.843781686416616
22586,3.7525742637195343
22587,3.6732375832742235
22588,3.3222494702606964
22589,5.3520052084451155
22590,6.087512526051403
22591,9.222355047495967
22592,3.4982425612563626
22593,5.683926952452799
22594,8.053223556434569
22595,7.3282479943502326
22596,6.52178741358361
22597,2.1064408954874305
22598,7.0042043022766896
22599,8.04458774033227
22600,4.72379923129175
22601,2.647051970466438
22602,5.187412726761606
22603,6.938259304473672
22604,8.078508845635454
22605,6.249087046822272
22606,4.717445705061532
22607,6.9184770335452885
22608,2.329687745132776
22609,3.895688913744798
22610,6.281556824903025
22611,9.237074102774127
22612,5.463957733924335
22613,4.426984496423693
22614,2.6095303934250555
22615,4.495942661051731
22616,7.4511519645223565
22617,4.700806362920135
22618,5.709724897949208
22619,8.106844451835872
22620,4.627651513584578
22621,6.957497319293918
22622,7.966957738502809
22623,5.252203641613752
22624,4.470092734328194
22625,6.215951210042225
22626,6.935178755729293
22627,6.091982812646576
22628,8.353952123490506
22629,7.887989391975975
22630,7.0157364873643475
22631,6.2572220097396976
22632,3.0782858676692424
22633,8.50539195725773
22634,9.164530661821896
22635,8.038530190437976
22636,8.098878177582856
22637,8.718580490327167
22638,6.6872398663986
22639,6.481729983719669
22640,3.7650932799761883
22641,6.861742023827517
22642,7.095375887135235
22643,1.1400713204704527
22644,8.064886650757987
22645,5.0822358802877385
22646,6.717356568034787
22647,2.825013278175553
22648,5.220835788428086
22649,7.926799968900152
22650,8.057743645900969
22651,2.2407124579188595
22652,6.875311735513436
22653,5.177431729541258
22654,4.040657292715024
22655,6.598377402771249
22656,7.743785780296088
22657,3.328740222553665
22658,5.061639212029706
22659,5.116877151987417
22660,3.453892349561066
22661,7.065368169613621
22662,6.179682612186295
22663,7.950914123052901
22664,8.132423762738107
22665,7.490483879565954
22666,5.283413763603329
22667,4.803246945019225
22668,7.990336046776967
22669,4.991905247584331
22670,6.235745483483136
22671,7.396838476077738
22672,4.742974680754138
22673,6.151500982830678
22674,8.239840879996857
22675,4.189324123669806
22676,7.411740532829216
22677,4.3108432624439725
22678,5.318521425996271
22679,4.784186143627812
22680,7.03216337168558
22681,2.8319279111685636
22682,4.70914312889783
22683,9.245741721419142
22684,7.555213960691772
22685,6.045450045183431
22686,3.4032055248415105
22687,5.009499451207786
22688,4.091690601905561
22689,5.921452824144108
22690,7.216346336982562
22691,5.049074874808895
22692,4.5961024842104905
22693,4.825146475423885
22694,7.426954104676819
22695,3.063439308912649
22696,5.122309764264908
22697,4.440010657245749
22698,2.253831902305722
22699,4.524560523277988
22700,7.922187885065567
22701,5.205689909217576
22702,6.161828179700494
22703,6.185413170963485
22704,7.185541323599794
22705,4.655316867132921
22706,5.39910667451343
22707,4.646853454798419
22708,4.690532083442639
22709,8.28617798961523
22710,7.85875035105523
22711,4.822040021582624
22712,5.883860343641714
22713,7.073633866298372
22714,4.773016910419934
22715,5.651706369924287
22716,8.047341951859162
22717,2.629830110282972
22718,7.795269369677642
22719,3.4955228574044397
22720,7.8713475418447745
22721,5.715257344335178
22722,6.9434255602011135
22723,4.796621491035117
22724,9.354068398687248
22725,7.060809019776367
22726,5.929105554190507
22727,6.534332436867348
22728,8.554462861503966
22729,1.4625962492595697
22730,6.095655941928369
22731,5.154136741730374
22732,3.7654362700351434
22733,8.49949455433817
22734,8.379255717289528
22735,8.900772976001667
22736,7.297994468913281
22737,6.179210860114642
22738,7.111268255678976
22739,3.88837202932789
22740,4.923644185743323
22741,5.776342342223627
22742,4.706012813967356
22743,7.327344638846278
22744,3.8078498173175097
22745,7.193804054607558
22746,2.35614512288773
22747,6.2208136298189105
22748,8.822029251813005
22749,6.309154735515143
22750,2.968341828138504
22751,6.176033094490256
22752,4.112896526425277
22753,4.986536628315337
22754,4.768577375776056
22755,5.678740452210739
22756,4.266777479095876
22757,6.278756307339616
22758,5.198957089278648
22759,3.896328074869848
22760,8.105317512379294
22761,8.324342467779914
22762,8.370365260519565
22763,8.125491801915972
22764,8.18557836616902
22765,6.400145734003213
22766,5.925934109162061
22767,6.3095128036925265
22768,6.1741689765021555
22769,5.281555810327922
22770,6.631681232713909
22771,4.060273280506982
22772,7.277831050588935
22773,5.4573114891970445
22774,5.080446627335585
22775,6.856239152116103
22776,6.358193241523505
22777,5.349028058499025
22778,7.5623175359480515
22779,9.32209350317087
22780,4.8279218869874265
22781,5.4477727109452445
22782,6.987463822868849
22783,7.467151164585657
22784,4.34238114615126
22785,3.3946687391927703
22786,7.073436781917941
22787,9.581607085419343
22788,4.635992435947763
22789,4.895315421431046
22790,7.047298328022534
22791,8.849897455285632
22792,4.524366085087153
22793,4.428658202424425
22794,6.1891069975708675
22795,9.705446077501724
22796,7.375255903248497
22797,3.9915270093139728
22798,5.794312312126155
22799,6.396233120512996
22800,6.069568974653584
22801,7.728791162921782
22802,6.473111665834802
22803,8.690659448007706
22804,5.941659714621166
22805,9.412664748742753
22806,5.865715563544258
22807,6.922878873403872
22808,5.047322647506782
22809,5.97122081896942
22810,5.004380367356233
22811,4.7715168776297325
22812,5.315698031880842
22813,7.206428518080676
22814,7.171945804105505
22815,7.244225388859552
22816,8.416212677747614
22817,2.913978908508327
22818,2.4369161628196405
22819,4.479874350533033
22820,6.2649214577640615
22821,7.212944558122444
22822,5.620977777642077
22823,7.380146244230156
22824,7.496224638940354
22825,6.230661109680634
22826,8.792708641356985
22827,7.592816611677873
22828,3.322757398420566
22829,5.66421046398859
22830,4.332089190312374
22831,4.114555356179107
22832,5.961200826295688
22833,4.304146230604168
22834,8.00206598070588
22835,6.397320063332478
22836,7.624236924086214
22837,5.099546638665917
22838,6.58506940207023
22839,6.438198707654413
22840,2.676266826099718
22841,2.3995055157431517
22842,8.151226857723536
22843,8.571392105522566
22844,4.990951827582947
22845,7.394149326721129
22846,7.633552998419207
22847,7.115293890616598
22848,2.7921667635167604
22849,8.862708612534297
22850,3.2206966594135533
22851,6.9352766124209335
22852,3.682360610762331
22853,6.400718858779473
22854,4.777191718996618
22855,5.691749493072944
22856,6.0483343805995275
22857,5.053051057109426
22858,5.27431372760581
22859,4.915442187140871
22860,9.31729849407566
22861,3.9339718024151655
22862,6.413712098007577
22863,3.905318694565973
22864,6.236152012342569
22865,8.635050007542814
22866,8.23939032193774
22867,5.370144795739075
22868,8.281549366389871
22869,3.8756367693672584
22870,8.142990507118547
22871,5.745185191779852
22872,5.541748620533588
22873,6.956723870925152
22874,6.634585184019837
22875,4.717449871833592
22876,3.6567726259558504
22877,8.290470795063074
22878,4.010458571705188
22879,5.97686261886317
22880,3.749193337865443
22881,4.124445579255841
22882,3.7396207933089523
22883,4.3204671988939465
22884,5.213596221410902
22885,8.421633140063417
22886,8.813771394571434
22887,4.48479742178503
22888,4.665441460467427
22889,6.075804054902983
22890,6.981198073520895
22891,4.932303775572059
22892,3.9352064936262194
22893,4.596504663456779
22894,5.936250074092523
22895,6.82907669185323
22896,9.162990299123239
22897,5.972325471371251
22898,4.102563749896432
22899,2.6748218467168936
22900,5.279542920055217
22901,2.776615105709301
22902,8.44389197225424
22903,2.3887931622758245
22904,4.010914777899623
22905,7.573767163090337
22906,8.637861098707711
22907,6.551534903129976
22908,7.502851807835933
22909,7.121943481738627
22910,8.746116583735752
22911,7.262552957377448
22912,9.485970458696617
22913,3.4040023386606966
22914,1.945825627156242
22915,5.607490738583902
22916,3.606208098815279
22917,6.123598115507801
22918,4.535598422465542
22919,2.774793995071
22920,8.74490580275448
22921,6.613345850302267
22922,3.347198396129686
22923,6.939889708813324
22924,7.203807645630176
22925,5.563549332779952
22926,2.9944143886336603
22927,5.434574225551588
22928,8.147311868132569
22929,6.941830541678934
22930,7.299401950384263
22931,2.7137849099433984
22932,5.369824433260835
22933,7.177125709386388
22934,7.12814349399746
22935,8.467404019699984
22936,2.4452663740541167
22937,5.45352956062517
22938,5.318486740704515
22939,7.870097543466837
22940,5.3339773707301195
22941,4.322965350515949
22942,8.398663657904585
22943,3.420401143506253
22944,7.281746308118028
22945,5.018637312715831
22946,4.5093230909926545
22947,6.280502554009031
22948,5.523809292611107
22949,4.954162663884619
22950,5.898469717694054
22951,6.754523772808084
22952,4.5428247861245055
22953,5.435181359259552
22954,6.328379285465102
22955,5.223840704425477
22956,2.7114569027854465
22957,2.8250767593624726
22958,6.294411235740061
22959,6.04849760276473
22960,6.903969495719304
22961,6.251850100140246
22962,7.504119927750276
22963,3.2969080197258083
22964,4.220448605713979
22965,5.470745093030986
22966,4.238734187411166
22967,4.347040707868681
22968,4.124800474501993
22969,2.4785161615888547
22970,3.0311718845923687
22971,9.636154924054637
22972,6.0443537799552525
22973,4.7642261287117265
22974,7.766723801019142
22975,5.201789180532882
22976,1.981344538915817
22977,3.9511996059175756
22978,6.111755271324693
22979,4.480746013795069
22980,7.768044777560892
22981,7.288973613470391
22982,6.903630663738382
22983,6.130830012183141
22984,6.790631485535398
22985,5.515864182722897
22986,6.360047251317383
22987,8.716456680883164
22988,9.485975292987863
22989,5.994094763066456
22990,5.466305310466257
22991,7.43240243017465
22992,3.575793442818231
22993,8.16483017137256
22994,3.3257657758604484
22995,4.617680882843658
22996,3.3776564134587317
22997,7.3199021563091975
22998,2.857053899114985
22999,6.546772780734577
23000,2.0702521457753194
23001,6.9838778139945275
23002,7.9246524798004865
23003,6.0591133931730194
23004,9.196906481905248
23005,6.456189286724599
23006,2.4004165113472213
23007,8.715303731171389
23008,5.111966462591324
23009,8.450711199509758
23010,5.62170488031036
23011,5.427031987369109
23012,5.045715439598121
23013,6.035780173166011
23014,7.768575229764086
23015,3.3105788981658377
23016,6.8959148687972665
23017,4.78162856025784
23018,3.7107580368981434
23019,8.531309994258573
23020,6.319758417329384
23021,5.653377546060343
23022,4.790736255812404
23023,5.960851290828499
23024,4.932301377659074
23025,3.5700191260901444
23026,4.627083466584191
23027,4.208900680676704
23028,6.308369442653198
23029,5.1900288821029035
23030,6.765414360098811
23031,5.753043878009574
23032,5.602179535910832
23033,4.264457824732876
23034,8.413264680287261
23035,5.356369027726432
23036,5.5672193875834886
23037,5.3173754761938055
23038,7.589572723136694
23039,4.91304191936948
23040,6.004062110656862
23041,2.679785191070348
23042,6.221914921276817
23043,5.512740417477199
23044,5.795643039241558
23045,2.6648804216397544
23046,6.550028646669415
23047,8.121757623494664
23048,3.1439028158480404
23049,4.711709670103877
23050,6.418759834487478
23051,9.85910813960839
23052,4.081749737738582
23053,4.922517183824581
23054,6.506112241877813
23055,5.85137967504968
23056,8.080380779004688
23057,5.895309603447837
23058,8.83474797958758
23059,7.418364802489628
23060,8.287102040738311
23061,5.606271058680996
23062,6.701696970475478
23063,4.244527241766399
23064,6.545197777866521
23065,6.730497354313977
23066,3.770675036774758
23067,6.145821019905769
23068,3.7252389987314185
23069,6.9088210813116335
23070,3.6163729284652235
23071,5.574231477651826
23072,8.425383051071988
23073,5.529300689719842
23074,7.525564065949505
23075,5.62043598128197
23076,5.641931444219103
23077,7.954184561081004
23078,7.057843045359369
23079,3.4287112522542706
23080,8.475950038125363
23081,7.578118001852083
23082,6.64414183853191
23083,6.575692163102893
23084,7.145658460499938
23085,5.793158690965278
23086,5.547264544193811
23087,8.671203460715741
23088,7.465639592697345
23089,7.325082361180787
23090,5.2552439770145165
23091,6.226255031513046
23092,4.8908437459666985
23093,6.533960118233595
23094,7.309354887516731
23095,5.958041351398851
23096,8.622416102546406
23097,5.172773229727339
23098,5.302279614740861
23099,8.371184032140293
23100,6.5385635131036475
23101,7.595308178687908
23102,1.2280956931970781
23103,8.099031196484457
23104,5.393325576354215
23105,5.59403294827602
23106,5.283299850119669
23107,4.781598659794185
23108,8.769909441675477
23109,5.363811255980881
23110,2.904438325096423
23111,3.726466596326638
23112,7.205041989178277
23113,4.34976344880857
23114,7.070845077344851
23115,8.227949444943363
23116,0.833691778338828
23117,6.778183166146764
23118,6.775986312537244
23119,7.637703803879837
23120,8.842274670829823
23121,6.825812529907884
23122,8.103818744178525
23123,7.738303511642354
23124,5.010096894664018
23125,7.235042674535174
23126,7.86230998267179
23127,5.103509269751829
23128,7.747051929452259
23129,6.178163165371775
23130,3.478340244573861
23131,5.573069777162437
23132,7.567303389197346
23133,5.223226671933476
23134,6.24241672471608
23135,5.6301085327026446
23136,8.220732041829912
23137,5.287842886318209
23138,3.9989912924998796
23139,8.33037700245891
23140,6.50858493351668
23141,5.667857070803947
23142,4.618198086884321
23143,4.142264960623816
23144,5.163264125886982
23145,5.224005970737563
23146,7.4001087579526175
23147,6.702772028801514
23148,4.231208127517135
23149,7.068976895225183
23150,7.239739948422869
23151,7.042973624702423
23152,5.780899625313078
23153,4.459605221632083
23154,5.0465961419445
23155,3.6007403986315243
23156,0.8540218969436503
23157,5.845170370659112
23158,5.752767552564759
23159,4.201368227065957
23160,6.9010345957170225
23161,6.162669024749925
23162,2.2527774047933953
23163,7.570328903877063
23164,3.680466425723864
23165,6.117750062513608
23166,8.634182776328949
23167,8.613349609375666
23168,7.383435851145101
23169,7.107373909133895
23170,6.628669891317796
23171,2.9857654897314942
23172,8.065735874690912
23173,7.16460079032656
23174,1.037472491996461
23175,5.576760897423787
23176,6.136162332080948
23177,7.576895630176473
23178,8.933931556353613
23179,6.964152299519421
23180,9.367892154645409
23181,5.884949186773984
23182,4.4518026216072615
23183,5.07076676682812
23184,8.35858251479632
23185,7.4500065080421916
23186,6.903357346886709
23187,7.284740737830711
23188,3.437221478184079
23189,5.458001568187296
23190,7.290469555176343
23191,7.806403534680744
23192,5.716571811714374
23193,8.536166358281415
23194,6.039986092527447
23195,6.429389858644893
23196,3.949426889683551
23197,3.854557452790795
23198,6.859967500838863
23199,6.6151663159208045
23200,5.525542446283526
23201,7.409953716926644
23202,4.474814986068819
23203,6.052107090362211
23204,7.457512518040133
23205,5.845941109680518
23206,5.360468854222319
23207,5.836182156627807
23208,2.387297679584557
23209,5.100984219040574
23210,1.633675434490481
23211,4.013850692453293
23212,6.821418292918473
23213,3.1887483480456558
23214,7.729791964062266
23215,5.39462416961514
23216,6.930508975098184
23217,2.837847126084498
23218,6.753859464790143
23219,6.597757242897936
23220,4.683749861047476
23221,4.763275092701996
23222,4.054702836205064
23223,4.1263185805278155
23224,5.112877632004266
23225,7.225077920296474
23226,7.521711617885929
23227,6.3649597403296125
23228,7.836308506372568
23229,6.8540836755533965
23230,5.916755436374906
23231,6.440496681317497
23232,7.049347838570359
23233,6.559716571936329
23234,4.656984303237425
23235,4.009793823808453
23236,6.525443650742115
23237,4.824025542074999
23238,6.825193734264495
23239,7.106806944498529
23240,2.3412068485067206
23241,5.566958911248423
23242,4.758435325726587
23243,4.37183500556388
23244,5.9062517802865955
23245,6.160491891652847
23246,5.99428986168654
23247,5.9896408561187435
23248,6.883317303492184
23249,3.919187668674377
23250,4.538024998391552
23251,6.345497150360217
23252,5.859306070835867
23253,5.222904941266344
23254,1.8673961351260275
23255,8.551863806266212
23256,8.126688921949096
23257,4.317607391286664
23258,3.2802481057024373
23259,8.902064893964994
23260,8.753018136449773
23261,6.064705013315001
23262,1.3689078372939756
23263,8.00462078969612
23264,7.456666433241206
23265,5.315284914243163
23266,6.997305137839408
23267,5.695731375400315
23268,5.999139522660606
23269,8.907804458821346
23270,6.93890196343423
23271,5.672546875130806
23272,5.962227489284646
23273,7.842122393640281
23274,6.8998333946235775
23275,8.100520815777335
23276,7.652837541096948
23277,3.5222814518217356
23278,3.653778247125067
23279,5.036416477099891
23280,6.222519502032675
23281,4.735840173575996
23282,6.5309860218148135
23283,5.039627097081447
23284,4.517333989231853
23285,6.13678961313531
23286,4.984642071243759
23287,5.461220566077975
23288,4.12069134242652
23289,7.2407463848726215
23290,7.494471464048225
23291,6.81906582968109
23292,5.6912126936554595
23293,5.876915805124978
23294,7.995303727224553
23295,6.461126229939642
23296,9.554464672291441
23297,7.098815750917569
23298,7.7713888338740835
23299,7.162390142799252
23300,5.485619053796599
23301,4.694900345556761
23302,7.525099561969555
23303,8.278642410534843
23304,5.5191518756340825
23305,4.923230282043264
23306,6.343588853014048
23307,8.371891208339438
23308,8.705149360492667
23309,5.373270124599374
23310,6.4224198983789105
23311,5.262827981766314
23312,7.782938460884585
23313,4.124914431595382
23314,6.302853258450643
23315,5.461708740638916
23316,9.03081653582749
23317,4.995989809531592
23318,8.944018439303798
23319,6.7755045417716095
23320,2.484335860740276
23321,4.095412029348903
23322,7.992132817054611
23323,6.637791225358567
23324,7.595160232098121
23325,7.575055352581774
23326,6.941491126386581
23327,3.932239720729099
23328,6.0186644811284875
23329,4.962889861184135
23330,9.642708815606257
23331,5.6786383374093825
23332,7.170270132145499
23333,4.983050503616564
23334,5.242729153714647
23335,3.7955863213711054
23336,3.2657604234572513
23337,5.346573674812952
23338,5.827799322360725
23339,8.037102670858223
23340,7.51160716287637
23341,8.777032129170838
23342,4.813817160774761
23343,6.033333649097751
23344,6.1895763538171495
23345,7.847357581495774
23346,6.929223635887683
23347,2.9191840860972005
23348,3.8756103088493
23349,2.088246598272762
23350,5.277777638096292
23351,5.925658222840995
23352,6.917978006296817
23353,4.722788774896486
23354,4.084371071883328
23355,8.744519073025092
23356,6.215244414742411
23357,7.0214744615533915
23358,9.515253384031324
23359,5.477814635034727
23360,5.4466251164991215
23361,7.417448343438078
23362,7.82363639696841
23363,3.30426414475562
23364,4.305308249706353
23365,4.1961255017237455
23366,7.186835726088709
23367,5.60850107880173
23368,6.435422139306719
23369,4.714692833630044
23370,4.125289833137897
23371,3.510120757933188
23372,6.0916133284046765
23373,9.107605481426454
23374,4.284584462303023
23375,4.745981930365261
23376,8.72458627112116
23377,4.525649649958101
23378,3.3980309726115885
23379,6.608217354271756
23380,4.101938263920073
23381,6.809600719457341
23382,4.551599612278125
23383,5.2901944572570105
23384,7.492903590149618
23385,3.8764521233372955
23386,3.697786901538139
23387,4.317726316975102
23388,3.51568118210594
23389,2.3901198393242358
23390,4.816093962170351
23391,7.318037713292199
23392,2.3907677487253025
23393,7.5522969117609575
23394,6.719020611896003
23395,3.8077584260713975
23396,6.256447195876785
23397,5.962230785516999
23398,1.4593003742229602
23399,5.789926923263314
23400,9.170926156584908
23401,1.6009014826865016
23402,6.446350817619517
23403,5.192362478396573
23404,5.9320449359352
23405,4.672182606066439
23406,9.098240105312712
23407,9.059277699179491
23408,4.847029547577808
23409,2.7436482590039155
23410,9.062775990381148
23411,6.117598988986278
23412,4.983917705061735
23413,8.095507540677929
23414,1.8683064794174054
23415,7.462009095632594
23416,5.997152302771748
23417,6.009466983060612
23418,6.390462662374547
23419,3.7542467148381387
23420,6.825288359055018
23421,3.706463445446685
23422,7.2508839058150425
23423,7.416283949285545
23424,7.827409081754539
23425,6.7412505345980955
23426,7.919742813129865
23427,9.32900999259741
23428,2.2390401406051903
23429,2.8883138564309103
23430,7.3504350118622135
23431,5.219486005811471
23432,7.726170964132731
23433,3.217747121577096
23434,5.456572417260504
23435,6.197013712318823
23436,7.99625703420633
23437,8.540932843056781
23438,4.200286820849048
23439,2.619155103598616
23440,2.52000959590924
23441,4.460596254802208
23442,3.9629103925493165
23443,5.8586645868840135
23444,5.035356986502055
23445,7.860411833703747
23446,7.405672719580742
23447,6.726234849716567
23448,3.7611138710871117
23449,6.389660188372833
23450,7.397493839361801
23451,4.073629279122619
23452,7.134593099599172
23453,4.348574819256912
23454,8.174043541419948
23455,3.8460614969530864
23456,6.6562289513682895
23457,6.6211911962959675
23458,4.2259234701570545
23459,2.1159049915658894
23460,3.519227954421265
23461,8.95979002070898
23462,7.679451095021027
23463,6.624998695200663
23464,7.415973022166229
23465,5.8537820447103925
23466,8.06012964200275
23467,9.27152306757124
23468,5.733138786170457
23469,4.756407735459971
23470,8.083043528254931
23471,5.191482049545636
23472,5.436734588847912
23473,8.312072773814068
23474,5.708094048440384
23475,4.333882412312235
23476,2.044802324338424
23477,6.598519884251232
23478,6.541193920950938
23479,3.591389959709785
23480,6.405347880944512
23481,3.900261395463434
23482,9.319168494415122
23483,5.680871543500386
23484,7.80146852669202
23485,7.5065839569407515
23486,7.723690408378741
23487,6.683598119895218
23488,8.829766078994998
23489,4.695473901346781
23490,3.99073490941845
23491,4.083926609172029
23492,4.780042120041956
23493,8.344520710849729
23494,3.387399867288594
23495,4.950568009079319
23496,6.968731131904624
23497,3.686614328340198
23498,3.8191721928432174
23499,5.520656081410335
23500,2.5554922306754815
23501,7.310685780446033
23502,10.000012512270967
23503,6.975521508739452
23504,6.609136910439751
23505,8.233114405981048
23506,6.704617832051438
23507,6.229665514552012
23508,7.706328444950876
23509,10.001341923862718
23510,4.191094939181711
23511,6.765296970760862
23512,4.5776418023583325
23513,4.352627383451397
23514,6.517122651097875
23515,2.6861839464139456
23516,8.392785565925324
23517,6.537538413276946
23518,5.034401966202875
23519,4.701547199788081
23520,6.442865429777595
23521,8.193722220257612
23522,7.200644556077885
23523,6.222385926363292
23524,5.839976619467779
23525,3.7924241076478777
23526,7.858556282163447
23527,1.5510389390642763
23528,3.358778867735966
23529,8.393104511007152
23530,9.121698362686153
23531,3.858808290650118
23532,4.876355377459603
23533,6.781992814738003
23534,6.379839116923994
23535,5.718281639414697
23536,6.6094806953697
23537,2.1038464648226296
23538,7.361734854424443
23539,2.1684072482301255
23540,4.80358634600643
23541,4.2895591943689295
23542,2.940419619553619
23543,4.90517848814361
23544,4.496261152255519
23545,6.191146024491583
23546,2.99543124726484
23547,8.98890607456731
23548,6.422505281918879
23549,6.4444185124569975
23550,6.507606278033485
23551,5.4613444865912735
23552,5.856359252555771
23553,5.385599053266812
23554,2.878819916310891
23555,5.485848441658548
23556,7.051698118752614
23557,6.99618571557315
23558,4.220048000197515
23559,9.000314713934815
23560,6.795116208942034
23561,9.03889055815867
23562,5.515533014636113
23563,7.435174952838064
23564,4.618614369040687
23565,5.132281568063597
23566,5.676068882454319
23567,4.195659891612076
23568,5.493007960225148
23569,2.8335965236930223
23570,7.315589548172145
23571,5.674961480731264
23572,4.882729617980991
23573,3.9516760353614457
23574,4.584135012269954
23575,4.759594655345627
23576,6.570319085616518
23577,6.8509895478727
23578,2.771371974447962
23579,6.955801456152555
23580,4.3705827766135465
23581,4.608728627074546
23582,6.209922898597825
23583,5.75405910274773
23584,6.521436432468572
23585,4.578947698617211
23586,2.8841027315291248
23587,5.457882160548306
23588,3.7503221780996108
23589,4.892738009825365
23590,9.36648623002192
23591,6.149988992856583
23592,4.451124375460323
23593,4.8936398411643065
23594,3.403337481155498
23595,7.190156302902066
23596,3.275040723916174
23597,2.1157314548829342
23598,7.830720322055447
23599,3.111523022569356
23600,3.0795656926065553
23601,7.4677964309309495
23602,6.642432646795051
23603,5.775623155630287
23604,1.978757753858629
23605,9.88808202377176
23606,4.32229705166817
23607,5.17995663943186
23608,7.311283601932913
23609,8.509327112666162
23610,1.8040965648348155
23611,2.5184869227664177
23612,3.45891904750712
23613,7.481140492630535
23614,6.485524078149211
23615,2.657284382957844
23616,6.539762935754196
23617,6.712569278299505
23618,6.068865125118317
23619,2.4634097938274317
23620,5.2234724606407035
23621,5.213314366951121
23622,6.485890936748527
23623,7.0807027293872675
23624,5.10471891618293
23625,9.05407006808054
23626,6.382317569576083
23627,7.127404092276901
23628,0.8891070712111765
23629,8.998436022263027
23630,5.852712689944937
23631,7.0654873196357135
23632,4.577107863485521
23633,7.58847584753993
23634,6.348568311620047
23635,4.475612309518943
23636,5.390175794934206
23637,5.685652759177495
23638,7.447156028114886
23639,9.499487101121082
23640,4.614969955843115
23641,8.63151675319502
23642,4.716770195098379
23643,4.653557906273238
23644,7.831430378726037
23645,7.407404903178884
23646,2.0292873990878206
23647,5.848589660907878
23648,6.293729740614735
23649,5.369190609054275
23650,6.9189838520955345
23651,7.43708324830453
23652,7.085455922303874
23653,6.042474257436844
23654,4.705263588549927
23655,7.006398831744432
23656,6.731348362243018
23657,5.167875854612551
23658,6.206641282121748
23659,5.382813117425679
23660,6.471485656225064
23661,6.802409453450355
23662,6.675093597021643
23663,5.351348055002929
23664,3.1627754901500555
23665,7.3170484683225245
23666,6.401888824254512
23667,8.622419880085202
23668,7.1395511376170795
23669,6.855057690780056
23670,4.751388518470649
23671,5.967292533214655
23672,9.095353470987057
23673,6.952337971677635
23674,6.438069029948194
23675,4.8101805614259945
23676,6.248019270921093
23677,7.887179790543879
23678,6.209363592981162
23679,10.369310969558795
23680,3.903237498727306
23681,6.020847316751751
23682,7.116033280432474
23683,5.85714843593202
23684,4.4930672189015795
23685,4.77103972279683
23686,8.317845255945375
23687,4.462133993808949
23688,6.4824797560476135
23689,6.947656049565097
23690,2.527995202160466
23691,5.954344344347811
23692,4.036095496701891
23693,9.666827900878797
23694,6.002856530669353
23695,2.4597713828409336
23696,3.8925440765799544
23697,8.374254951451245
23698,7.3444920652028225
23699,3.6740612129473504
23700,6.733785872936884
23701,4.887226311156181
23702,4.853043144968345
23703,7.923036180916776
23704,6.680823045907195
23705,7.321866856654472
23706,5.738873298630956
23707,7.198682411988205
23708,6.262433159929837
23709,6.9365048629070305
23710,5.430580296974679
23711,1.6207450053474324
23712,6.853228883179706
23713,5.835191904849317
23714,8.042502337653817
23715,2.9115883066490986
23716,3.4967003673205928
23717,8.592261914474351
23718,5.004517706714856
23719,7.63273627232028
23720,5.5161061184804625
23721,2.954248626793393
23722,1.3769051392673652
23723,5.246540613758003
23724,4.742790743598536
23725,4.669150910336782
23726,5.9189792693845895
23727,5.4149953573866965
23728,7.049127966745854
23729,9.060698067358555
23730,1.478273291874028
23731,4.008874248998893
23732,6.029090166637899
23733,6.2989957516008355
23734,8.758683622873948
23735,6.235015813696156
23736,3.2924556483603293
23737,7.562112473364088
23738,4.818140955065929
23739,8.98256007746593
23740,9.021570861649725
23741,2.556789207709706
23742,4.167591696543016
23743,4.8558377800586365
23744,7.599262064329454
23745,7.80023013290707
23746,1.9974509164498304
23747,8.165934426464986
23748,7.698365212365996
23749,7.8054392139563475
23750,5.070449960631327
23751,4.436399892420962
23752,6.0426188934441605
23753,8.110330777426826
23754,6.560272229820227
23755,7.280788200847241
23756,3.7849665289790115
23757,4.083277136083688
23758,4.775854509952725
23759,5.4982677740835495
23760,7.77101345509285
23761,3.1653298557524603
23762,5.091044036178819
23763,4.79133307704404
23764,7.946817394806003
23765,4.964512468236306
23766,1.9127287715510712
23767,6.373600979509152
23768,4.3880734606015865
23769,4.88857330726212
23770,2.8168874929908645
23771,6.58323893219126
23772,4.116899100939707
23773,9.659352196934359
23774,7.5850592013000036
23775,7.406340700816836
23776,5.71963510286442
23777,8.207877883509935
23778,5.676972172459075
23779,3.402402564969821
23780,2.9146437813205215
23781,2.868621638881275
23782,3.15849500539281
23783,6.76204744056819
23784,5.3232965684338645
23785,6.8453482881435335
23786,7.308458098627958
23787,7.88451989564665
23788,6.898435340960616
23789,6.643288483761594
23790,3.417382825867303
23791,3.0758406749624476
23792,7.11582137114223
23793,6.250767479701076
23794,6.612641960663139
23795,3.558208632133172
23796,5.527648446869324
23797,7.064388062982792
23798,5.971838151428324
23799,7.513824768045552
23800,2.686796432601572
23801,6.967673854186966
23802,6.447749128700879
23803,4.881761486049014
23804,5.101573798721165
23805,6.449851409185133
23806,6.050696127928464
23807,7.4693490228348045
23808,3.0337379694038518
23809,1.1872928637365474
23810,3.8188298115688957
23811,4.792265456863435
23812,2.649066052394516
23813,1.9916546844727536
23814,6.676238893208404
23815,5.7303531254235445
23816,3.6821997335933565
23817,3.993297836411761
23818,5.8424941757329085
23819,8.680256403278854
23820,8.938166804195776
23821,7.9754313519778774
23822,5.785884829631099
23823,6.999922922031529
23824,7.892101480163838
23825,6.440930813737223
23826,6.260167713734967
23827,3.8707681163100682
23828,7.58496574055615
23829,4.363835635980506
23830,6.590919417453871
23831,0.47432436923096816
23832,3.5472034565386874
23833,1.728983211855962
23834,8.306004676180452
23835,2.5041540615916906
23836,5.826783170022035
23837,5.521762336931047
23838,3.286789602954105
23839,5.149519908040582
23840,2.5293199880545014
23841,4.974562976611467
23842,6.331398611333048
23843,7.327483330603832
23844,2.163778471390884
23845,4.195171863004118
23846,3.904982655658913
23847,8.940409194179928
23848,3.662461909233411
23849,7.70758243788808
23850,7.543859894113904
23851,4.997120865615685
23852,7.39554292358557
23853,8.894626065679633
23854,3.9447838811584264
23855,6.955978996171559
23856,7.400966982691663
23857,6.03263250648307
23858,3.0483468261313096
23859,9.243188536738824
23860,4.872790279669543
23861,8.347944447495934
23862,7.7213733253346355
23863,8.20877042084043
23864,2.223043247253235
23865,7.400369385970733
23866,4.046346697174988
23867,4.0880530758510165
23868,3.786236410868048
23869,5.529022031960545
23870,4.562863447878605
23871,10.448091905732563
23872,6.168951753274168
23873,4.643117819855983
23874,4.015492845216918
23875,6.690236542208568
23876,9.383892463589547
23877,6.68353590169845
23878,7.446913449896732
23879,5.118721635105153
23880,6.484804222047521
23881,1.1577791155601427
23882,7.789753579067136
23883,2.3119938968172713
23884,5.2125432422351015
23885,4.03457343203712
23886,7.2879638747711075
23887,6.257026910620956
23888,5.781454145475002
23889,4.830304843036519
23890,8.568994149073294
23891,6.976542224893224
23892,5.860936831812998
23893,6.032165211018805
23894,3.210169016398048
23895,4.3819609540988615
23896,3.461245125072568
23897,6.758965399973547
23898,7.416506475473881
23899,2.722418729821109
23900,2.2806878588748107
23901,6.836656174698308
23902,5.387036508033193
23903,6.697802537735392
23904,6.5075281986239855
23905,8.25402331143009
23906,7.616192695218504
23907,6.9552336462342215
23908,3.678208179086905
23909,7.107351670935402
23910,7.275259638992526
23911,6.236567120734146
23912,7.269352732804496
23913,6.02454328837707
23914,5.893981280218605
23915,8.426623245921306
23916,5.471469298685287
23917,2.963585997802491
23918,4.9339785785674835
23919,4.045958132935949
23920,8.769022084398772
23921,7.517188878774176
23922,1.2133274248389971
23923,5.264748401117654
23924,6.579060057869968
23925,3.888219543549458
23926,6.77866847182859
23927,8.172746444176791
23928,1.1151536750646518
23929,5.097260030495196
23930,4.042725818423759
23931,3.2991598598589844
23932,5.122856948142273
23933,6.169470280708089
23934,5.996373723667244
23935,5.752460279433896
23936,3.700350548174157
23937,5.347162423298524
23938,4.76614811777964
23939,2.5463532781137617
23940,5.773756556629406
23941,5.4934515785366855
23942,3.8212525681480995
23943,8.392850506352062
23944,7.3041220204960675
23945,5.737321188863405
23946,8.682304285812473
23947,4.9813588793248424
23948,4.276964252291
23949,4.912986013319916
23950,6.718208399933534
23951,5.160253768972861
23952,6.887495787078124
23953,5.5837018542815215
23954,8.080451098599426
23955,2.0310777803736673
23956,2.660901028672698
23957,3.9148436537261366
23958,8.082280265739731
23959,10.018877780624084
23960,5.00176192679837
23961,6.160955072317382
23962,4.916243598620696
23963,4.173721211813365
23964,5.775782794924456
23965,4.5557566767235445
23966,1.8036855382218302
23967,6.331814201472664
23968,6.697346711811152
23969,5.773516064467632
23970,4.777730929152144
23971,6.838260695162327
23972,2.8505863019850533
23973,7.495385344116727
23974,7.38349512676503
23975,8.56264616553199
23976,5.2940234921088685
23977,8.334476235769815
23978,7.4864064819396035
23979,8.455025762116614
23980,3.7238950204242993
23981,8.714156725495368
23982,7.087427434427736
23983,5.175029408062226
23984,5.0204749577253
23985,8.027808957748277
23986,6.169239435931638
23987,7.055014200263033
23988,6.287762195183644
23989,4.928579728091339
23990,3.7704008534299795
23991,6.335999171304499
23992,4.20378037025239
23993,8.791708871655539
23994,5.195843522682196
23995,6.407341040627628
23996,3.4392100274762143
23997,3.6838347615741767
23998,5.297764040122438
23999,5.125761419841134
24000,3.287738354615564
